{"type": "FeatureCollection", "features": [{"type": "Feature", "geometry": {"type": "Polygon", "coordinates": [[[-111.1522791, 45.0571406], [-111.1504171, 45.0577918], [-111.1499373, 45.0580412], [-111.148907, 45.0585771], [-111.148431, 45.0589235], [-111.1480817, 45.0591777], [-111.1478162, 45.0593709], [-111.1469559, 45.0598517], [-111.146067, 45.0610239], [-111.1455122, 45.0615184], [-111.1449586, 45.0618506], [-111.1434166, 45.0618798], [-111.1428311, 45.0614504], [-111.1424658, 45.061421], [-111.1420494, 45.0615014], [-111.1402711, 45.061314], [-111.1401406, 45.0611522], [-111.1400088, 45.0609889], [-111.1381374, 45.0611761], [-111.1375759, 45.0612922], [-111.1365948, 45.0612469], [-111.134734, 45.0616258], [-111.1348103, 45.0621643], [-111.1351696, 45.0629608], [-111.1352149, 45.0631756], [-111.1361631, 45.0646198], [-111.136158, 45.0646613], [-111.1358646, 45.0670189], [-111.1359694, 45.0672345], [-111.1365195, 45.0670162], [-111.1373863, 45.0668227], [-111.1375123, 45.0670618], [-111.1375623, 45.0676036], [-111.1381325, 45.0676533], [-111.1378858, 45.0680805], [-111.1389383, 45.0686483], [-111.1387171, 45.0687388], [-111.1385663, 45.0689706], [-111.1388206, 45.0690462], [-111.1386966, 45.0693524], [-111.1386297, 45.0695177], [-111.1389579, 45.0700342], [-111.1393421, 45.0704024], [-111.140408, 45.0715346], [-111.1409446, 45.0725267], [-111.1409433, 45.0726155], [-111.1409045, 45.0731161], [-111.1405248, 45.0737274], [-111.1411069, 45.0740058], [-111.1412539, 45.0744573], [-111.1411032, 45.0748296], [-111.1409533, 45.0758378], [-111.1409351, 45.0759602], [-111.1405708, 45.0762009], [-111.1407051, 45.0765276], [-111.1415763, 45.0769522], [-111.1400899, 45.0781429], [-111.1383641, 45.0803039], [-111.1379945, 45.0804977], [-111.1377481, 45.0806269], [-111.1370857, 45.0815783], [-111.1365839, 45.0822992], [-111.1353694, 45.0831019], [-111.1321765, 45.0836056], [-111.1314168, 45.0839041], [-111.1300644, 45.085483], [-111.1298856, 45.0859475], [-111.1297014, 45.086426], [-111.1299363, 45.0869238], [-111.1298865, 45.0871013], [-111.1301461, 45.0883882], [-111.1309951, 45.0887183], [-111.131603, 45.0893689], [-111.1328753, 45.0897612], [-111.133916, 45.0898292], [-111.1343859, 45.090756], [-111.1339232, 45.0912158], [-111.1339241, 45.0926244], [-111.1334989, 45.093102], [-111.1331807, 45.0939299], [-111.1314651, 45.0952019], [-111.1305134, 45.0964855], [-111.1310092, 45.0976334], [-111.1320944, 45.0985101], [-111.1315862, 45.1001734], [-111.131982, 45.1011834], [-111.1314679, 45.1013108], [-111.1309855, 45.1013276], [-111.1301754, 45.1012711], [-111.1295267, 45.1009851], [-111.1284187, 45.1004987], [-111.1279331, 45.1006714], [-111.1279289, 45.1006804], [-111.1278525, 45.1008435], [-111.1274214, 45.1012456], [-111.127071, 45.1015519], [-111.1270454, 45.1015654], [-111.1264508, 45.1018777], [-111.1257222, 45.1020888], [-111.1245619, 45.1024152], [-111.1233202, 45.1025695], [-111.1227807, 45.1027996], [-111.1223489, 45.1028956], [-111.1212417, 45.1027821], [-111.1201882, 45.1025537], [-111.118405, 45.101982], [-111.1176214, 45.1017151], [-111.1169465, 45.1017349], [-111.1165155, 45.1022325], [-111.1161117, 45.1028544], [-111.1158702, 45.1036004], [-111.115304, 45.1039834], [-111.1149267, 45.1043471], [-111.1146847, 45.1048445], [-111.1142264, 45.1052274], [-111.1139301, 45.105591], [-111.113742, 45.1060501], [-111.1133924, 45.1067388], [-111.1132039, 45.1070259], [-111.1130421, 45.1071216], [-111.1120707, 45.1074859], [-111.1104776, 45.1075257], [-111.1094789, 45.107737], [-111.1084257, 45.1076615], [-111.1075199, 45.1077265], [-111.1073457, 45.107739], [-111.1065356, 45.1077016], [-111.1061578, 45.1078549], [-111.1059421, 45.1080463], [-111.1055645, 45.1082761], [-111.1049707, 45.1084105], [-111.1044039, 45.1085449], [-111.1036485, 45.1089567], [-111.1029459, 45.1086705], [-111.1021346, 45.1079638], [-111.1013776, 45.107429], [-111.1008097, 45.1069706], [-111.1002688, 45.1064548], [-111.0992416, 45.1058247], [-111.0986738, 45.1053662], [-111.0979163, 45.1044968], [-111.0972671, 45.1038473], [-111.0965373, 45.1033507], [-111.095997, 45.1031791], [-111.095619, 45.1032176], [-111.0945658, 45.1030847], [-111.093188, 45.1026269], [-111.0927017, 45.1024552], [-111.0922158, 45.1024938], [-111.0905151, 45.1026864], [-111.0893813, 45.1028212], [-111.0884904, 45.1029366], [-111.0878154, 45.102918], [-111.0870979, 45.102775], [-111.086573, 45.1026704], [-111.0858707, 45.1024892], [-111.0853573, 45.1021837], [-111.0848025, 45.1017636], [-111.0846004, 45.1016106], [-111.0841679, 45.1012093], [-111.0835189, 45.1005406], [-111.0831937, 45.0997377], [-111.0831119, 45.099145], [-111.0831107, 45.0983418], [-111.0831639, 45.0977682], [-111.0830823, 45.0973667], [-111.0825958, 45.0969846], [-111.0820551, 45.0964687], [-111.0815952, 45.0957902], [-111.0812702, 45.0950638], [-111.0807298, 45.0947008], [-111.0797571, 45.0940896], [-111.0794057, 45.0938031], [-111.0790278, 45.0938224], [-111.0786768, 45.0937844], [-111.0773539, 45.093728], [-111.0767868, 45.0935563], [-111.0765164, 45.0932505], [-111.0761916, 45.0926388], [-111.0753537, 45.0918171], [-111.074678, 45.0912057], [-111.0744614, 45.0906895], [-111.0740291, 45.0904221], [-111.0736237, 45.0900208], [-111.0737849, 45.0894471], [-111.0740542, 45.0889402], [-111.0741612, 45.0881943], [-111.0741335, 45.0876207], [-111.0739216, 45.0872215], [-111.07389, 45.0871619], [-111.0733765, 45.0867033], [-111.0728082, 45.0855373], [-111.0724832, 45.0846961], [-111.0723205, 45.0840461], [-111.0722387, 45.083396], [-111.0717287, 45.0827412], [-111.0712967, 45.0821523], [-111.0707411, 45.0811053], [-111.070555, 45.0800035], [-111.0704617, 45.0793053], [-111.0705837, 45.0783452], [-111.0707675, 45.0774941], [-111.0705201, 45.0766869], [-111.070057, 45.0757272], [-111.0691938, 45.074964], [-111.0688241, 45.0748333], [-111.0679617, 45.0747247], [-111.0669452, 45.0744635], [-111.0667059, 45.0744165], [-111.0658364, 45.0742459], [-111.0656205, 45.0739406], [-111.0654968, 45.0735043], [-111.0650036, 45.0730354], [-111.0646645, 45.072752], [-111.0645306, 45.0726353], [-111.0642638, 45.0724031], [-111.0636166, 45.0718798], [-111.063339, 45.0714653], [-111.0628138, 45.0699601], [-111.0626597, 45.0698074], [-111.0619818, 45.0693277], [-111.0613349, 45.0690444], [-111.0610883, 45.0688046], [-111.0606876, 45.0684338], [-111.0601023, 45.0681941], [-111.0585313, 45.0674967], [-111.0575145, 45.0668645], [-111.056498, 45.0663631], [-111.0558205, 45.0662653], [-111.0544963, 45.0660477], [-111.0536034, 45.06607], [-111.0530494, 45.0663539], [-111.0521567, 45.0665288], [-111.0511714, 45.0665075], [-111.0501248, 45.0668134], [-111.0496939, 45.0670318], [-111.0493556, 45.0674465], [-111.0491403, 45.0678176], [-111.0490483, 45.0682104], [-111.0490487, 45.0686468], [-111.0489259, 45.0691268], [-111.0488034, 45.0699124], [-111.0484657, 45.0711563], [-111.0481894, 45.0721383], [-111.0476356, 45.072684], [-111.0471431, 45.0730006], [-111.0466814, 45.0732408], [-111.0454501, 45.0738305], [-111.0450618, 45.0738857], [-111.0445264, 45.0739617], [-111.0430485, 45.0742242], [-111.0417246, 45.0746174], [-111.0412011, 45.0746612], [-111.040647, 45.0749669], [-111.0403086, 45.075338], [-111.0391697, 45.0762112], [-111.0385541, 45.0766478], [-111.0377228, 45.0768444], [-111.0372302, 45.0771283], [-111.036522, 45.0773249], [-111.035783, 45.0774342], [-111.0351671, 45.0775435], [-111.0345514, 45.077871], [-111.0341204, 45.0781766], [-111.0335663, 45.0785477], [-111.0327967, 45.0790825], [-111.0322118, 45.0795845], [-111.0311958, 45.0800649], [-111.0304261, 45.0805451], [-111.0290404, 45.0810037], [-111.0284553, 45.0810475], [-111.0276853, 45.0810477], [-111.0267613, 45.0809388], [-111.0253481, 45.0809567], [-111.0250059, 45.080961], [-111.023765, 45.0809096], [-111.0229116, 45.0808742], [-111.0216797, 45.0809617], [-111.0207866, 45.0810492], [-111.0203246, 45.0811365], [-111.0195856, 45.0814858], [-111.0193815, 45.0815437], [-111.0189697, 45.0816604], [-111.0183846, 45.0820751], [-111.0183938, 45.0821561], [-111.0184464, 45.0826206], [-111.0185389, 45.0830242], [-111.0191551, 45.0836569], [-111.0196017, 45.0840522], [-111.0198945, 45.0843114], [-111.0201719, 45.0849441], [-111.020049, 45.0855551], [-111.0197411, 45.0860352], [-111.019426, 45.0861719], [-111.0182321, 45.08669], [-111.0176163, 45.0874102], [-111.0170929, 45.0881739], [-111.0170625, 45.0895704], [-111.0172168, 45.0906941], [-111.0171862, 45.0911523], [-111.0171554, 45.0914578], [-111.0167243, 45.0920252], [-111.0156156, 45.0928981], [-111.0144453, 45.0936838], [-111.0133056, 45.0942294], [-111.0121351, 45.0946878], [-111.0109338, 45.0950588], [-111.0104101, 45.095408], [-111.0098865, 45.0958881], [-111.0096093, 45.09639], [-111.0094862, 45.0971318], [-111.0096097, 45.0983537], [-111.0087778, 45.0981793], [-111.0082849, 45.0982448], [-111.0080077, 45.0982339], [-111.0073298, 45.0978412], [-111.0060976, 45.0977321], [-111.0054567, 45.0977202], [-111.0049269, 45.0977104], [-111.0035098, 45.0975359], [-111.0022775, 45.0972523], [-111.0014149, 45.0974487], [-111.0006447, 45.0979505], [-110.9998129, 45.0976669], [-110.9986423, 45.0972087], [-110.9974717, 45.096685], [-110.9971437, 45.0965021], [-110.9960238, 45.0958776], [-110.9951921, 45.0953212], [-110.9947301, 45.0949721], [-110.9940128, 45.0946091], [-110.9934363, 45.0943174], [-110.9925755, 45.0937568], [-110.9915266, 45.0930736], [-110.9912802, 45.0928118], [-110.9902637, 45.0925935], [-110.98897, 45.0923097], [-110.9870602, 45.0920477], [-110.9858897, 45.0918294], [-110.985212, 45.0916984], [-110.9849202, 45.0916984], [-110.9845036, 45.0916983], [-110.9834254, 45.0917855], [-110.9830558, 45.0916327], [-110.9826246, 45.0915454], [-110.9821625, 45.0917198], [-110.9820394, 45.0914362], [-110.9820395, 45.0909125], [-110.9821013, 45.0904325], [-110.9822864, 45.0895161], [-110.9820402, 45.0886651], [-110.981332, 45.0880322], [-110.9802542, 45.087432], [-110.9795459, 45.0869518], [-110.9789403, 45.0862239], [-110.9788378, 45.0861007], [-110.978376, 45.0855552], [-110.9783912, 45.0855306], [-110.9785917, 45.0852061], [-110.9789923, 45.0847698], [-110.9776678, 45.0848786], [-110.9771444, 45.0845512], [-110.9768673, 45.0842021], [-110.9766828, 45.0835911], [-110.9766829, 45.0831983], [-110.9764368, 45.082631], [-110.975852, 45.0818235], [-110.9753285, 45.0814743], [-110.9746028, 45.0814583], [-110.9741394, 45.0815832], [-110.9735438, 45.0814111], [-110.9728378, 45.0814423], [-110.9717869, 45.0811571], [-110.9705858, 45.0810696], [-110.9701546, 45.0811131], [-110.9697233, 45.0813748], [-110.9681217, 45.0815708], [-110.9669511, 45.081985], [-110.9661193, 45.0824212], [-110.9657189, 45.0825302], [-110.9657188, 45.0827048], [-110.9655954, 45.0829884], [-110.9651947, 45.0834683], [-110.9648867, 45.0834464], [-110.9644557, 45.083119], [-110.9642338, 45.0830541], [-110.9639323, 45.0829661], [-110.9634704, 45.0827695], [-110.9616843, 45.0823762], [-110.9606683, 45.0818959], [-110.9601144, 45.0812193], [-110.9589752, 45.0808261], [-110.9596225, 45.0799972], [-110.9601527, 45.0796567], [-110.9603735, 45.0793755], [-110.9601311, 45.0789377], [-110.9601094, 45.0784687], [-110.9594479, 45.0779996], [-110.9590953, 45.0774367], [-110.9588751, 45.0768114], [-110.9563917, 45.0762103], [-110.9557144, 45.07597], [-110.9545133, 45.0760569], [-110.9535894, 45.0761656], [-110.9527272, 45.0760562], [-110.9522039, 45.0757068], [-110.9518039, 45.0753576], [-110.9509421, 45.0748772], [-110.9507885, 45.0744189], [-110.9505119, 45.0737424], [-110.9501426, 45.0734804], [-110.9491882, 45.0732618], [-110.9485415, 45.0732615], [-110.9476485, 45.0732611], [-110.9472173, 45.0733482], [-110.9463858, 45.0734351], [-110.9453077, 45.0737837], [-110.9446609, 45.0739579], [-110.9440448, 45.0741322], [-110.9437499, 45.0742935], [-110.943367, 45.0745028], [-110.9428738, 45.074939], [-110.9425344, 45.0755934], [-110.9421039, 45.0749386], [-110.9414578, 45.0743928], [-110.9413042, 45.0740872], [-110.9411969, 45.0731674], [-110.9410456, 45.0725565], [-110.940736, 45.072019], [-110.940648, 45.0719011], [-110.9404262, 45.0716037], [-110.9403231, 45.0712861], [-110.9406682, 45.0709199], [-110.9408064, 45.0706269], [-110.9413237, 45.0702852], [-110.9415999, 45.0698946], [-110.9415661, 45.0691619], [-110.9414632, 45.0687222], [-110.9409465, 45.0684533], [-110.9404989, 45.0680378], [-110.9401545, 45.0677446], [-110.9397068, 45.0674513], [-110.9395349, 45.0670604], [-110.9394662, 45.0668161], [-110.9396043, 45.0665475], [-110.9391913, 45.0660344], [-110.9384682, 45.0654479], [-110.9377105, 45.0649834], [-110.9367457, 45.0647631], [-110.9360562, 45.0650069], [-110.935194, 45.0655194], [-110.9346078, 45.0658121], [-110.9338838, 45.0660315], [-110.9333321, 45.0662266], [-110.9329182, 45.066495], [-110.932711, 45.0668368], [-110.9325041, 45.0669588], [-110.9318147, 45.0670073], [-110.9309531, 45.0669824], [-110.9299877, 45.0672993], [-110.9296086, 45.0673235], [-110.9289539, 45.0672254], [-110.9289541, 45.0670544], [-110.9292301, 45.0668104], [-110.9299198, 45.0664933], [-110.9304027, 45.0661516], [-110.9309892, 45.0656635], [-110.9315411, 45.0652486], [-110.9317831, 45.064687], [-110.9315424, 45.0642228], [-110.9312672, 45.0637342], [-110.9310611, 45.0631967], [-110.9311306, 45.0627083], [-110.9313723, 45.0623176], [-110.9323039, 45.0614389], [-110.9329938, 45.0608043], [-110.9329943, 45.0604135], [-110.932856, 45.0600077], [-110.9328757, 45.0598623], [-110.9333669, 45.0591492], [-110.9341941, 45.0579789], [-110.9347371, 45.0570646], [-110.9353575, 45.0561504], [-110.9360549, 45.0556752], [-110.9364426, 45.0551449], [-110.9363913, 45.0548339], [-110.93634, 45.0546052], [-110.9358501, 45.0542208], [-110.9356187, 45.0534159], [-110.9354151, 45.0528679], [-110.9344504, 45.0528185], [-110.9338387, 45.0528661], [-110.933038, 45.0525735], [-110.9327632, 45.0518406], [-110.9324536, 45.0514008], [-110.9320411, 45.050619], [-110.9314681, 45.049938], [-110.9307977, 45.0494803], [-110.9295058, 45.0488735], [-110.9293533, 45.0489856], [-110.9285013, 45.0493326], [-110.9280368, 45.0494055], [-110.9273658, 45.0494417], [-110.926102, 45.049011], [-110.9253538, 45.0488825], [-110.9242702, 45.048772], [-110.9233676, 45.0483873], [-110.9221034, 45.0481852], [-110.9207103, 45.0480197], [-110.9196018, 45.0472324], [-110.9185962, 45.0467561], [-110.9177195, 45.0463347], [-110.9172556, 45.0459137], [-110.9171532, 45.0454014], [-110.9169151, 45.0451336], [-110.9162258, 45.0443581], [-110.916123, 45.0440837], [-110.9155559, 45.0437174], [-110.9150146, 45.0433329], [-110.9141644, 45.0425366], [-110.9120754, 45.0419131], [-110.91156, 45.0415651], [-110.911535, 45.0410529], [-110.9117678, 45.0406507], [-110.9120778, 45.0403948], [-110.9126975, 45.0400294], [-110.9136537, 45.0390058], [-110.9141972, 45.0378538], [-110.914354, 45.036546], [-110.9143555, 45.03554], [-110.9142537, 45.0345704], [-110.9137905, 45.0338384], [-110.9128121, 45.0325572], [-110.9122968, 45.0321544], [-110.9111881, 45.031806], [-110.9105178, 45.0315311], [-110.9098477, 45.0311647], [-110.9092809, 45.0307253], [-110.9092039, 45.03046], [-110.9094108, 45.0301492], [-110.9097246, 45.029607], [-110.9077284, 45.0296056], [-110.9037204, 45.0296029], [-110.9029372, 45.0296029], [-110.8935595, 45.0295903], [-110.8927764, 45.0295902], [-110.8876864, 45.0295865], [-110.883376, 45.0295839], [-110.8827898, 45.0295837], [-110.8732495, 45.0295588], [-110.8727049, 45.0295587], [-110.8676446, 45.0295518], [-110.8630831, 45.0295461], [-110.8625804, 45.0295461], [-110.8529156, 45.0295555], [-110.8524386, 45.0295555], [-110.8473531, 45.0295581], [-110.8424449, 45.0295606], [-110.8423786, 45.0295606], [-110.8419145, 45.0295606], [-110.8418973, 45.0299383], [-110.8414926, 45.0304645], [-110.8405563, 45.0313362], [-110.8402554, 45.0326602], [-110.839954, 45.034195], [-110.8397805, 45.0355193], [-110.8393961, 45.0363315], [-110.8389455, 45.0380617], [-110.8387296, 45.0393558], [-110.8385556, 45.0408305], [-110.8381699, 45.0420943], [-110.8378592, 45.0428511], [-110.8376141, 45.0434481], [-110.8373562, 45.0445615], [-110.8370135, 45.0456145], [-110.835784, 45.0449506], [-110.8342562, 45.0446775], [-110.8331943, 45.0448264], [-110.8324494, 45.0454424], [-110.8316405, 45.0461637], [-110.8309603, 45.0464637], [-110.8296014, 45.0464918], [-110.8284978, 45.0463397], [-110.8278185, 45.0463387], [-110.827307, 45.04697], [-110.8270077, 45.0476619], [-110.8270465, 45.0488661], [-110.8273812, 45.0505222], [-110.8276744, 45.0518772], [-110.8273744, 45.0527798], [-110.8271182, 45.053261], [-110.8266585, 45.0536604], [-110.8262377, 45.0541204], [-110.8260892, 45.0541842], [-110.8256074, 45.0543911], [-110.8246763, 45.054603], [-110.8239361, 45.0550093], [-110.8236075, 45.0550863], [-110.8230599, 45.0551631], [-110.8226491, 45.0552401], [-110.8221288, 45.0553556], [-110.8221187, 45.0553592], [-110.8216356, 45.0555295], [-110.8211973, 45.055684], [-110.8205675, 45.05578], [-110.8197739, 45.0557593], [-110.8186524, 45.0556024], [-110.8181053, 45.0555239], [-110.816724, 45.0552599], [-110.8156851, 45.0549479], [-110.815138, 45.05485], [-110.8144815, 45.0547713], [-110.8140985, 45.0547125], [-110.8134421, 45.0545951], [-110.8125119, 45.054516], [-110.811855, 45.0545537], [-110.8107598, 45.0547071], [-110.8101029, 45.0547254], [-110.809227, 45.0547821], [-110.8085973, 45.0548587], [-110.8078581, 45.0549351], [-110.8067083, 45.0550301], [-110.8053668, 45.055183], [-110.8036388, 45.0563246], [-110.8025827, 45.0570114], [-110.8020623, 45.0571463], [-110.8015255, 45.0572974], [-110.8015085, 45.0573022], [-110.8013774, 45.0573391], [-110.8005007, 45.0575898], [-110.7999798, 45.0578411], [-110.799596, 45.0580344], [-110.7988006, 45.0585373], [-110.7982517, 45.0589631], [-110.7977849, 45.0593891], [-110.7973735, 45.0596405], [-110.7969069, 45.0599889], [-110.7965775, 45.0602599], [-110.7956736, 45.0604716], [-110.7951254, 45.0607034], [-110.7943034, 45.0609542], [-110.7934813, 45.0612243], [-110.7927414, 45.0614751], [-110.7922758, 45.0615519], [-110.7917553, 45.0616673], [-110.7911804, 45.0617051], [-110.790593, 45.0617973], [-110.7889211, 45.0620598], [-110.7876615, 45.0621933], [-110.7871139, 45.0622504], [-110.7866206, 45.0624241], [-110.7859086, 45.0625004], [-110.7853059, 45.0626544], [-110.7837707, 45.0632917], [-110.7828663, 45.0636004], [-110.781141, 45.0642638], [-110.7786997, 45.0652025], [-110.7770816, 45.0659947], [-110.7759315, 45.0661282], [-110.7742556, 45.066515], [-110.7739314, 45.0665899], [-110.7738779, 45.0665975], [-110.7722559, 45.0668301], [-110.7722177, 45.0668465], [-110.7722174, 45.0668458], [-110.7722063, 45.066819], [-110.7719124, 45.0663084], [-110.7716727, 45.0658529], [-110.7714717, 45.0653479], [-110.7713323, 45.0651119], [-110.7712629, 45.0650351], [-110.7711236, 45.0649583], [-110.7708836, 45.0649089], [-110.7708833, 45.0649088], [-110.7707442, 45.0648429], [-110.770481, 45.0646342], [-110.7699009, 45.0640525], [-110.7699008, 45.0640523], [-110.7695989, 45.0637942], [-110.7694055, 45.0634649], [-110.7691348, 45.0631466], [-110.7687636, 45.0625538], [-110.7685007, 45.0622081], [-110.7682997, 45.0620215], [-110.7682995, 45.0620213], [-110.7680363, 45.0618785], [-110.7677654, 45.0617852], [-110.7673786, 45.0614943], [-110.7671464, 45.0613569], [-110.7666819, 45.0611977], [-110.766411, 45.0610657], [-110.766024, 45.060846], [-110.7657763, 45.0607636], [-110.7652499, 45.0606482], [-110.76501, 45.0605548], [-110.7646617, 45.0603735], [-110.7642129, 45.0600388], [-110.7639421, 45.0597916], [-110.7637951, 45.0595887], [-110.7635866, 45.0592153], [-110.7635865, 45.0592152], [-110.7635324, 45.0590725], [-110.7634242, 45.0588477], [-110.7633471, 45.058617], [-110.7633241, 45.0580079], [-110.7631005, 45.0572898], [-110.7630695, 45.0571903], [-110.7627606, 45.0564], [-110.7627605, 45.0563998], [-110.762575, 45.0560652], [-110.7624359, 45.0558401], [-110.7622039, 45.055626], [-110.7619639, 45.0554336], [-110.7615462, 45.0551373], [-110.7613683, 45.0549725], [-110.760842, 45.0547143], [-110.7605249, 45.0544563], [-110.7604164, 45.0543519], [-110.7601688, 45.0542146], [-110.7599831, 45.0541431], [-110.7595032, 45.0540058], [-110.7589537, 45.0538244], [-110.7586984, 45.0537146], [-110.7583502, 45.0535059], [-110.7579015, 45.0531325], [-110.7576927, 45.0529952], [-110.757476, 45.0528853], [-110.756942, 45.0526657], [-110.7562765, 45.052347], [-110.7557969, 45.0521053], [-110.7555725, 45.0519789], [-110.7553404, 45.0518252], [-110.7550696, 45.0515946], [-110.7548297, 45.0514957], [-110.7546053, 45.0514407], [-110.7542415, 45.0513858], [-110.7539707, 45.0513141], [-110.75387, 45.0512921], [-110.7536766, 45.0512152], [-110.7532974, 45.0509957], [-110.7531118, 45.0509022], [-110.7527868, 45.0506772], [-110.7525935, 45.0504684], [-110.7523306, 45.0501445], [-110.7522147, 45.0500347], [-110.7520522, 45.0499029], [-110.7516732, 45.0496888], [-110.751418, 45.049469], [-110.7512246, 45.0492605], [-110.7509851, 45.0488817], [-110.7507679, 45.0486733], [-110.7506594, 45.0485583], [-110.7500863, 45.0482897], [-110.7500087, 45.0482449], [-110.7497919, 45.0481198], [-110.7496137, 45.0479827], [-110.7493194, 45.0478292], [-110.7489555, 45.0476812], [-110.7486457, 45.0475771], [-110.7480572, 45.0473414], [-110.7473911, 45.04704], [-110.7470658, 45.0468591], [-110.7465933, 45.0465466], [-110.7460665, 45.0461243], [-110.7457101, 45.0458117], [-110.7456249, 45.0457184], [-110.7454079, 45.045521], [-110.7450361, 45.0452249], [-110.7448136, 45.0450674], [-110.7447494, 45.0450219], [-110.7443622, 45.0448135], [-110.7437582, 45.0445669], [-110.7430691, 45.0443587], [-110.7423878, 45.0442109], [-110.7418847, 45.0441727], [-110.7411493, 45.044184], [-110.7404063, 45.0442283], [-110.7395543, 45.0442935], [-110.7392529, 45.0443166], [-110.7389432, 45.0443167], [-110.7385562, 45.0442785], [-110.737426, 45.0440924], [-110.736737, 45.0439939], [-110.736257, 45.0439448], [-110.7356222, 45.0439395], [-110.7346934, 45.0439673], [-110.7340664, 45.0439566], [-110.7339116, 45.0439402], [-110.7336176, 45.0439349], [-110.7333, 45.0438691], [-110.7329904, 45.0437485], [-110.7323399, 45.0434469], [-110.7323245, 45.0434305], [-110.7310467, 45.0427286], [-110.7305187, 45.0424628], [-110.7301099, 45.042257], [-110.7298156, 45.0420596], [-110.7293586, 45.0416811], [-110.7287158, 45.0410777], [-110.7285377, 45.0409406], [-110.7276857, 45.0401617], [-110.7272752, 45.0398491], [-110.7268184, 45.0395363], [-110.7267951, 45.0395089], [-110.7264078, 45.0392292], [-110.7256567, 45.0386148], [-110.7254321, 45.0383295], [-110.725277, 45.037918], [-110.725184, 45.0377698], [-110.7250368, 45.0376382], [-110.7248666, 45.037556], [-110.7240569, 45.0372922], [-110.7237054, 45.0371777], [-110.7232642, 45.0370626], [-110.7228307, 45.036931], [-110.7220024, 45.0366294], [-110.7215766, 45.036454], [-110.7212437, 45.0363608], [-110.720462, 45.0361635], [-110.7200053, 45.0360813], [-110.7194017, 45.0360486], [-110.7189163, 45.0360383], [-110.7188908, 45.0360377], [-110.7186354, 45.0360103], [-110.7182019, 45.0358842], [-110.7179, 45.0357417], [-110.7174123, 45.0354345], [-110.7172188, 45.0352699], [-110.7170483, 45.035034], [-110.7168469, 45.034617], [-110.716661, 45.0343811], [-110.7163977, 45.0341396], [-110.7162353, 45.0340299], [-110.7159411, 45.0338544], [-110.7152831, 45.0335252], [-110.7148495, 45.0333443], [-110.7145787, 45.0332456], [-110.7140214, 45.033125], [-110.7137428, 45.0331031], [-110.7130617, 45.0331252], [-110.7124504, 45.0332077], [-110.712259, 45.0332481], [-110.7122476, 45.0324591], [-110.7122234, 45.0308002], [-110.7122092, 45.029814], [-110.710263, 45.0298168], [-110.709069, 45.0298331], [-110.7031527, 45.0298269], [-110.7005387, 45.0298307], [-110.6979312, 45.0298283], [-110.6928286, 45.0298572], [-110.6877285, 45.0298639], [-110.6775213, 45.0298834], [-110.6621196, 45.0298827], [-110.6518902, 45.029897], [-110.6417083, 45.0299119], [-110.6315117, 45.0299245], [-110.6195021, 45.0299368], [-110.6110905, 45.0299614], [-110.6008837, 45.0299885], [-110.5906768, 45.0299977], [-110.5788505, 45.0300137], [-110.5787521, 45.0300136], [-110.5549276, 45.0301169], [-110.5277869, 45.0300677], [-110.4969085, 45.0300064], [-110.4660302, 45.029945], [-110.4351521, 45.0298836], [-110.42338, 45.0298665], [-110.4043074, 45.0298389], [-110.3859365, 45.0298311], [-110.3633201, 45.0298215], [-110.3631398, 45.0298214], [-110.3322642, 45.0298083], [-110.3206784, 45.0298035], [-110.2938476, 45.0297924], [-110.2892616, 45.0297905], [-110.2499584, 45.0297687], [-110.2087964, 45.0297448], [-110.1829147, 45.0297463], [-110.1675076, 45.0297472], [-110.1366754, 45.029656], [-110.0949713, 45.0295592], [-110.0948954, 45.0295942], [-110.0941348, 45.0302128], [-110.0939299, 45.0303853], [-110.0935738, 45.0305309], [-110.0930482, 45.0308954], [-110.0925114, 45.0310549], [-110.0920448, 45.0313379], [-110.0917816, 45.0315406], [-110.0915477, 45.0317231], [-110.091084, 45.0318218], [-110.0907808, 45.0318194], [-110.0904636, 45.0317862], [-110.0890928, 45.031724], [-110.088401, 45.0316366], [-110.0880564, 45.031511], [-110.0876976, 45.031375], [-110.0871069, 45.0312883], [-110.0861413, 45.031168], [-110.0859612, 45.0311478], [-110.0850097, 45.0310411], [-110.0846059, 45.0310072], [-110.0842023, 45.030963], [-110.0838836, 45.0310219], [-110.0835365, 45.0310601], [-110.0832475, 45.031068], [-110.0825264, 45.031011], [-110.0821518, 45.0309568], [-110.0819831, 45.0306687], [-110.0819274, 45.0305454], [-110.0817001, 45.030308], [-110.0815869, 45.0301638], [-110.0813014, 45.0299567], [-110.0809729, 45.0297287], [-110.0808149, 45.0296763], [-110.0803667, 45.0297136], [-110.0798036, 45.0297091], [-110.0794571, 45.0297063], [-110.0788735, 45.0296248], [-110.0784837, 45.0296216], [-110.0781088, 45.0295879], [-110.0772135, 45.0295909], [-110.0768663, 45.0296291], [-110.0765478, 45.0296777], [-110.0761845, 45.0298181], [-110.0754741, 45.0299967], [-110.074793, 45.0301447], [-110.0741262, 45.0303032], [-110.0739218, 45.0304449], [-110.0733952, 45.0308604], [-110.0730878, 45.0311139], [-110.0725926, 45.0313762], [-110.071678, 45.0316759], [-110.0710128, 45.031732], [-110.0709114, 45.0317516], [-110.0704557, 45.0318042], [-110.0702351, 45.0320482], [-110.0699829, 45.032466], [-110.0697928, 45.0326078], [-110.0694594, 45.032687], [-110.0690405, 45.0326938], [-110.0687071, 45.032773], [-110.0685187, 45.0328124], [-110.0681556, 45.0329426], [-110.0677489, 45.0330826], [-110.0672691, 45.0332835], [-110.0669048, 45.0334853], [-110.0661777, 45.0337968], [-110.0657739, 45.0337628], [-110.0647591, 45.0340002], [-110.0643518, 45.0341812], [-110.063891, 45.0342231], [-110.0636287, 45.034247], [-110.062828, 45.0341943], [-110.0622068, 45.0342097], [-110.0618601, 45.0342171], [-110.0614988, 45.0342346], [-110.061051, 45.0342411], [-110.0606963, 45.0343383], [-110.0604707, 45.0344002], [-110.0603831, 45.0344609], [-110.060108, 45.0344996], [-110.0598332, 45.0345281], [-110.0593945, 45.0348624], [-110.0588555, 45.0351447], [-110.0583731, 45.0354991], [-110.0579036, 45.0359458], [-110.0575965, 45.0361787], [-110.0570095, 45.0367473], [-110.056584, 45.0371534], [-110.0563796, 45.0372848], [-110.0561119, 45.0373185], [-110.05581, 45.037234], [-110.0555075, 45.0371906], [-110.0551187, 45.0371157], [-110.0548163, 45.037062], [-110.0544706, 45.0370079], [-110.054341, 45.0369864], [-110.0541273, 45.0368105], [-110.054027, 45.0367585], [-110.0538108, 45.0367362], [-110.0535791, 45.0367753], [-110.0534625, 45.0368357], [-110.0531148, 45.0369045], [-110.0527514, 45.0370449], [-110.0523875, 45.0372159], [-110.0518497, 45.0374265], [-110.0514428, 45.0375767], [-110.0512235, 45.0377387], [-110.0508579, 45.0380122], [-110.0507129, 45.0380519], [-110.0505239, 45.038122], [-110.0503203, 45.0382125], [-110.0501747, 45.038283], [-110.049733, 45.0387913], [-110.0495385, 45.0391993], [-110.0491769, 45.0400974], [-110.0492468, 45.0402413], [-110.0491533, 45.0406501], [-110.0487852, 45.0410771], [-110.0485944, 45.0412598], [-110.0481341, 45.0415786], [-110.0477563, 45.0417188], [-110.0470588, 45.0419689], [-110.0466803, 45.0421501], [-110.0462744, 45.0422389], [-110.0460994, 45.0423398], [-110.0457647, 45.0424906], [-110.0455464, 45.0425912], [-110.045457, 45.0427543], [-110.0452096, 45.0428648], [-110.0449322, 45.0430468], [-110.0446131, 45.0431261], [-110.0442658, 45.0431641], [-110.0438319, 45.0432015], [-110.0427904, 45.0432951], [-110.0423867, 45.0432508], [-110.0422569, 45.0432395], [-110.0420015, 45.043396], [-110.0417548, 45.0434657], [-110.041536, 45.0435969], [-110.0412595, 45.0437175], [-110.0409265, 45.0437659], [-110.0405484, 45.0439163], [-110.0403739, 45.0439865], [-110.0402433, 45.0440264], [-110.0400691, 45.0440761], [-110.0398224, 45.0441457], [-110.0395753, 45.0442358], [-110.039444, 45.0443166], [-110.0391963, 45.0444477], [-110.0390498, 45.0445693], [-110.0387587, 45.0447], [-110.0384376, 45.0449021], [-110.03829, 45.0450851], [-110.0381415, 45.0453296], [-110.0380081, 45.0455333], [-110.0379342, 45.0456351], [-110.0378129, 45.045972], [-110.0376644, 45.0462165], [-110.0374711, 45.0465425], [-110.0372781, 45.0468583], [-110.0371337, 45.0472821], [-110.0371963, 45.047856], [-110.0370309, 45.0482437], [-110.0367885, 45.0489175], [-110.0363473, 45.0493848], [-110.0359786, 45.0498323], [-110.0357824, 45.0503324], [-110.0357047, 45.0506594], [-110.0355841, 45.0509553], [-110.0353487, 45.0512093], [-110.0349696, 45.0518461], [-110.0346739, 45.0522532], [-110.0344663, 45.0525689], [-110.0343482, 45.0527215], [-110.03426, 45.0528129], [-110.0337104, 45.0528492], [-110.033363, 45.0528872], [-110.0331883, 45.0529677], [-110.0330429, 45.0530279], [-110.0328692, 45.0530469], [-110.0325511, 45.0530647], [-110.0321169, 45.0531122], [-110.031886, 45.0531], [-110.0315405, 45.0530254], [-110.0311944, 45.0529917], [-110.0307743, 45.0530598], [-110.0305719, 45.0530684], [-110.0300815, 45.0530232], [-110.0298507, 45.0530008], [-110.0294627, 45.0528849], [-110.0291458, 45.052831], [-110.0286531, 45.0529189], [-110.0283628, 45.0529984], [-110.0279295, 45.0529947], [-110.0276552, 45.0529821], [-110.0269851, 45.0528894], [-110.0266532, 45.0528661], [-110.0262919, 45.0528732], [-110.0259589, 45.0529216], [-110.0256963, 45.0530729], [-110.0252897, 45.0531924], [-110.0250273, 45.0533335], [-110.0247337, 45.0536074], [-110.0245729, 45.0537187], [-110.0240373, 45.0537858], [-110.0236431, 45.0540282], [-110.0232393, 45.0539838], [-110.0229388, 45.0538174], [-110.022627, 45.0534665], [-110.0221916, 45.0527358], [-110.0219936, 45.0524883], [-110.021837, 45.0523539], [-110.0214914, 45.0522895], [-110.0212164, 45.0523178], [-110.0201495, 45.0521961], [-110.0187177, 45.0518714], [-110.0182132, 45.0518057], [-110.017766, 45.0517711], [-110.0171747, 45.0517148], [-110.0165543, 45.0516685], [-110.0160632, 45.0516643], [-110.0154111, 45.0517815], [-110.0147885, 45.0518683], [-110.0140459, 45.0522101], [-110.0135953, 45.05237], [-110.0128678, 45.0526709], [-110.0124028, 45.0528307], [-110.0119005, 45.0530568], [-110.0114064, 45.0532266], [-110.0109858, 45.0533253], [-110.0103772, 45.0534327], [-110.0100596, 45.0534197], [-110.0096418, 45.0533547], [-110.0093839, 45.0532295], [-110.0088817, 45.0530306], [-110.0086806, 45.0529674], [-110.0085088, 45.0528738], [-110.0083102, 45.0526673], [-110.0082558, 45.0524722], [-110.0081874, 45.0522464], [-110.008117, 45.0521434], [-110.0078053, 45.0517925], [-110.0074514, 45.0513696], [-110.0071249, 45.0510391], [-110.0067527, 45.0508413], [-110.0063797, 45.0506947], [-110.0060338, 45.0506507], [-110.005558, 45.0505954], [-110.0051106, 45.050571], [-110.0048335, 45.0503075], [-110.004649, 45.0501215], [-110.0044933, 45.0499359], [-110.0043415, 45.0495249], [-110.0042435, 45.04935], [-110.0040901, 45.0490312], [-110.003783, 45.0484142], [-110.0036735, 45.0480651], [-110.0035897, 45.0479005], [-110.0034194, 45.0477249], [-110.0028747, 45.0474847], [-110.0026748, 45.0473498], [-110.0024338, 45.0470917], [-110.0023778, 45.0469888], [-110.0020929, 45.046761], [-110.0017339, 45.046635], [-110.0014057, 45.0464069], [-110.0012342, 45.046303], [-110.0008564, 45.0460181], [-110.0003867, 45.0456146], [-110.0002944, 45.0455698], [-110.0003656, 45.0453107], [-110.0005376, 45.044916], [-110.000742, 45.0444254], [-110.0011879, 45.0432356], [-110.0013133, 45.0429375], [-110.0014504, 45.042702], [-110.0016145, 45.0424427], [-110.0017712, 45.0421973], [-110.001955, 45.0419822], [-110.0021116, 45.0417907], [-110.0022731, 45.0416306], [-110.0024802, 45.041464], [-110.0029148, 45.0411568], [-110.0031104, 45.0409907], [-110.0032642, 45.0408264], [-110.003529, 45.0406077], [-110.0038976, 45.0403485], [-110.0042709, 45.0401386], [-110.0044099, 45.0396779], [-110.0043885, 45.0393637], [-110.0042871, 45.0389046], [-110.0042041, 45.0386562], [-110.0040462, 45.0383345], [-110.0039785, 45.038117], [-110.0038804, 45.0379142], [-110.0036695, 45.0377074], [-110.0034513, 45.0375415], [-110.0031668, 45.0373019], [-110.0029365, 45.0371185], [-110.00268, 45.0369047], [-110.0024567, 45.0366354], [-110.0023699, 45.0364232], [-110.0022168, 45.0361914], [-110.0020372, 45.0360282], [-110.0019086, 45.0358628], [-110.00176, 45.0356848], [-110.0016223, 45.0354703], [-110.0014352, 45.035285], [-110.0011732, 45.0349724], [-110.0009035, 45.0346962], [-110.0007417, 45.0345548], [-110.0001239, 45.0344064], [-109.9999232, 45.0342801], [-109.9997731, 45.0341427], [-109.9996627, 45.033927], [-109.9994777, 45.0335975], [-109.9993174, 45.033348], [-109.9991443, 45.0330856], [-109.9988957, 45.0327769], [-109.9986593, 45.0324947], [-109.9984601, 45.0322784], [-109.9982002, 45.0318667], [-109.9979658, 45.0314989], [-109.9979324, 45.0312168], [-109.9979111, 45.0309837], [-109.9979912, 45.0307686], [-109.9983413, 45.0303392], [-109.9985485, 45.0301275], [-109.998844, 45.029912], [-109.9991512, 45.0297725], [-109.999535, 45.0295936], [-109.9996758, 45.0295142], [-109.9998811, 45.0293984], [-110.000125, 45.0292482], [-110.000433, 45.0290636], [-110.0007398, 45.0289286], [-110.0010489, 45.0286855], [-110.0012667, 45.0284599], [-110.0015668, 45.0281946], [-110.0017749, 45.0280325], [-110.0020216, 45.0279406], [-110.0021519, 45.027862], [-110.0021512, 45.0270773], [-110.0021511, 45.0267225], [-110.0019966, 45.0196229], [-110.0018696, 45.0084025], [-110.0015072, 45.0034185], [-110.001491, 45.002235], [-110.0014832, 45.0014535], [-110.001468, 44.999939], [-110.00239, 44.999939], [-110.002413, 44.97555], [-110.00074, 44.973999], [-109.999311, 44.973101], [-109.998064, 44.971868], [-109.997024, 44.971908], [-109.995788, 44.971546], [-109.994843, 44.971652], [-109.993518, 44.971679], [-109.992619, 44.971698], [-109.991368, 44.97179], [-109.991153, 44.971806], [-109.990584, 44.971709], [-109.989966, 44.971511], [-109.989536, 44.971212], [-109.988873, 44.971183], [-109.98798, 44.971656], [-109.987036, 44.97193], [-109.984297, 44.972448], [-109.982686, 44.972323], [-109.981266, 44.972331], [-109.980739, 44.971865], [-109.980023, 44.971366], [-109.978934, 44.971339], [-109.977897, 44.971646], [-109.976291, 44.971922], [-109.974739, 44.972735], [-109.97365, 44.972673], [-109.972795, 44.972477], [-109.971902, 44.972984], [-109.971005, 44.973157], [-109.970007, 44.972793], [-109.969713, 44.972025], [-109.969093, 44.971626], [-109.968648, 44.970121], [-109.968261, 44.96942], [-109.967446, 44.968587], [-109.96635, 44.968023], [-109.965493, 44.967592], [-109.964342, 44.966426], [-109.963813, 44.965726], [-109.962811, 44.965028], [-109.96209, 44.964161], [-109.962074, 44.962821], [-109.961972, 44.962286], [-109.96054, 44.961288], [-109.959724, 44.960288], [-109.959897, 44.958981], [-109.959271, 44.958113], [-109.957209, 44.955947], [-109.955204, 44.954551], [-109.953722, 44.953319], [-109.952719, 44.95252], [-109.951864, 44.952257], [-109.951434, 44.951958], [-109.950911, 44.951692], [-109.950388, 44.951494], [-109.950053, 44.951194], [-109.949571, 44.950494], [-109.949139, 44.94996], [-109.94856, 44.949025], [-109.947841, 44.948258], [-109.947406, 44.947524], [-109.94645, 44.946725], [-109.946203, 44.946276], [-109.945918, 44.945756], [-109.945865, 44.945254], [-109.945432, 44.944653], [-109.944521, 44.943653], [-109.943802, 44.942853], [-109.942985, 44.941786], [-109.942359, 44.940884], [-109.941926, 44.94025], [-109.941587, 44.939649], [-109.941062, 44.939284], [-109.940536, 44.938785], [-109.940289, 44.937882], [-109.940285, 44.937547], [-109.940185, 44.937145], [-109.939663, 44.93698], [-109.938954, 44.936984], [-109.937627, 44.936823], [-109.93668, 44.936761], [-109.935445, 44.936298], [-109.933739, 44.936073], [-109.932832, 44.93534], [-109.931834, 44.934977], [-109.930888, 44.934948], [-109.929848, 44.934987], [-109.928801, 44.934456], [-109.927893, 44.93369], [-109.927888, 44.933222], [-109.927169, 44.932421], [-109.926832, 44.931954], [-109.927298, 44.931349], [-109.927954, 44.930843], [-109.928328, 44.930406], [-109.928512, 44.930036], [-109.928881, 44.929197], [-109.928873, 44.928561], [-109.929007, 44.927823], [-109.928904, 44.927154], [-109.928709, 44.926653], [-109.928468, 44.926285], [-109.928179, 44.925784], [-109.928266, 44.925181], [-109.9285, 44.924945], [-109.928587, 44.924342], [-109.928773, 44.92404], [-109.928814, 44.92347], [-109.928855, 44.922934], [-109.928989, 44.922297], [-109.928649, 44.921562], [-109.928596, 44.921093], [-109.928589, 44.920423], [-109.928535, 44.919921], [-109.928571, 44.91895], [-109.92852, 44.918648], [-109.928275, 44.917846], [-109.928173, 44.91721], [-109.928023, 44.916541], [-109.92816, 44.916138], [-109.927866, 44.915269], [-109.927953, 44.914665], [-109.927852, 44.914063], [-109.927422, 44.913697], [-109.927606, 44.913294], [-109.928166, 44.912588], [-109.928814, 44.911446], [-109.928997, 44.910909], [-109.928703, 44.910073], [-109.928836, 44.909268], [-109.929727, 44.908695], [-109.929862, 44.908058], [-109.930188, 44.907687], [-109.930609, 44.90725], [-109.930792, 44.906747], [-109.931071, 44.906377], [-109.931253, 44.905806], [-109.931436, 44.90527], [-109.931568, 44.904432], [-109.931501, 44.9041982], [-109.931223, 44.903227], [-109.930692, 44.902292], [-109.930352, 44.901557], [-109.929917, 44.900688], [-109.929814, 44.899986], [-109.929188, 44.899017], [-109.929181, 44.898415], [-109.929549, 44.897542], [-109.92959, 44.897006], [-109.92976, 44.895431], [-109.929705, 44.894728], [-109.929838, 44.894024], [-109.930016, 44.893118], [-109.930427, 44.891843], [-109.93037, 44.891006], [-109.930553, 44.890536], [-109.930594, 44.89], [-109.930682, 44.889397], [-109.931619, 44.888722], [-109.932085, 44.888151], [-109.932266, 44.887446], [-109.932397, 44.886575], [-109.932436, 44.885871], [-109.933978, 44.88439], [-109.934915, 44.883715], [-109.9359, 44.883074], [-109.936743, 44.882433], [-109.937304, 44.881928], [-109.937486, 44.88129], [-109.938044, 44.880551], [-109.938035, 44.879847], [-109.937693, 44.878911], [-109.937257, 44.877976], [-109.937059, 44.877206], [-109.936434, 44.876305], [-109.936039, 44.874941], [-109.935613, 44.873193], [-109.935407, 44.87182], [-109.935392, 44.870545], [-109.935426, 44.869371], [-109.935887, 44.868296], [-109.936256, 44.867489], [-109.937333, 44.866511], [-109.9378, 44.865904], [-109.93731, 44.864465], [-109.937014, 44.863461], [-109.937186, 44.862018], [-109.937742, 44.861009], [-109.938388, 44.859563], [-109.939311, 44.857479], [-109.93981, 44.855598], [-109.939838, 44.853955], [-109.939863, 44.852077], [-109.937954, 44.850714], [-109.937232, 44.849711], [-109.936308, 44.847637], [-109.935869, 44.846533], [-109.934623, 44.845199], [-109.93157, 44.843036], [-109.93184, 44.84186], [-109.930454, 44.840694], [-109.929918, 44.839356], [-109.928772, 44.838423], [-109.928332, 44.837218], [-109.930687, 44.8363], [-109.932806, 44.83545], [-109.934741, 44.834903], [-109.936007, 44.833923], [-109.936944, 44.833114], [-109.937408, 44.832373], [-109.938297, 44.831496], [-109.940282, 44.831351], [-109.9415, 44.830372], [-109.943038, 44.828352], [-109.944629, 44.826934], [-109.946083, 44.825853], [-109.9468889, 44.8255689], [-109.948015, 44.825172], [-109.950132, 44.824254], [-109.952153, 44.82317], [-109.953462, 44.821855], [-109.954679, 44.820741], [-109.956737, 44.818852], [-109.958088, 44.8171], [-109.958549, 44.816125], [-109.957445, 44.814824], [-109.95733, 44.813114], [-109.957504, 44.811805], [-109.957578, 44.810161], [-109.956842, 44.807885], [-109.95592, 44.806013], [-109.954814, 44.804443], [-109.956877, 44.802922], [-109.958099, 44.802244], [-109.956246, 44.801517], [-109.953295, 44.800058], [-109.950109, 44.798533], [-109.948057, 44.796969], [-109.946768, 44.795936], [-109.945338, 44.794938], [-109.944248, 44.794676], [-109.942685, 44.79445], [-109.9414157, 44.7943625], [-109.940887, 44.794326], [-109.939329, 44.794536], [-109.937342, 44.79448], [-109.936111, 44.794285], [-109.934257, 44.79339], [-109.932881, 44.793028], [-109.931842, 44.793068], [-109.930559, 44.792572], [-109.929702, 44.792006], [-109.92879, 44.790804], [-109.928497, 44.790034], [-109.9274, 44.789168], [-109.926446, 44.788436], [-109.925064, 44.787538], [-109.923684, 44.786774], [-109.92259, 44.78621], [-109.921823, 44.785308], [-109.920252, 44.784312], [-109.919911, 44.783475], [-109.919334, 44.782573], [-109.918654, 44.781034], [-109.918546, 44.779827], [-109.917827, 44.778926], [-109.916687, 44.778429], [-109.915874, 44.777595], [-109.91506, 44.776693], [-109.914482, 44.775724], [-109.914087, 44.774217], [-109.913736, 44.772475], [-109.9136782, 44.7723721], [-109.912723, 44.77067], [-109.911296, 44.769839], [-109.90986, 44.76817], [-109.907995, 44.766268], [-109.905184, 44.764204], [-109.902995, 44.76284], [-109.900201, 44.762318], [-109.89735, 44.760891], [-109.895403, 44.759995], [-109.89379, 44.759366], [-109.890759, 44.758711], [-109.889896, 44.757643], [-109.888892, 44.756541], [-109.887084, 44.75541], [-109.886408, 44.754106], [-109.885064, 44.752167], [-109.884913, 44.751263], [-109.885092, 44.750423], [-109.885796, 44.749943], [-109.886458, 44.749214], [-109.885922, 44.748479], [-109.88533, 44.747409], [-109.884558, 44.746525], [-109.884458, 44.74641], [-109.883864, 44.745206], [-109.883562, 44.744401], [-109.883925, 44.743757], [-109.883852, 44.742648], [-109.883066, 44.741311], [-109.882057, 44.740515], [-109.879875, 44.740036], [-109.878351, 44.739415], [-109.877783, 44.739321], [-109.877347, 44.739082], [-109.876159, 44.738432], [-109.875737, 44.738403], [-109.875737, 44.737328], [-109.874378, 44.735193], [-109.872097, 44.734178], [-109.870026, 44.734135], [-109.868628, 44.734756], [-109.867499, 44.734769], [-109.866874, 44.734138], [-109.866064, 44.733677], [-109.864965, 44.732916], [-109.864617, 44.732046], [-109.863934, 44.730911], [-109.862975, 44.730048], [-109.862719, 44.729076], [-109.861795, 44.727709], [-109.860999, 44.725667], [-109.860507, 44.724698], [-109.859224, 44.724074], [-109.858278, 44.72385], [-109.856773, 44.723834], [-109.855738, 44.723846], [-109.854518, 44.724028], [-109.853541, 44.724543], [-109.852567, 44.725193], [-109.850975, 44.725548], [-109.848715, 44.725439], [-109.846225, 44.725602], [-109.844432, 44.725354], [-109.842498, 44.725107], [-109.83991, 44.725069], [-109.837652, 44.725061], [-109.836601, 44.7243], [-109.836017, 44.723365], [-109.835624, 44.722597], [-109.835091, 44.721829], [-109.834365, 44.720863], [-109.83429, 44.719553], [-109.834118, 44.718076], [-109.832905, 44.716308], [-109.831966, 44.714167], [-109.83085, 44.712499], [-109.829044, 44.711611], [-109.827042, 44.710323], [-109.825983, 44.709158], [-109.825487, 44.707954], [-109.825848, 44.70721], [-109.826865, 44.706392], [-109.827037, 44.705617], [-109.826819, 44.704174], [-109.827482, 44.702149], [-109.827556, 44.701207], [-109.828141, 44.699923], [-109.829293, 44.698801], [-109.830213, 44.697849], [-109.83241, 44.697219], [-109.832671, 44.697233], [-109.83401, 44.697302], [-109.83462, 44.697228], [-109.836148, 44.696101], [-109.837298, 44.694912], [-109.838382, 44.693851], [-109.838864, 44.693381], [-109.840104, 44.691955], [-109.841291, 44.690328], [-109.841588, 44.688812], [-109.841745, 44.687331], [-109.841853, 44.685783], [-109.843665, 44.684754], [-109.846693, 44.683476], [-109.848271, 44.682483], [-109.850075, 44.681118], [-109.85218, 44.680656], [-109.852436, 44.680623], [-109.854196, 44.680398], [-109.856544, 44.680236], [-109.858137, 44.680016], [-109.859219, 44.679316], [-109.859621, 44.679058], [-109.860359, 44.67841], [-109.861685, 44.676714], [-109.862223, 44.675498], [-109.862474, 44.674049], [-109.863444, 44.673231], [-109.865113, 44.672203], [-109.866833, 44.671309], [-109.868561, 44.670819], [-109.86908, 44.670913], [-109.86917, 44.670711], [-109.870131, 44.669523], [-109.871285, 44.668441], [-109.871329, 44.6684], [-109.872382, 44.667143], [-109.873307, 44.66646], [-109.874081, 44.665308], [-109.874198, 44.664198], [-109.874265, 44.662953], [-109.874699, 44.661301], [-109.87518, 44.659648], [-109.875737, 44.659337], [-109.875737, 44.658024], [-109.877289, 44.656658], [-109.878157, 44.655503], [-109.879293, 44.653706], [-109.879833, 44.652589], [-109.88261, 44.652521], [-109.884752, 44.653404], [-109.886954, 44.652907], [-109.888204, 44.651949], [-109.890788, 44.651682], [-109.893267, 44.650912], [-109.894892, 44.649916], [-109.899278, 44.650165], [-109.902287, 44.649926], [-109.905321, 44.648745], [-109.906928, 44.646975], [-109.908352, 44.645443], [-109.909443, 44.64378], [-109.909478, 44.641288], [-109.90849, 44.639315], [-109.907889, 44.637807], [-109.908057, 44.63693], [-109.90999, 44.637007], [-109.911966, 44.636949], [-109.9138162, 44.6367054], [-109.915065, 44.636541], [-109.917275, 44.636379], [-109.920044, 44.635974], [-109.922821, 44.63594], [-109.924017, 44.634713], [-109.9243404, 44.6341737], [-109.924387, 44.634096], [-109.924424, 44.634035], [-109.926968, 44.632118], [-109.929216, 44.631585], [-109.931901, 44.631653], [-109.933965, 44.631324], [-109.935716, 44.631673], [-109.937183, 44.631957], [-109.93875, 44.63251], [-109.940527, 44.631983], [-109.941831, 44.631394], [-109.94418, 44.631129], [-109.94639, 44.631], [-109.947894, 44.63088], [-109.948401, 44.630436], [-109.950961, 44.629192], [-109.952383, 44.627659], [-109.954969, 44.627491], [-109.956616, 44.62747], [-109.960284, 44.627288], [-109.962168, 44.627298], [-109.963599, 44.628054], [-109.96484, 44.628711], [-109.9673, 44.629185], [-109.968425, 44.628968], [-109.971347, 44.627181], [-109.972037, 44.626532], [-109.97216, 44.62579], [-109.972338, 44.625384], [-109.972656, 44.624943], [-109.973135, 44.623944], [-109.974433, 44.622824], [-109.976062, 44.621937], [-109.977034, 44.621089], [-109.979567, 44.620898], [-109.98262, 44.620971], [-109.983944, 44.62153], [-109.985468, 44.622859], [-109.98595, 44.623626], [-109.986286, 44.624127], [-109.986713, 44.624358], [-109.987886, 44.624347], [-109.989615, 44.623794], [-109.990875, 44.623346], [-109.99157, 44.622769], [-109.992781, 44.622154], [-109.995131, 44.622266], [-109.998227, 44.622104], [-109.999688, 44.622459], [-110.000741, 44.622616], [-110.000741, 44.620682], [-110.003142, 44.619626], [-110.005509, 44.618202], [-110.008496, 44.615816], [-110.010421, 44.616089], [-110.01131, 44.616457], [-110.013551, 44.617862], [-110.016688, 44.619036], [-110.017761, 44.619871], [-110.018602, 44.620306], [-110.018826, 44.621305], [-110.019477, 44.621443], [-110.019624, 44.621474], [-110.019894, 44.621565], [-110.019945, 44.621582], [-110.02042, 44.621742], [-110.021075, 44.622044], [-110.021588, 44.622444], [-110.021962, 44.622612], [-110.022241, 44.622912], [-110.022611, 44.623479], [-110.022983, 44.623913], [-110.023162, 44.624943], [-110.023579, 44.625674], [-110.023572, 44.626412], [-110.023424, 44.627183], [-110.024419, 44.626415], [-110.02494, 44.626015], [-110.025512, 44.625077], [-110.025702, 44.624943], [-110.025908, 44.622923], [-110.024936, 44.621556], [-110.024377, 44.620989], [-110.024407, 44.618194], [-110.027432, 44.616706], [-110.030128, 44.61515], [-110.031692, 44.613924], [-110.032738, 44.612763], [-110.033699, 44.610769], [-110.033424, 44.610136], [-110.03277, 44.609702], [-110.032977, 44.607939], [-110.034542, 44.606546], [-110.036856, 44.605688], [-110.038499, 44.605826], [-110.039627, 44.605829], [-110.042132, 44.604505], [-110.049175, 44.605124], [-110.055423, 44.605474], [-110.057256, 44.605479], [-110.059557, 44.605685], [-110.059742, 44.606018], [-110.061102, 44.606321], [-110.063173, 44.605994], [-110.064928, 44.604402], [-110.065222, 44.603171], [-110.065044, 44.602139], [-110.064691, 44.599843], [-110.064715, 44.597481], [-110.06563, 44.595254], [-110.067438, 44.593029], [-110.069006, 44.591337], [-110.068516, 44.58864], [-110.068209, 44.586377], [-110.068447, 44.586112], [-110.070056, 44.584918], [-110.071683, 44.581895], [-110.07367, 44.580469], [-110.075759, 44.578212], [-110.081108, 44.574033], [-110.092824, 44.572066], [-110.095573, 44.569477], [-110.111252, 44.570611], [-110.113951, 44.568255], [-110.116632, 44.567762], [-110.118699, 44.567733], [-110.121292, 44.566741], [-110.1237731, 44.5642616], [-110.125745, 44.562291], [-110.128596, 44.560804], [-110.130246, 44.559946], [-110.131379, 44.559083], [-110.132184, 44.558252], [-110.131792, 44.5556202], [-110.13175, 44.555338], [-110.132228, 44.554472], [-110.132231, 44.554137], [-110.132846, 44.553572], [-110.134781, 44.552213], [-110.135952, 44.552154], [-110.136698, 44.552427], [-110.138009, 44.55239], [-110.138664, 44.552373], [-110.140538, 44.552285], [-110.143163, 44.551934], [-110.145035, 44.551946], [-110.147325, 44.552296], [-110.148213, 44.552435], [-110.149614, 44.552679], [-110.150966, 44.553189], [-110.151197, 44.553492], [-110.153299, 44.55384], [-110.153628, 44.553775], [-110.153825, 44.552873], [-110.154301, 44.55214], [-110.154872, 44.551274], [-110.155914, 44.550143], [-110.156195, 44.550178], [-110.157467, 44.549417], [-110.159214, 44.548023], [-110.159788, 44.546889], [-110.163311, 44.545841], [-110.165936, 44.545456], [-110.167717, 44.5452], [-110.169958, 44.545716], [-110.170971, 44.547328], [-110.171487, 44.547198], [-110.171875, 44.545895], [-110.172593, 44.544461], [-110.172378, 44.542653], [-110.171879, 44.541211], [-110.171378, 44.539936], [-110.170306, 44.539495], [-110.169716, 44.537852], [-110.169033, 44.536107], [-110.169328, 44.534737], [-110.169545, 44.531995], [-110.167358, 44.530844], [-110.165091, 44.528454], [-110.162856, 44.527503], [-110.161083, 44.526923], [-110.158763, 44.525168], [-110.156146, 44.524884], [-110.155636, 44.524512], [-110.155033, 44.523973], [-110.154625, 44.522833], [-110.154549, 44.521226], [-110.153857, 44.520385], [-110.152134, 44.519605], [-110.15055, 44.519059], [-110.14882, 44.518981], [-110.148304, 44.519111], [-110.148028, 44.518675], [-110.147812, 44.517034], [-110.146181, 44.516521], [-110.144832, 44.515777], [-110.143945, 44.515638], [-110.142167, 44.515693], [-110.141703, 44.515322], [-110.141667, 44.514385], [-110.141487, 44.513781], [-110.141449, 44.513012], [-110.141831, 44.512278], [-110.142355, 44.511445], [-110.143817, 44.510384], [-110.145881, 44.509829], [-110.146966, 44.509033], [-110.147552, 44.506795], [-110.14715, 44.505153], [-110.146319, 44.504177], [-110.146797, 44.50321], [-110.147427, 44.501307], [-110.147016, 44.500401], [-110.146506, 44.499944], [-110.145492, 44.499944], [-110.144827, 44.499672], [-110.144018, 44.499238], [-110.143636, 44.498637], [-110.143389, 44.497949], [-110.143376, 44.497238], [-110.143596, 44.49661], [-110.143661, 44.495956], [-110.143679, 44.495415], [-110.143459, 44.49438], [-110.14299, 44.493593], [-110.142562, 44.49304], [-110.142203, 44.492392], [-110.141508, 44.491813], [-110.140793, 44.491081], [-110.140275, 44.490576], [-110.139893, 44.49], [-110.138946, 44.48988], [-110.137667, 44.48962], [-110.136398, 44.489417], [-110.1357249, 44.4893242], [-110.135196, 44.489247], [-110.134164, 44.488908], [-110.13329, 44.488361], [-110.132915, 44.488027], [-110.131839, 44.487631], [-110.130966, 44.487019], [-110.1305716, 44.4867715], [-110.13008, 44.486463], [-110.129575, 44.485894], [-110.129248, 44.48535], [-110.128795, 44.484192], [-110.128795, 44.484183], [-110.128828, 44.483441], [-110.129127, 44.482773], [-110.12928, 44.482177], [-110.129401, 44.481483], [-110.129615, 44.480507], [-110.129702, 44.479862], [-110.12908, 44.47888], [-110.128733, 44.478159], [-110.128184, 44.477525], [-110.127568, 44.47693], [-110.127129, 44.476362], [-110.126579, 44.475825], [-110.126261, 44.475451], [-110.125745, 44.475244], [-110.124749, 44.474915], [-110.124026, 44.474636], [-110.123116, 44.474074], [-110.122382, 44.473771], [-110.121737, 44.473541], [-110.120758, 44.473269], [-110.119684, 44.473473], [-110.118554, 44.473774], [-110.117791, 44.474149], [-110.117097, 44.474371], [-110.115873, 44.475123], [-110.115356, 44.475419], [-110.113976, 44.476219], [-110.113135, 44.476513], [-110.112427, 44.477001], [-110.111884, 44.477806], [-110.11162, 44.478523], [-110.111345, 44.479232], [-110.111269, 44.480153], [-110.110729, 44.480521], [-110.109474, 44.480958], [-110.108708, 44.48164], [-110.107953, 44.482395], [-110.107121, 44.483004], [-110.105593, 44.483932], [-110.104301, 44.484732], [-110.102914, 44.485055], [-110.101501, 44.485596], [-110.100226, 44.485823], [-110.099275, 44.486003], [-110.098492, 44.486079], [-110.097982, 44.486851], [-110.09771, 44.48727], [-110.096701, 44.487716], [-110.095402, 44.488088], [-110.093522, 44.488529], [-110.092144, 44.488957], [-110.091629, 44.489132], [-110.090978, 44.489435], [-110.089793, 44.489597], [-110.088494, 44.489945], [-110.087408, 44.490229], [-110.085998, 44.490576], [-110.084076, 44.490678], [-110.082701, 44.490823], [-110.080848, 44.49082], [-110.07935, 44.491013], [-110.077487, 44.490888], [-110.076103, 44.490775], [-110.074369, 44.491144], [-110.073631, 44.491228], [-110.072919, 44.491014], [-110.071448, 44.490747], [-110.070332, 44.490659], [-110.06905, 44.49053], [-110.068715, 44.49056], [-110.068016, 44.491154], [-110.06657, 44.491597], [-110.066148, 44.492418], [-110.065701, 44.493465], [-110.06481, 44.494348], [-110.063623, 44.494632], [-110.062103, 44.494776], [-110.060784, 44.494865], [-110.059065, 44.494886], [-110.05757, 44.494748], [-110.055697, 44.494494], [-110.053555, 44.494327], [-110.051874, 44.49489], [-110.050268, 44.495695], [-110.04905, 44.495841], [-110.047021, 44.495554], [-110.045313, 44.495462], [-110.044352, 44.495602], [-110.042208, 44.495548], [-110.040402, 44.495326], [-110.037259, 44.495823], [-110.035455, 44.497378], [-110.032878, 44.498993], [-110.030801, 44.499944], [-110.028466, 44.500959], [-110.026396, 44.501485], [-110.024752, 44.501713], [-110.023205, 44.501609], [-110.02269, 44.501441], [-110.02185, 44.501072], [-110.020823, 44.50057], [-110.019891, 44.499944], [-110.021797, 44.499944], [-110.022537, 44.499944], [-110.022061, 44.499706], [-110.021315, 44.499483], [-110.020144, 44.499371], [-110.018995, 44.499242], [-110.017756, 44.49925], [-110.016336, 44.49937], [-110.015531, 44.499526], [-110.014275, 44.499944], [-110.016373, 44.499944], [-110.015052, 44.500586], [-110.013781, 44.501048], [-110.01166, 44.501906], [-110.009731, 44.502399], [-110.008462, 44.502562], [-110.006725, 44.502689], [-110.006255, 44.502754], [-110.004791, 44.503681], [-110.003004, 44.504008], [-110.001267, 44.504036], [-110.001641, 44.499944], [-110.002516, 44.499944], [-110.002395, 44.490161], [-110.0023823, 44.4890885], [-110.002382, 44.489067], [-110.00238, 44.488947], [-110.002375, 44.488602], [-110.002374, 44.48859], [-110.002373, 44.488471], [-110.002316, 44.4837848], [-110.002303, 44.482712], [-110.002152, 44.470358], [-110.0020309, 44.4604875], [-110.002027, 44.460171], [-110.005953, 44.4575], [-110.007309, 44.456071], [-110.00792, 44.455357], [-110.008767, 44.454458], [-110.009738, 44.45364], [-110.009815, 44.452728], [-110.010376, 44.451537], [-110.012208, 44.4494], [-110.013939, 44.448354], [-110.015596, 44.447848], [-110.017243, 44.447197], [-110.018078, 44.446411], [-110.018892, 44.445463], [-110.019697, 44.444402], [-110.020912, 44.443449], [-110.021902, 44.442769], [-110.022289, 44.442053], [-110.022779, 44.441168], [-110.024139, 44.440264], [-110.024699, 44.440106], [-110.024991, 44.439979], [-110.02507, 44.439589], [-110.025121, 44.439341], [-110.025787, 44.438627], [-110.026349, 44.438203], [-110.027067, 44.437876], [-110.0272, 44.436981], [-110.027447, 44.435827], [-110.027083, 44.43547], [-110.02659, 44.434731], [-110.026322, 44.433777], [-110.026454, 44.432978], [-110.026728, 44.432439], [-110.027004, 44.431722], [-110.02702, 44.431245], [-110.026985, 44.430429], [-110.02709, 44.43001], [-110.027944, 44.429466], [-110.029109, 44.428997], [-110.030051, 44.428535], [-110.030706, 44.427861], [-110.031314, 44.427372], [-110.03194, 44.427158], [-110.032721, 44.427131], [-110.033874, 44.426807], [-110.035276, 44.426065], [-110.035917, 44.425657], [-110.036602, 44.425193], [-110.038231, 44.424146], [-110.039101, 44.424127], [-110.041379, 44.424836], [-110.043321, 44.425729], [-110.044791, 44.427006], [-110.045851, 44.427005], [-110.047553, 44.426361], [-110.049944, 44.424963], [-110.051606, 44.423875], [-110.053931, 44.422404], [-110.055489, 44.421727], [-110.056717, 44.421581], [-110.057895, 44.421928], [-110.058551, 44.422077], [-110.060648, 44.421072], [-110.061664, 44.4199], [-110.062392, 44.418563], [-110.062761, 44.417435], [-110.062404, 44.416431], [-110.061909, 44.415823], [-110.061646, 44.415361], [-110.061995, 44.415064], [-110.062503, 44.414477], [-110.063118, 44.413302], [-110.063486, 44.412279], [-110.063998, 44.411297], [-110.063985, 44.410448], [-110.064478, 44.409175], [-110.064913, 44.408177], [-110.065521, 44.406549], [-110.066861, 44.40428], [-110.068822, 44.401207], [-110.071418, 44.399316], [-110.07353, 44.398821], [-110.074357, 44.398559], [-110.074298, 44.397888], [-110.07359, 44.396293], [-110.073019, 44.394384], [-110.072164, 44.393078], [-110.070729, 44.391745], [-110.069521, 44.391099], [-110.068694, 44.390254], [-110.068324, 44.38942], [-110.068556, 44.388566], [-110.06921, 44.387891], [-110.069817, 44.387378], [-110.069024, 44.386077], [-110.068952, 44.385959], [-110.068927, 44.385871], [-110.068533, 44.384511], [-110.068645, 44.382788], [-110.068733, 44.381435], [-110.068641, 44.38083], [-110.068462, 44.379649], [-110.067952, 44.378378], [-110.067689, 44.377717], [-110.067594, 44.377479], [-110.067454, 44.377224], [-110.067244, 44.376839], [-110.067328, 44.376266], [-110.067759, 44.375606], [-110.068342, 44.375254], [-110.068801, 44.374945], [-110.069521, 44.374472], [-110.070937, 44.373823], [-110.07031, 44.372695], [-110.069562, 44.370832], [-110.069083, 44.368891], [-110.068607, 44.368039], [-110.06846, 44.366843], [-110.06832, 44.365922], [-110.068057, 44.364386], [-110.068656, 44.36327], [-110.070123, 44.36158], [-110.071146, 44.360435], [-110.071646, 44.359261], [-110.072567, 44.358187], [-110.071925, 44.35664], [-110.071571, 44.355224], [-110.07176, 44.353927], [-110.072632, 44.352522], [-110.072543, 44.351851], [-110.071848, 44.350812], [-110.071004, 44.349973], [-110.070594, 44.349211], [-110.070208, 44.347674], [-110.070244, 44.346262], [-110.070432, 44.345077], [-110.07055, 44.344045], [-110.070678, 44.343085], [-110.070152, 44.341943], [-110.069454, 44.341049], [-110.068973, 44.339874], [-110.068449, 44.339248], [-110.067637, 44.337868], [-110.066305, 44.336977], [-110.064536, 44.336194], [-110.063512, 44.336137], [-110.063268, 44.334762], [-110.063039, 44.333888], [-110.062576, 44.332964], [-110.06184, 44.33236], [-110.060967, 44.331965], [-110.058899, 44.331728], [-110.056327, 44.331592], [-110.054463, 44.33114], [-110.052328, 44.330943], [-110.050579, 44.330959], [-110.04894, 44.330379], [-110.047661, 44.329665], [-110.045898, 44.329205], [-110.043912, 44.328703], [-110.040936, 44.328191], [-110.039905, 44.327278], [-110.039243, 44.326422], [-110.038969, 44.326067], [-110.038135, 44.32476], [-110.037051, 44.323692], [-110.034824, 44.323058], [-110.032794, 44.322563], [-110.031169, 44.321887], [-110.029624, 44.321089], [-110.028255, 44.320415], [-110.027688, 44.319707], [-110.026923, 44.31949], [-110.026014, 44.319845], [-110.023786, 44.321124], [-110.022247, 44.322474], [-110.021275, 44.323264], [-110.0203579, 44.3233733], [-110.019143, 44.323518], [-110.017189, 44.323742], [-110.01534, 44.324362], [-110.013459, 44.325482], [-110.012452, 44.326353], [-110.0122824, 44.3267155], [-110.012081, 44.3267588], [-110.011792, 44.3267923], [-110.0115912, 44.3267996], [-110.0113303, 44.3266533], [-110.0110316, 44.3265156], [-110.0106833, 44.3263415], [-110.0101977, 44.3261303], [-110.0096109, 44.3259721], [-110.0092366, 44.3258608], [-110.0088986, 44.3258219], [-110.0083965, 44.3258446], [-110.0081456, 44.3258514], [-110.0078703, 44.325813], [-110.0074464, 44.3256652], [-110.0068019, 44.3252095], [-110.0063677, 44.3249266], [-110.0059947, 44.3247343], [-110.0056467, 44.3245512], [-110.0053112, 44.3243682], [-110.0050496, 44.3242579], [-110.0047626, 44.3241744], [-110.0043873, 44.3241171], [-110.0043843, 44.3241168], [-110.0039114, 44.3240769], [-110.0034482, 44.3240279], [-110.0030601, 44.3239885], [-110.0027092, 44.3239764], [-110.0023324, 44.3240091], [-110.0022779, 44.324018], [-110.0020683, 44.3240518], [-110.0016788, 44.3240935], [-110.0014025, 44.3241181], [-110.0012144, 44.3241164], [-110.0010766, 44.3241062], [-110.0009893, 44.3240784], [-110.0007419, 44.3240312], [-110.0001517, 44.3239181], [-110.0001467, 44.3239187], [-110.00074, 44.3237705], [-110.001486, 44.319413], [-110.001553, 44.303493], [-110.001555, 44.3005], [-110.001559, 44.295724], [-110.0015617, 44.291925], [-110.001562, 44.291522], [-110.001565, 44.28853], [-110.001585, 44.279278], [-110.001588, 44.278326], [-110.001639, 44.255894], [-110.001648, 44.251525], [-110.001652, 44.249946], [-110.001254, 44.242285], [-110.001277, 44.240758], [-110.001348, 44.236178], [-110.001372, 44.234652], [-110.001398, 44.22987], [-110.0014, 44.22958], [-110.001478, 44.215527], [-110.001505, 44.210746], [-110.001505, 44.210683], [-110.00153, 44.205466], [-110.001562, 44.198803], [-110.001566, 44.197957], [-110.001571, 44.197111], [-110.001597, 44.191645], [-110.001606, 44.189628], [-110.0016197, 44.1868433], [-110.001632, 44.184349], [-110.0016087, 44.1819152], [-110.001137, 44.1325842], [-110.053357, 44.132628], [-110.063158, 44.132629], [-110.063464, 44.132629], [-110.078047, 44.132598], [-110.078221, 44.132598], [-110.07835, 44.132598], [-110.078478, 44.132598], [-110.078559, 44.132598], [-110.119193, 44.132584], [-110.119443, 44.13258], [-110.11952, 44.132579], [-110.119596, 44.132578], [-110.119686, 44.132578], [-110.119775, 44.132579], [-110.125745, 44.132626], [-110.1297587, 44.1326283], [-110.132792, 44.13263], [-110.14333, 44.132702], [-110.154613, 44.132779], [-110.166293, 44.132858], [-110.224282, 44.133253], [-110.224827, 44.133244], [-110.226325, 44.133218], [-110.2264379, 44.1332176], [-110.246244, 44.13315], [-110.250435, 44.133121], [-110.284774, 44.132798], [-110.293276, 44.132786], [-110.2989738, 44.1327786], [-110.306451, 44.132769], [-110.308581, 44.132768], [-110.309503, 44.132765], [-110.315736, 44.132753], [-110.3216548, 44.1327417], [-110.33872, 44.132709], [-110.350967, 44.132685], [-110.353673, 44.132683], [-110.355913, 44.132681], [-110.364441, 44.132675], [-110.367273, 44.132683], [-110.375752, 44.132667], [-110.397014, 44.132667], [-110.415398, 44.132667], [-110.426454, 44.132655], [-110.427118, 44.132655], [-110.431103, 44.132652], [-110.441804, 44.132641], [-110.500864, 44.132641], [-110.500866, 44.132308], [-110.512845, 44.132323], [-110.514447, 44.132375], [-110.514793, 44.132375], [-110.548555, 44.132408], [-110.55115, 44.13241], [-110.553746, 44.132412], [-110.553945, 44.132412], [-110.554548, 44.132412], [-110.555151, 44.132413], [-110.563203, 44.13242], [-110.572072, 44.132429], [-110.572079, 44.132429], [-110.610294, 44.132465], [-110.614609, 44.132469], [-110.625828, 44.13183], [-110.631237, 44.131818], [-110.631509, 44.131817], [-110.631944, 44.131818], [-110.658898, 44.131755], [-110.660413, 44.131752], [-110.660637, 44.131752], [-110.66086, 44.131751], [-110.661341, 44.131736], [-110.661535, 44.13173], [-110.661699, 44.131724], [-110.661863, 44.131719], [-110.6636579, 44.131662], [-110.663717, 44.1316601], [-110.680605, 44.131575], [-110.750808, 44.132175], [-110.768629, 44.132254], [-110.770649, 44.132263], [-110.82185, 44.132459], [-110.846181, 44.132499], [-110.849051, 44.132514], [-110.875731, 44.132592], [-110.8955696, 44.1325739], [-110.900954, 44.132569], [-110.915726, 44.132555], [-110.932213, 44.132566], [-111.0111992, 44.1327383], [-111.0333091, 44.1327448], [-111.048432, 44.1327492], [-111.0522992, 44.1328164], [-111.0538707, 44.1328165], [-111.098012, 44.1328267], [-111.0979136, 44.1859698], [-111.0976371, 44.2439867], [-111.0976742, 44.2730575], [-111.0972998, 44.3588916], [-111.0959809, 44.4861029], [-111.0972218, 44.6505408], [-111.0971962, 44.654169], [-111.0972059, 44.6569777], [-111.097212, 44.6586744], [-111.0972348, 44.6650552], [-111.0972349, 44.8080596], [-111.097235, 44.8882552], [-111.0972354, 44.8882589], [-111.097235, 44.8882642], [-111.0972346, 44.889444], [-111.0972346, 44.8895363], [-111.097232, 44.8931606], [-111.0972295, 44.8966942], [-111.0972295, 44.8967847], [-111.0972259, 44.9004042], [-111.0972226, 44.903888], [-111.0972226, 44.9040237], [-111.097219, 44.9076432], [-111.0972162, 44.9108192], [-111.0972159, 44.9119919], [-111.0972039, 44.9180669], [-111.0971868, 44.9253184], [-111.0971578, 44.9326025], [-111.0971287, 44.9398865], [-111.0970997, 44.9471704], [-111.0970706, 44.9544544], [-111.0970416, 44.9617384], [-111.0970125, 44.9690224], [-111.0969705, 44.9763228], [-111.0969284, 44.9836232], [-111.0968863, 44.9909235], [-111.0968442, 44.9982239], [-111.0968423, 44.9997686], [-111.0968282, 45.0054813], [-111.0968054, 45.0127454], [-111.0968043, 45.0142849], [-111.0967914, 45.0200012], [-111.096791, 45.0213768], [-111.096791, 45.02153], [-111.0967909, 45.022108], [-111.0967909, 45.022131], [-111.0968754, 45.0222015], [-111.0973454, 45.0225428], [-111.09751, 45.0226623], [-111.0976418, 45.0227939], [-111.0988651, 45.0241984], [-111.0989038, 45.0242752], [-111.0991129, 45.0244343], [-111.0994845, 45.0245878], [-111.0996237, 45.0246152], [-111.0999488, 45.024648], [-111.100413, 45.0247522], [-111.100715, 45.0248837], [-111.1008542, 45.024977], [-111.1010323, 45.0251086], [-111.1014582, 45.0254707], [-111.1015123, 45.0255036], [-111.1020231, 45.025668], [-111.1022322, 45.0257173], [-111.10265, 45.0257776], [-111.1028821, 45.025739], [-111.1038182, 45.0253161], [-111.1039884, 45.0252558], [-111.1042669, 45.0252336], [-111.1045455, 45.0253104], [-111.1046926, 45.0253982], [-111.1048242, 45.0254969], [-111.1049946, 45.0256615], [-111.105072, 45.0257163], [-111.1052191, 45.0257766], [-111.1055442, 45.0258314], [-111.1056215, 45.0258532], [-111.1056835, 45.0258861], [-111.1059545, 45.0260782], [-111.1060474, 45.026122], [-111.1062331, 45.0261822], [-111.1065116, 45.0262261], [-111.1071153, 45.0262862], [-111.1073165, 45.0263355], [-111.1074791, 45.0263958], [-111.1077268, 45.0265549], [-111.1079669, 45.0267249], [-111.1080366, 45.0267962], [-111.1081062, 45.0269005], [-111.1081528, 45.0270101], [-111.108184, 45.02729], [-111.1081841, 45.0274217], [-111.1082228, 45.0275205], [-111.1082926, 45.0276466], [-111.1083313, 45.027696], [-111.1083778, 45.0277289], [-111.1084319, 45.0277563], [-111.1086952, 45.0278112], [-111.1087106, 45.0277947], [-111.1089273, 45.0277671], [-111.1090588, 45.0277726], [-111.1092213, 45.0277945], [-111.1096935, 45.0279534], [-111.1100031, 45.028085], [-111.1104289, 45.0282824], [-111.1105992, 45.0283756], [-111.1107077, 45.0284633], [-111.1108857, 45.0286389], [-111.1110047, 45.0287736], [-111.1110407, 45.0288144], [-111.1113036, 45.0292195], [-111.1113971, 45.029363], [-111.1115133, 45.0295111], [-111.1121021, 45.0301803], [-111.1124196, 45.0306083], [-111.1124817, 45.0307289], [-111.112505, 45.0308222], [-111.1125051, 45.0309429], [-111.1123664, 45.0315467], [-111.1123587, 45.0316619], [-111.1123742, 45.0318046], [-111.1124519, 45.032046], [-111.1125293, 45.0321886], [-111.1126456, 45.0323478], [-111.1127619, 45.0324793], [-111.1128935, 45.0325945], [-111.1131878, 45.032803], [-111.1132807, 45.0328413], [-111.1133813, 45.0328687], [-111.1139075, 45.0328904], [-111.1139772, 45.0329069], [-111.1140391, 45.0329398], [-111.114101, 45.0329836], [-111.1141708, 45.033055], [-111.1142405, 45.0331536], [-111.1144421, 45.0335322], [-111.1145273, 45.0336475], [-111.1146513, 45.0337626], [-111.1148061, 45.0338668], [-111.114899, 45.0339162], [-111.1150616, 45.0340313], [-111.1156269, 45.0342944], [-111.1160682, 45.0345302], [-111.1165019, 45.0347879], [-111.1166103, 45.0348427], [-111.1167574, 45.0349031], [-111.1169277, 45.0349524], [-111.1173069, 45.0350235], [-111.1176089, 45.0351112], [-111.1178024, 45.0351824], [-111.1178954, 45.0352592], [-111.1180967, 45.0353853], [-111.1182129, 45.0354292], [-111.1184064, 45.0354675], [-111.1187702, 45.0355112], [-111.1189173, 45.0355057], [-111.1193196, 45.035456], [-111.1194047, 45.0354285], [-111.1196059, 45.0354011], [-111.1199311, 45.0354942], [-111.1201324, 45.0355983], [-111.1203184, 45.0357409], [-111.1204035, 45.0358341], [-111.1204268, 45.035889], [-111.1204424, 45.0359768], [-111.1203574, 45.0361525], [-111.1203111, 45.0362128], [-111.1201795, 45.0363171], [-111.1197928, 45.0365643], [-111.119762, 45.0366357], [-111.1197697, 45.0366795], [-111.1198938, 45.0369099], [-111.1199171, 45.0369758], [-111.1199327, 45.037091], [-111.1199486, 45.0374971], [-111.1199255, 45.0376288], [-111.1198019, 45.0379472], [-111.1197944, 45.0380569], [-111.1198177, 45.0381502], [-111.119872, 45.038238], [-111.1199417, 45.0383202], [-111.1200268, 45.038397], [-111.1204218, 45.0386493], [-111.120569, 45.038715], [-111.1207547, 45.0387753], [-111.1209328, 45.0388191], [-111.1215598, 45.0389121], [-111.1216759, 45.038923], [-111.1217998, 45.0389229], [-111.1219855, 45.0388954], [-111.1222951, 45.0388294], [-111.1227284, 45.0387139], [-111.1228909, 45.0386974], [-111.1229992, 45.0387083], [-111.1231308, 45.0387412], [-111.1232857, 45.0388069], [-111.1233631, 45.0388507], [-111.1234329, 45.038944], [-111.1234485, 45.0390319], [-111.1234333, 45.0393226], [-111.123449, 45.0395202], [-111.1234802, 45.0396958], [-111.1235654, 45.0398055], [-111.1236584, 45.0398823], [-111.123728, 45.0399207], [-111.1238674, 45.0399645], [-111.1240378, 45.0400083], [-111.1241384, 45.0400138], [-111.1242003, 45.0399917], [-111.1243009, 45.0398929], [-111.1244478, 45.0397941], [-111.124587, 45.0397665], [-111.12468, 45.039783], [-111.1247884, 45.0398213], [-111.1254467, 45.0402051], [-111.1255164, 45.0402709], [-111.1255707, 45.0403477], [-111.125594, 45.0404409], [-111.1256638, 45.0405562], [-111.1257822, 45.0406276], [-111.1259987, 45.0407155], [-111.1262077, 45.040765], [-111.126347, 45.040787], [-111.126912, 45.0408148], [-111.1271597, 45.0408149], [-111.1273764, 45.0408479], [-111.1275776, 45.0409358], [-111.1278172, 45.0410896], [-111.1283741, 45.0415783], [-111.128699, 45.0418419], [-111.1288692, 45.0419243], [-111.1289464, 45.0419518], [-111.1290625, 45.0419738], [-111.1292869, 45.0420013], [-111.1296431, 45.0419795], [-111.1297823, 45.0419796], [-111.1299527, 45.0420017], [-111.130177, 45.0420566], [-111.1303395, 45.0421116], [-111.1304247, 45.04215], [-111.130502, 45.042194], [-111.1305794, 45.0422653], [-111.1308344, 45.0426002], [-111.1310819, 45.0428088], [-111.131229, 45.0428913], [-111.131871, 45.0431934], [-111.1319716, 45.0432648], [-111.132049, 45.0433361], [-111.1321109, 45.043413], [-111.1321673, 45.0435166], [-111.1322204, 45.0436141], [-111.132389, 45.0439235], [-111.132528, 45.044154], [-111.1326131, 45.0442639], [-111.1327755, 45.044434], [-111.1329843, 45.0446207], [-111.1330661, 45.0446837], [-111.1331699, 45.0447635], [-111.1335491, 45.0449777], [-111.1338354, 45.0450766], [-111.1339746, 45.045104], [-111.1341449, 45.0451206], [-111.1348571, 45.0451484], [-111.1350428, 45.0451704], [-111.1351898, 45.0452089], [-111.1357857, 45.0455055], [-111.135863, 45.0455768], [-111.135948, 45.04578], [-111.1360176, 45.0458568], [-111.1361491, 45.0459282], [-111.1362187, 45.0459557], [-111.1366444, 45.0460436], [-111.1368844, 45.0460712], [-111.1372713, 45.0461372], [-111.1373719, 45.0461428], [-111.1374726, 45.0461319], [-111.1376274, 45.0460551], [-111.137643, 45.0460222], [-111.1376508, 45.0459398], [-111.1376353, 45.0458959], [-111.1375116, 45.0457861], [-111.1374884, 45.0457422], [-111.1374807, 45.0456928], [-111.1374884, 45.0456435], [-111.1376201, 45.0455393], [-111.1377363, 45.0454789], [-111.1377673, 45.0454735], [-111.1379375, 45.045479], [-111.1381349, 45.045495], [-111.1382782, 45.0455066], [-111.1384329, 45.0455451], [-111.1388276, 45.0457099], [-111.1390596, 45.0458362], [-111.1391989, 45.0459789], [-111.1393922, 45.0462534], [-111.1394696, 45.0462644], [-111.1395392, 45.0463248], [-111.1395546, 45.0463577], [-111.1395391, 45.0464675], [-111.1395467, 45.0465169], [-111.13957, 45.0465827], [-111.1396163, 45.0466541], [-111.1397402, 45.0467365], [-111.1398485, 45.0467858], [-111.1401348, 45.0468738], [-111.1402355, 45.0468793], [-111.1403283, 45.0468683], [-111.1406457, 45.0467588], [-111.1408007, 45.0467204], [-111.1409709, 45.0466985], [-111.1413658, 45.0466713], [-111.1417837, 45.0466988], [-111.1419772, 45.0467373], [-111.1420702, 45.0467813], [-111.1422093, 45.0468801], [-111.1423176, 45.0469734], [-111.1423718, 45.0471107], [-111.1423793, 45.0474015], [-111.1423947, 45.0474674], [-111.142441, 45.0475332], [-111.1425029, 45.0475936], [-111.1425648, 45.0476266], [-111.1426655, 45.047654], [-111.1430835, 45.0476926], [-111.1432228, 45.0476872], [-111.143579, 45.047594], [-111.1436719, 45.0475776], [-111.1438034, 45.0475777], [-111.1438963, 45.0475886], [-111.1440898, 45.0476381], [-111.1442137, 45.0476985], [-111.144322, 45.0477644], [-111.1444303, 45.0478523], [-111.144817, 45.048264], [-111.144995, 45.0484012], [-111.1453896, 45.0485715], [-111.1456296, 45.0487088], [-111.1457688, 45.0487747], [-111.1459546, 45.0488406], [-111.1461712, 45.04889], [-111.146388, 45.0489285], [-111.1469066, 45.0489781], [-111.1470072, 45.0489946], [-111.1471234, 45.0490276], [-111.1473013, 45.0491319], [-111.1476263, 45.0494393], [-111.1478119, 45.0495821], [-111.1483445, 45.0498808], [-111.1485186, 45.0499784], [-111.1486244, 45.0500378], [-111.1491507, 45.0502959], [-111.1496769, 45.0505101], [-111.1497775, 45.0505376], [-111.1498937, 45.0505541], [-111.1502343, 45.0505816], [-111.150451, 45.0506311], [-111.150598, 45.050686], [-111.150954, 45.0508837], [-111.1515499, 45.051235], [-111.151813, 45.0513668], [-111.1519832, 45.0514931], [-111.1520915, 45.0517181], [-111.152223, 45.0519102], [-111.1523545, 45.0520365], [-111.1524939, 45.0521188], [-111.1525789, 45.0521518], [-111.1528266, 45.0522122], [-111.153113, 45.0522287], [-111.1533144, 45.0521959], [-111.1534925, 45.0521411], [-111.1536474, 45.0520807], [-111.1539028, 45.0519985], [-111.1539803, 45.0519876], [-111.1541041, 45.0519931], [-111.1542745, 45.0520206], [-111.1544525, 45.0520755], [-111.1546537, 45.0521689], [-111.1548317, 45.0522841], [-111.1549865, 45.0524159], [-111.1551103, 45.0525531], [-111.1551876, 45.0526574], [-111.1552495, 45.0527671], [-111.1552882, 45.0528714], [-111.1553809, 45.0532446], [-111.1555355, 45.0533764], [-111.1559612, 45.0536838], [-111.1559859, 45.0537039], [-111.1555112, 45.0538717], [-111.1552974, 45.0540657], [-111.1550459, 45.0542939], [-111.1535772, 45.0556264], [-111.1525986, 45.0561587], [-111.1522061, 45.056874], [-111.1522791, 45.0571406]]]}, "properties": {"name": "Yellowstone National Park", "osm_id": 1453306}}, {"type": "Feature", "geometry": {"type": "Polygon", "coordinates": [[[-110.8966707, 43.5740381], [-110.8980237, 43.574399], [-110.8993389, 43.5748896], [-110.9000887, 43.5749237], [-110.9008534, 43.5751468], [-110.9019852, 43.5755483], [-110.9026885, 43.5759271], [-110.9041868, 43.5767962], [-110.9053793, 43.5775092], [-110.9062966, 43.5781329], [-110.9073365, 43.578601], [-110.9080392, 43.5794026], [-110.9083131, 43.5804709], [-110.9085573, 43.5808939], [-110.9095359, 43.5814954], [-110.9096578, 43.5818515], [-110.9095349, 43.5821852], [-110.9093962, 43.582797], [-110.9094257, 43.5835313], [-110.9095774, 43.5844437], [-110.9104328, 43.5855569], [-110.9108296, 43.5863805], [-110.9113486, 43.587271], [-110.9118369, 43.5882949], [-110.9123872, 43.5887848], [-110.9132129, 43.5893639], [-110.9144521, 43.589821], [-110.9155537, 43.5901333], [-110.9171449, 43.5906462], [-110.918675, 43.5910923], [-110.9195623, 43.5914712], [-110.9206634, 43.5922284], [-110.9211218, 43.592785], [-110.9222843, 43.5934978], [-110.923569, 43.5943665], [-110.9245478, 43.5951014], [-110.9252814, 43.5960141], [-110.9253436, 43.5960821], [-110.9259732, 43.5964806], [-110.92642, 43.596806], [-110.9267129, 43.5973344], [-110.926964, 43.5978019], [-110.927131, 43.5983708], [-110.9273539, 43.5989805], [-110.9275188, 43.5991333], [-110.9277727, 43.5992755], [-110.9290885, 43.5999215], [-110.9301595, 43.6004562], [-110.9307714, 43.6008793], [-110.9309541, 43.6017917], [-110.9312598, 43.6022369], [-110.9320553, 43.6027491], [-110.9326368, 43.6029942], [-110.933586, 43.6029948], [-110.9346119, 43.6028507], [-110.9353465, 43.6030959], [-110.9360194, 43.6037638], [-110.9369681, 43.604276], [-110.9383764, 43.6045438], [-110.93954, 43.6044331], [-110.9412243, 43.6043004], [-110.9424798, 43.6041898], [-110.9436739, 43.6042349], [-110.9449598, 43.604458], [-110.9467356, 43.6046368], [-110.9480854, 43.604744], [-110.948144, 43.6047486], [-110.9481438, 43.6050379], [-110.9482046, 43.605483], [-110.9483264, 43.6063063], [-110.9484175, 43.6072409], [-110.9483705, 43.608498], [-110.9480332, 43.6089652], [-110.9474204, 43.6094544], [-110.9469608, 43.6096545], [-110.9465015, 43.6096988], [-110.9459807, 43.6098543], [-110.9448168, 43.6101208], [-110.9430709, 43.6105872], [-110.9423968, 43.6109652], [-110.9421208, 43.6113433], [-110.9419672, 43.6118773], [-110.941568, 43.6129451], [-110.9415676, 43.6133901], [-110.9419343, 43.6142804], [-110.9424691, 43.6154488], [-110.9427134, 43.6161832], [-110.9430188, 43.6171401], [-110.9431711, 43.6180302], [-110.9430787, 43.6185642], [-110.9430476, 43.618987], [-110.9437823, 43.6194546], [-110.9445779, 43.6201892], [-110.9451593, 43.6208125], [-110.9453423, 43.6217026], [-110.9458617, 43.6230601], [-110.9458362, 43.6230466], [-110.9454025, 43.6228152], [-110.9448205, 43.6228149], [-110.9441468, 43.6227479], [-110.9430445, 43.6223691], [-110.9428761, 43.6222244], [-110.9420493, 43.622135], [-110.9414365, 43.6223572], [-110.9406704, 43.6227351], [-110.9402413, 43.6230464], [-110.9400875, 43.6236471], [-110.9397501, 43.6240919], [-110.9389225, 43.6247145], [-110.9382178, 43.6248699], [-110.9372373, 43.6251364], [-110.9366248, 43.6251139], [-110.9360426, 43.6252693], [-110.9355521, 43.6256696], [-110.9350919, 43.6263146], [-110.9346315, 43.6272266], [-110.9342022, 43.6276492], [-110.9338347, 43.62756], [-110.9332834, 43.6274707], [-110.932089, 43.6273365], [-110.9310325, 43.626991], [-110.9302665, 43.6272353], [-110.9297454, 43.627502], [-110.9289487, 43.6277685], [-110.9281211, 43.6282131], [-110.9273551, 43.6284129], [-110.9257311, 43.6287456], [-110.9244439, 43.6292788], [-110.9232176, 43.6300568], [-110.9223596, 43.6302565], [-110.9212876, 43.6301668], [-110.9198787, 43.6299656], [-110.9188064, 43.6300316], [-110.917826, 43.6301645], [-110.9165856, 43.6299745], [-110.9153302, 43.6295508], [-110.9141052, 43.6293497], [-110.9132163, 43.6297273], [-110.9125106, 43.6305501], [-110.9125095, 43.6313066], [-110.9122328, 43.6319517], [-110.9118952, 43.6323964], [-110.9108225, 43.6327071], [-110.9101479, 43.6331961], [-110.9091051, 43.6339519], [-110.908247, 43.6341737], [-110.9074815, 43.6339284], [-110.9061651, 43.6333265], [-110.9045425, 43.6326577], [-110.9027363, 43.6319442], [-110.9018181, 43.6314094], [-110.9009303, 43.6310527], [-110.9002569, 43.6307406], [-110.900409, 43.6314082], [-110.9007448, 43.6321206], [-110.9009273, 43.6328772], [-110.9013552, 43.6335006], [-110.9026713, 43.6342138], [-110.9035129, 43.6348041], [-110.9036337, 43.6358722], [-110.9042449, 43.6368518], [-110.9048868, 43.6377423], [-110.9055289, 43.6385884], [-110.9065078, 43.6395682], [-110.9076094, 43.6404369], [-110.9088953, 43.6410831], [-110.9102271, 43.6417405], [-110.9105327, 43.6422525], [-110.9101026, 43.643031], [-110.9095198, 43.6434311], [-110.9086306, 43.6438532], [-110.9082314, 43.6444759], [-110.9086136, 43.6449991], [-110.9089809, 43.6452664], [-110.9098692, 43.6454228], [-110.90993, 43.6457344], [-110.9099906, 43.6462462], [-110.9102964, 43.6466692], [-110.9104123, 43.6468139], [-110.9104847, 43.6469803], [-110.9107727, 43.6476889], [-110.9110968, 43.6483712], [-110.9115841, 43.6486733], [-110.9117418, 43.6487209], [-110.9125411, 43.6489626], [-110.9128658, 43.6492645], [-110.9129194, 43.6496712], [-110.9129004, 43.6503533], [-110.912773, 43.651009], [-110.9126278, 43.6514811], [-110.9124873, 43.651938], [-110.9124826, 43.6519533], [-110.9119583, 43.6522808], [-110.9105847, 43.6526864], [-110.909951, 43.6526767], [-110.9094436, 43.6527946], [-110.9085496, 43.65288], [-110.9080973, 43.6527936], [-110.9078176, 43.6525822], [-110.9075377, 43.6525351], [-110.9071174, 43.6527146], [-110.9065569, 43.6529957], [-110.905932, 43.6531125], [-110.9055874, 43.6530575], [-110.9051888, 43.6531041], [-110.9049299, 43.6534089], [-110.9048106, 43.6539171], [-110.9048202, 43.6546366], [-110.9047653, 43.6552935], [-110.9049532, 43.6557042], [-110.9053083, 43.6559078], [-110.9059006, 43.6559708], [-110.9067407, 43.6559637], [-110.9072038, 43.6559953], [-110.9078284, 43.656074], [-110.9082159, 43.6562385], [-110.9083554, 43.6566218], [-110.9084512, 43.6573805], [-110.9087304, 43.6579594], [-110.9089562, 43.6582098], [-110.9092518, 43.6586128], [-110.9093049, 43.6591212], [-110.9091854, 43.6597545], [-110.909012, 43.6604582], [-110.9089898, 43.6609039], [-110.9088544, 43.6614239], [-110.9086814, 43.6618382], [-110.9081854, 43.6621585], [-110.9078511, 43.6623928], [-110.9073657, 43.6628069], [-110.9068372, 43.6632835], [-110.9066533, 43.6637292], [-110.906313, 43.6643741], [-110.9059886, 43.6651715], [-110.9058585, 43.665711], [-110.9059866, 43.6664775], [-110.9062599, 43.667334], [-110.906496, 43.6679442], [-110.9065164, 43.6686715], [-110.9065694, 43.6692659], [-110.9067195, 43.670612], [-110.9066109, 43.6711594], [-110.9062872, 43.6714915], [-110.9055323, 43.6719308], [-110.9048587, 43.6721062], [-110.9042124, 43.6720079], [-110.9035125, 43.6718021], [-110.9028934, 43.6715669], [-110.902072, 43.6714294], [-110.9008465, 43.6714773], [-110.9003751, 43.6714964], [-110.8988735, 43.6714903], [-110.8976612, 43.6716065], [-110.8968656, 43.6722217], [-110.8961771, 43.6731888], [-110.8952061, 43.6740091], [-110.8947336, 43.6746441], [-110.8945849, 43.6749665], [-110.8943078, 43.6755186], [-110.8940775, 43.6762711], [-110.8938874, 43.6771605], [-110.893576, 43.6780693], [-110.8934409, 43.6783233], [-110.8930149, 43.6793054], [-110.8927431, 43.6806639], [-110.8923913, 43.6815629], [-110.8921953, 43.6819684], [-110.891993, 43.6821148], [-110.8918852, 43.6821441], [-110.8914273, 43.6820752], [-110.8905522, 43.68183], [-110.890189, 43.6816146], [-110.889584, 43.6809884], [-110.8890597, 43.6804308], [-110.8886021, 43.680225], [-110.8881713, 43.6801464], [-110.8877804, 43.6802927], [-110.8874698, 43.6807225], [-110.886984, 43.681201], [-110.8863499, 43.6817772], [-110.8859316, 43.6821678], [-110.8853042, 43.682739], [-110.8835503, 43.6841938], [-110.8827536, 43.6852195], [-110.8824702, 43.6855026], [-110.8824482, 43.6854804], [-110.8818518, 43.6848764], [-110.8813138, 43.6844262], [-110.880493, 43.684005], [-110.8799007, 43.6838089], [-110.8790997, 43.6835882], [-110.8781567, 43.6836752], [-110.8774692, 43.6839384], [-110.8768898, 43.6840355], [-110.8761757, 43.6840739], [-110.8753945, 43.6840828], [-110.8740071, 43.6840716], [-110.8718588, 43.6840057], [-110.8702556, 43.6841017], [-110.8694065, 43.6843451], [-110.8687871, 43.6842369], [-110.8683023, 43.6842071], [-110.8675613, 43.6842746], [-110.8671776, 43.6841813], [-110.866693, 43.6840048], [-110.8661951, 43.6837794], [-110.8660012, 43.6837091], [-110.8657992, 43.6836012], [-110.864876, 43.6825703], [-110.8641377, 43.681674], [-110.8635824, 43.6817181], [-110.8630876, 43.6822548], [-110.8629011, 43.6828814], [-110.8625863, 43.6856571], [-110.8626012, 43.6861702], [-110.8624974, 43.686274], [-110.8621881, 43.6874529], [-110.8615421, 43.6883644], [-110.86102, 43.6887198], [-110.8603755, 43.6889416], [-110.8599157, 43.6888965], [-110.8586594, 43.688539], [-110.856529, 43.6882583], [-110.855732, 43.688146], [-110.8550272, 43.6879894], [-110.853587, 43.6876093], [-110.8520852, 43.6873404], [-110.8500619, 43.6871599], [-110.8484985, 43.6870243], [-110.8473339, 43.6868003], [-110.8460161, 43.6865316], [-110.8440856, 43.686084], [-110.8424926, 43.6855478], [-110.841252, 43.6851123], [-110.8401801, 43.6846213], [-110.8389547, 43.6842413], [-110.8380047, 43.684062], [-110.8373923, 43.6837497], [-110.8366256, 43.6838153], [-110.8359193, 43.6842371], [-110.8354282, 43.6844367], [-110.8344765, 43.6848581], [-110.833494, 43.6853462], [-110.8324815, 43.6855895], [-110.8315914, 43.6859443], [-110.8301793, 43.686543], [-110.8291658, 43.68712], [-110.8284277, 43.6878977], [-110.8272296, 43.6886747], [-110.8263386, 43.6893187], [-110.8257857, 43.6896516], [-110.8243677, 43.6900818], [-110.8251598, 43.6907828], [-110.8259228, 43.6917512], [-110.8262049, 43.6922867], [-110.8271944, 43.6934201], [-110.8277589, 43.6943677], [-110.8284367, 43.6954183], [-110.8288322, 43.6959746], [-110.8293694, 43.6965928], [-110.8296085, 43.6973032], [-110.829182, 43.697673], [-110.8288404, 43.6981047], [-110.8290079, 43.6990311], [-110.8291463, 43.7002456], [-110.829372, 43.7006781], [-110.8303076, 43.7008853], [-110.8314129, 43.7012367], [-110.8321497, 43.7015054], [-110.8328013, 43.7018356], [-110.8331404, 43.7022889], [-110.8332243, 43.7027417], [-110.8333079, 43.7032976], [-110.8338458, 43.7036894], [-110.8346107, 43.7040609], [-110.8357591, 43.7042786], [-110.836667, 43.7042387], [-110.8375465, 43.7041988], [-110.8383972, 43.704344], [-110.8389352, 43.7047152], [-110.8394435, 43.7056009], [-110.8397524, 43.7067744], [-110.8403454, 43.7078249], [-110.8404007, 43.7084012], [-110.8404277, 43.7088952], [-110.8405673, 43.7097598], [-110.8404236, 43.7104387], [-110.8400096, 43.7114363], [-110.8393828, 43.7124234], [-110.8389254, 43.7137193], [-110.8386097, 43.7150566], [-110.8380393, 43.716126], [-110.8382945, 43.7162087], [-110.8389182, 43.7163948], [-110.8400365, 43.7173328], [-110.8404039, 43.7179095], [-110.840629, 43.7186302], [-110.8413649, 43.7193103], [-110.841874, 43.7199696], [-110.8426679, 43.7202176], [-110.8436885, 43.7205895], [-110.8445378, 43.7213315], [-110.8458696, 43.7220906], [-110.8477511, 43.7231798], [-110.8487716, 43.7236421], [-110.8500645, 43.7241048], [-110.8512665, 43.7246002], [-110.8519016, 43.7248151], [-110.85231, 43.7249309], [-110.8525367, 43.7250464], [-110.8523768, 43.7254578], [-110.8516264, 43.7259508], [-110.8510784, 43.7272014], [-110.8504962, 43.7285261], [-110.8501981, 43.7296947], [-110.8500831, 43.7303202], [-110.8497633, 43.7310936], [-110.8495579, 43.7314885], [-110.8495786, 43.7322953], [-110.849463, 43.7331348], [-110.8492226, 43.7339166], [-110.8496529, 43.7343617], [-110.8505813, 43.7354166], [-110.8518038, 43.7368999], [-110.8525732, 43.7379711], [-110.8529805, 43.7385643], [-110.8533528, 43.7395609], [-110.8535101, 43.7402362], [-110.8534627, 43.7410429], [-110.8535976, 43.7416028], [-110.8535283, 43.7420802], [-110.8532997, 43.742722], [-110.8531166, 43.7433145], [-110.8530241, 43.7439565], [-110.8528869, 43.744368], [-110.8526463, 43.7452321], [-110.8521681, 43.7457748], [-110.8518942, 43.7463013], [-110.851847, 43.7467129], [-110.8525955, 43.7474547], [-110.8526397, 43.7479322], [-110.8526381, 43.7486073], [-110.8524543, 43.7494303], [-110.8524304, 43.7499406], [-110.8525765, 43.7505418], [-110.8525058, 43.7515954], [-110.8524365, 43.7520563], [-110.8525035, 43.7525174], [-110.8528435, 43.7528142], [-110.8532969, 43.7531605], [-110.8538857, 43.7538857], [-110.8545423, 43.7547592], [-110.8550177, 43.7554019], [-110.8551078, 43.7557148], [-110.8556161, 43.7568432], [-110.8555455, 43.7578969], [-110.8554076, 43.7585553], [-110.8552467, 43.7593289], [-110.8546321, 43.7598386], [-110.854086, 43.7602331], [-110.8535395, 43.7607592], [-110.8530843, 43.7611044], [-110.8531849, 43.7617714], [-110.8536152, 43.7623152], [-110.8538863, 43.7629083], [-110.8537487, 43.763435], [-110.8533164, 43.7637308], [-110.8527478, 43.7639935], [-110.852202, 43.7642233], [-110.8512018, 43.764469], [-110.849792, 43.7649941], [-110.8491775, 43.7654379], [-110.8483344, 43.7664411], [-110.8475151, 43.7669998], [-110.8464569, 43.7676982], [-110.8455693, 43.7682733], [-110.8454095, 43.7686024], [-110.8454526, 43.7694915], [-110.8452922, 43.7700182], [-110.8451323, 43.7703473], [-110.8452898, 43.7709402], [-110.845675, 43.7713523], [-110.8462866, 43.7720611], [-110.8468079, 43.7725722], [-110.8471935, 43.7728361], [-110.8477711, 43.7735366], [-110.8479062, 43.7739978], [-110.8479047, 43.7745905], [-110.8478582, 43.7750185], [-110.8480391, 43.7753316], [-110.8485386, 43.7754969], [-110.849742, 43.7758606], [-110.8507632, 43.7763723], [-110.8517609, 43.7772133], [-110.8522929, 43.7779795], [-110.8523373, 43.7784406], [-110.8526537, 43.779116], [-110.8528331, 43.7801041], [-110.8527396, 43.7811578], [-110.8527382, 43.7817011], [-110.8526907, 43.7825572], [-110.8527243, 43.7826605], [-110.8528598, 43.783076], [-110.853495, 43.7835378], [-110.8538562, 43.7844932], [-110.8538323, 43.7849871], [-110.8534446, 43.7855464], [-110.8531251, 43.7860729], [-110.8529422, 43.7865337], [-110.8529416, 43.7867806], [-110.8532127, 43.7874395], [-110.8535069, 43.7879503], [-110.8539722, 43.7881896], [-110.8540853, 43.7884203], [-110.853925, 43.7888811], [-110.8539925, 43.7891775], [-110.8543328, 43.7894414], [-110.8549913, 43.7896562], [-110.8560817, 43.7898716], [-110.8571726, 43.7898729], [-110.8580814, 43.7900057], [-110.8587398, 43.7903029], [-110.8595113, 43.7908307], [-110.8600555, 43.7913911], [-110.8603499, 43.7918195], [-110.8602567, 43.7928238], [-110.8601178, 43.7938773], [-110.8594209, 43.7954324], [-110.859238, 43.7958932], [-110.859305, 43.7963872], [-110.8598945, 43.7970135], [-110.8605293, 43.7977387], [-110.8607783, 43.7981836], [-110.860641, 43.7985785], [-110.8603897, 43.7990886], [-110.8587852, 43.7999182], [-110.8582383, 43.8004938], [-110.8579869, 43.8010697], [-110.8580319, 43.8012509], [-110.8585539, 43.8015973], [-110.8591445, 43.801812], [-110.8606885, 43.8025547], [-110.8619367, 43.8034618], [-110.8626407, 43.8037754], [-110.8637993, 43.8040896], [-110.8649813, 43.8041568], [-110.8663904, 43.8042901], [-110.868345, 43.8044734], [-110.8687314, 43.8045068], [-110.8695261, 43.8049357], [-110.8702298, 43.8053975], [-110.8701945, 43.805949], [-110.8698294, 43.8065743], [-110.8692594, 43.8073475], [-110.8691893, 43.8082035], [-110.8689838, 43.8086149], [-110.8685962, 43.8091084], [-110.8686863, 43.8095037], [-110.8695033, 43.8101632], [-110.8698881, 43.8109703], [-110.8701937, 43.8115716], [-110.8703967, 43.8123127], [-110.8703041, 43.8130535], [-110.8700069, 43.8137941], [-110.8695509, 43.8143699], [-110.8688903, 43.8149618], [-110.8683956, 43.8154834], [-110.8687062, 43.8159495], [-110.8687504, 43.8165423], [-110.8679457, 43.8176586], [-110.8676443, 43.8182948], [-110.8685733, 43.8195139], [-110.8693424, 43.8213423], [-110.869636, 43.8222481], [-110.8697719, 43.8225282], [-110.8704173, 43.8237555], [-110.8707573, 43.8242333], [-110.8708694, 43.8249743], [-110.8708825, 43.8250766], [-110.8709812, 43.8258471], [-110.8707293, 43.82667], [-110.8706141, 43.8273449], [-110.8705346, 43.828009], [-110.8706771, 43.8281773], [-110.8712607, 43.8285204], [-110.8720946, 43.8289242], [-110.8729001, 43.8296301], [-110.8732332, 43.8300334], [-110.8732877, 43.8305774], [-110.8729788, 43.8318462], [-110.8729634, 43.83256], [-110.8730475, 43.8326902], [-110.8732733, 43.8334314], [-110.8743498, 43.8352683], [-110.8744169, 43.8357788], [-110.8742332, 43.8366183], [-110.8737548, 43.8369635], [-110.87389, 43.8375893], [-110.8741818, 43.8394336], [-110.8741676, 43.8407754], [-110.8742107, 43.8419115], [-110.8742319, 43.8426195], [-110.8743899, 43.8431959], [-110.8746847, 43.8436243], [-110.8755027, 43.8440697], [-110.8759342, 43.8444159], [-110.8767517, 43.8451412], [-110.8771479, 43.8460389], [-110.8771467, 43.8466316], [-110.8768717, 43.8476027], [-110.8765289, 43.8483597], [-110.876141, 43.8488862], [-110.8762531, 43.8497095], [-110.8766377, 43.8507142], [-110.8773873, 43.8512912], [-110.8779654, 43.8522879], [-110.8786905, 43.8537375], [-110.8787799, 43.854495], [-110.879096, 43.8557136], [-110.8791167, 43.8567344], [-110.8787852, 43.8575162], [-110.8784193, 43.8584213], [-110.8784181, 43.8589976], [-110.8788024, 43.8602163], [-110.879301, 43.8612211], [-110.8793046, 43.861265], [-110.8793454, 43.8617645], [-110.8791395, 43.8622747], [-110.8787747, 43.862653], [-110.877943, 43.8631872], [-110.8769409, 43.8636472], [-110.8765311, 43.8637455], [-110.875803, 43.8637118], [-110.8751885, 43.8637441], [-110.8743002, 43.8641548], [-110.8735712, 43.8645492], [-110.8733876, 43.8652898], [-110.8730674, 43.8660304], [-110.8725199, 43.866639], [-110.8718806, 43.8676426], [-110.8715375, 43.868449], [-110.8707722, 43.86979], [-110.870565, 43.8708764], [-110.8707223, 43.8717986], [-110.8711073, 43.8727045], [-110.8716066, 43.8733142], [-110.8720157, 43.873611], [-110.8720141, 43.8743354], [-110.8719853, 43.8744211], [-110.8719339, 43.8745741], [-110.8717062, 43.8746232], [-110.8706595, 43.8745233], [-110.8683834, 43.8745867], [-110.8664036, 43.8744527], [-110.8643094, 43.874615], [-110.863194, 43.874696], [-110.8626469, 43.8750576], [-110.8612677, 43.8760191], [-110.8610169, 43.8761835], [-110.8606072, 43.8762159], [-110.85972, 43.8760502], [-110.8590144, 43.8760329], [-110.8578306, 43.8761632], [-110.8568743, 43.8762938], [-110.8562136, 43.8765564], [-110.8552563, 43.8771479], [-110.8543217, 43.877723], [-110.8527734, 43.8779516], [-110.8516127, 43.8778843], [-110.8507364, 43.8778914], [-110.8502586, 43.8778414], [-110.8497321, 43.8790426], [-110.8490913, 43.8804248], [-110.8486577, 43.8808523], [-110.8482701, 43.8810823], [-110.8472232, 43.8810645], [-110.8462662, 43.881409], [-110.8452867, 43.881704], [-110.8447172, 43.8818679], [-110.844057, 43.8819], [-110.8425087, 43.8820955], [-110.8411194, 43.88239], [-110.8406068, 43.8825292], [-110.8402873, 43.8828581], [-110.8400121, 43.8835986], [-110.839737, 43.8843226], [-110.8399389, 43.885426], [-110.8403681, 43.8866779], [-110.8405487, 43.8872379], [-110.8405246, 43.8877483], [-110.840273, 43.888176], [-110.8398485, 43.8894185], [-110.8398, 43.8905379], [-110.8400251, 43.8914602], [-110.8403652, 43.892004], [-110.8406143, 43.8924818], [-110.8402943, 43.8929753], [-110.8399966, 43.893617], [-110.8395946, 43.8949254], [-110.8393426, 43.8955013], [-110.8389311, 43.8961263], [-110.8394532, 43.8967198], [-110.8406795, 43.8978904], [-110.8409294, 43.8981212], [-110.8416107, 43.8987478], [-110.842178, 43.899473], [-110.8424606, 43.9002389], [-110.8427325, 43.9007497], [-110.8440278, 43.9017228], [-110.8455743, 43.9024328], [-110.8469384, 43.9032742], [-110.8477339, 43.9038515], [-110.8483701, 43.9043792], [-110.8485056, 43.9048239], [-110.8482532, 43.9055809], [-110.847576, 43.9076957], [-110.8470943, 43.9090286], [-110.8469315, 43.9103785], [-110.847191, 43.911309], [-110.8470754, 43.9119839], [-110.8466862, 43.9127737], [-110.8461836, 43.9133822], [-110.8458865, 43.9137605], [-110.8458857, 43.9140898], [-110.8467496, 43.9146671], [-110.8477946, 43.9157057], [-110.8479534, 43.9159529], [-110.8477698, 43.916496], [-110.8474039, 43.9170882], [-110.8472214, 43.9175715], [-110.8472264, 43.917838], [-110.847154, 43.9184525], [-110.8468928, 43.9189814], [-110.8468045, 43.9190839], [-110.8464664, 43.9194759], [-110.8462736, 43.920978], [-110.8464512, 43.9214629], [-110.8464473, 43.9215076], [-110.8464223, 43.9223307], [-110.8471041, 43.9229573], [-110.8471809, 43.9240852], [-110.8487942, 43.9256349], [-110.8494517, 43.926854], [-110.8500859, 43.9283037], [-110.8502216, 43.928699], [-110.8518473, 43.9299112], [-110.8532332, 43.9314111], [-110.8543003, 43.9329107], [-110.8549133, 43.9337511], [-110.8550481, 43.9345251], [-110.8553303, 43.9356038], [-110.8555338, 43.9362297], [-110.8557833, 43.936691], [-110.8564423, 43.9374162], [-110.8568273, 43.9383716], [-110.8577809, 43.9397557], [-110.8583259, 43.9404973], [-110.8583819, 43.9409172], [-110.8582972, 43.941158], [-110.8579824, 43.9422627], [-110.8577785, 43.9427022], [-110.857059, 43.9433779], [-110.8564328, 43.9441665], [-110.8562443, 43.944685], [-110.8561172, 43.9455869], [-110.8556463, 43.946714], [-110.8550193, 43.9478409], [-110.8544233, 43.9490129], [-110.8543594, 43.9496217], [-110.8545604, 43.9503775], [-110.8547773, 43.9510318], [-110.8547439, 43.9519338], [-110.8543659, 43.9533316], [-110.8533631, 43.9548865], [-110.8527365, 43.9557653], [-110.8525265, 43.9559513], [-110.8523298, 43.9561256], [-110.8521083, 43.9572981], [-110.8517749, 43.9595416], [-110.8524274, 43.9608054], [-110.8536106, 43.9621375], [-110.854918, 43.9637178], [-110.8560709, 43.9647115], [-110.8567098, 43.9651746], [-110.8577071, 43.9659652], [-110.8592672, 43.9664181], [-110.8608267, 43.9671416], [-110.8617925, 43.9681125], [-110.8632881, 43.9694674], [-110.8637241, 43.9699866], [-110.8638448, 43.9718135], [-110.8639214, 43.9724564], [-110.8650762, 43.9727509], [-110.8657307, 43.9732929], [-110.8662598, 43.9741054], [-110.8669763, 43.9748729], [-110.8685979, 43.9759347], [-110.8697204, 43.9767253], [-110.8710144, 43.9776627], [-110.8715131, 43.9781142], [-110.8716373, 43.9784301], [-110.8710419, 43.9793767], [-110.8698839, 43.9804579], [-110.8690692, 43.9816974], [-110.868661, 43.9826893], [-110.8686903, 43.9835463], [-110.8691883, 43.9843136], [-110.8702013, 43.9852732], [-110.8716346, 43.9868986], [-110.8722261, 43.9878013], [-110.8723796, 43.9890644], [-110.8721897, 43.9901918], [-110.8715319, 43.9910481], [-110.8716243, 43.9916346], [-110.8720444, 43.9923906], [-110.872418, 43.9929773], [-110.8726044, 43.9934286], [-110.8731973, 43.9937449], [-110.8737587, 43.9941515], [-110.8737572, 43.9948506], [-110.873194, 43.9952785], [-110.8711617, 43.9960882], [-110.8697235, 43.9966279], [-110.8687229, 43.9970102], [-110.8680664, 43.9972124], [-110.8671598, 43.9975046], [-110.8665958, 43.9982482], [-110.8667185, 43.9992632], [-110.8667173, 43.9997819], [-110.866638, 44.0002892], [-110.8664498, 44.0006273], [-110.8671663, 44.0015528], [-110.8677256, 44.0029065], [-110.8680364, 44.0036736], [-110.868566, 44.0043283], [-110.8693769, 44.0050057], [-110.8705316, 44.0056159], [-110.8720928, 44.0061137], [-110.873967, 44.0063413], [-110.8750282, 44.0068611], [-110.8753087, 44.0071997], [-110.8753542, 44.0078425], [-110.8747884, 44.0094656], [-110.8739733, 44.0107051], [-110.8731897, 44.0118094], [-110.8717808, 44.0130708], [-110.8712173, 44.0135438], [-110.8710418, 44.0151786], [-110.8711971, 44.0156298], [-110.8713829, 44.0164194], [-110.871288, 44.0169154], [-110.8708498, 44.0172307], [-110.8701614, 44.0176359], [-110.8699409, 44.0184475], [-110.8697217, 44.0186277], [-110.8696882, 44.019665], [-110.8699044, 44.0207929], [-110.8701528, 44.0215374], [-110.8710258, 44.0225081], [-110.8718527, 44.0231066], [-110.8727908, 44.0229272], [-110.8736031, 44.0230183], [-110.8747895, 44.0236284], [-110.875382, 44.024238], [-110.8755683, 44.0248471], [-110.8754738, 44.0251853], [-110.8748881, 44.0258296], [-110.8744086, 44.0263569], [-110.873625, 44.0273709], [-110.8720436, 44.0287561], [-110.8686327, 44.0304889], [-110.8671309, 44.0310962], [-110.866567, 44.0316593], [-110.8662851, 44.0319296], [-110.8658463, 44.0324478], [-110.8650147, 44.0338564], [-110.8646387, 44.0342394], [-110.8629803, 44.034914], [-110.8612287, 44.035363], [-110.8588515, 44.0359466], [-110.8567556, 44.0365304], [-110.8544096, 44.0370913], [-110.8525943, 44.0379235], [-110.8515604, 44.0388468], [-110.8503538, 44.0400293], [-110.8496972, 44.040051], [-110.8487279, 44.0401174], [-110.8470392, 44.0402957], [-110.845726, 44.0403391], [-110.8450061, 44.0406764], [-110.844911, 44.0411724], [-110.8448775, 44.0420294], [-110.8446244, 44.0431341], [-110.8442787, 44.0438102], [-110.8436842, 44.0439898], [-110.8426042, 44.0445183], [-110.8416641, 44.0453064], [-110.8406616, 44.0460267], [-110.839472, 44.0465889], [-110.8390967, 44.0466335], [-110.8386263, 44.047129], [-110.8383433, 44.0477375], [-110.837779, 44.0482554], [-110.8363392, 44.0487947], [-110.8344933, 44.049198], [-110.8332116, 44.049106], [-110.8327109, 44.0492406], [-110.8318016, 44.0501414], [-110.8315491, 44.0509755], [-110.8314215, 44.0518548], [-110.8317781, 44.052904], [-110.8325268, 44.0535365], [-110.8336196, 44.0541019], [-110.8342741, 44.0548921], [-110.8341769, 44.0561097], [-110.8342711, 44.0559295], [-110.8350864, 44.0551413], [-110.8359638, 44.0544886], [-110.8370282, 44.054039], [-110.8379981, 44.0538599], [-110.8386232, 44.0539735], [-110.8385593, 44.0544696], [-110.8382432, 44.0557095], [-110.8382092, 44.0567018], [-110.8385191, 44.0577396], [-110.8393273, 44.0595449], [-110.839966, 44.060414], [-110.8407146, 44.0611367], [-110.8411505, 44.0618589], [-110.8413369, 44.0623102], [-110.8422109, 44.0629654], [-110.8431468, 44.0638236], [-110.8432389, 44.0644778], [-110.8436111, 44.065651], [-110.8432644, 44.0666428], [-110.8425128, 44.0670026], [-110.841854, 44.067746], [-110.8406956, 44.0681729], [-110.8390378, 44.0681932], [-110.8373189, 44.0676947], [-110.8357737, 44.0665987], [-110.8341483, 44.0662582], [-110.8333034, 44.0663923], [-110.8323638, 44.0668645], [-110.8313304, 44.0673141], [-110.8305164, 44.0675836], [-110.8297335, 44.0678981], [-110.8290142, 44.067852], [-110.8286708, 44.067626], [-110.8276099, 44.0667674], [-110.8250479, 44.0658616], [-110.8241097, 44.0658151], [-110.8230437, 44.066693], [-110.8224475, 44.0673461], [-110.8224904, 44.0686654], [-110.8225206, 44.0690263], [-110.8222065, 44.0694543], [-110.8219538, 44.0702884], [-110.8211688, 44.0712795], [-110.8210405, 44.0723167], [-110.8206322, 44.0728798], [-110.8195972, 44.0737803], [-110.817936, 44.0748377], [-110.8166824, 44.0756025], [-110.815383, 44.0759726], [-110.8152574, 44.0761528], [-110.8151615, 44.0767841], [-110.8155651, 44.077777], [-110.8164066, 44.0787706], [-110.8168729, 44.0797185], [-110.8168704, 44.080553], [-110.8162104, 44.0814991], [-110.8154575, 44.0821519], [-110.8141412, 44.082894], [-110.8123876, 44.0834099], [-110.8097586, 44.0836989], [-110.8083033, 44.0838656], [-110.8066764, 44.083863], [-110.8039553, 44.0836329], [-110.8021731, 44.0832916], [-110.8009225, 44.0830414], [-110.7994523, 44.0829938], [-110.7977616, 44.0833743], [-110.7960079, 44.0838448], [-110.7952899, 44.0840061], [-110.7950945, 44.043755], [-110.7149183, 44.0437706], [-110.7149235, 44.0462652], [-110.700268, 44.0464083], [-110.6914538, 44.0463611], [-110.685436, 44.0463288], [-110.6834442, 44.0463165], [-110.6805302, 44.0462985], [-110.6599989, 44.0463298], [-110.6597243, 44.0388111], [-110.659648, 44.0350575], [-110.6596862, 44.0239301], [-110.6596482, 44.016461], [-110.6597856, 44.0055281], [-110.6597399, 44.001889], [-110.639056, 44.0018097], [-110.6192647, 44.0019098], [-110.6194326, 43.9987626], [-110.6193715, 43.9892829], [-110.6202219, 43.9884205], [-110.6202321, 43.9823375], [-110.6202398, 43.9777391], [-110.6203131, 43.9340429], [-110.6203186, 43.9307774], [-110.6128595, 43.9309026], [-110.6003617, 43.9311124], [-110.6003617, 43.9308355], [-110.5641406, 43.9308338], [-110.5589164, 43.9308336], [-110.4786745, 43.9308298], [-110.4786734, 43.9294069], [-110.4679783, 43.929406], [-110.4678962, 43.857064], [-110.4677924, 43.8256118], [-110.4670411, 43.8255602], [-110.4662109, 43.8256081], [-110.4660347, 43.8256463], [-110.4654348, 43.8259789], [-110.4650511, 43.8260403], [-110.4642932, 43.8260353], [-110.4639706, 43.8259011], [-110.4632516, 43.8254677], [-110.4628251, 43.8253189], [-110.4624716, 43.8252449], [-110.461745, 43.8252398], [-110.4615067, 43.8253157], [-110.4613752, 43.8258571], [-110.4613572, 43.826293], [-110.4612251, 43.8267517], [-110.4606786, 43.8273321], [-110.4598609, 43.8277104], [-110.458721, 43.8277525], [-110.4584811, 43.827573], [-110.4583951, 43.8270999], [-110.4581446, 43.8268828], [-110.4572592, 43.8263974], [-110.4561039, 43.8259128], [-110.4554276, 43.825667], [-110.453796, 43.8253567], [-110.4528395, 43.8251194], [-110.4525487, 43.8250903], [-110.4521754, 43.8251591], [-110.4520306, 43.8252347], [-110.4520848, 43.8256177], [-110.4523058, 43.8260979], [-110.4525775, 43.82639], [-110.4529547, 43.8269674], [-110.4530196, 43.8273804], [-110.4529807, 43.8278088], [-110.4528065, 43.828185], [-110.4526107, 43.8284186], [-110.4519183, 43.8289242], [-110.4515141, 43.8290307], [-110.4508498, 43.8290479], [-110.4507038, 43.8289281], [-110.450431, 43.8284556], [-110.4504293, 43.8281852], [-110.4505006, 43.8279595], [-110.4510995, 43.8274392], [-110.4512328, 43.8271683], [-110.4512931, 43.826845], [-110.4512594, 43.8264319], [-110.4510712, 43.8262071], [-110.4504692, 43.8259317], [-110.4501368, 43.8259027], [-110.4493701, 43.8261456], [-110.4489243, 43.8262372], [-110.4485194, 43.8262234], [-110.4479999, 43.8261425], [-110.4470527, 43.8257322], [-110.4466163, 43.825651], [-110.4462217, 43.8256372], [-110.4459109, 43.8257283], [-110.4456006, 43.8259172], [-110.4452299, 43.8264217], [-110.4445895, 43.8269422], [-110.4440609, 43.8270791], [-110.4420848, 43.8270427], [-110.4416284, 43.8270968], [-110.4413281, 43.8272254], [-110.4411317, 43.8273688], [-110.4410086, 43.8276021], [-110.4409791, 43.8278802], [-110.441012, 43.8281806], [-110.4411697, 43.8285183], [-110.4414201, 43.8287128], [-110.4418048, 43.8288243], [-110.4424801, 43.8289124], [-110.4430616, 43.8289331], [-110.4443054, 43.8286211], [-110.4449174, 43.8285365], [-110.4453641, 43.8285952], [-110.4457491, 43.8287367], [-110.4460425, 43.8291866], [-110.4461063, 43.8294419], [-110.4460454, 43.8296675], [-110.4458598, 43.8298784], [-110.4455284, 43.8300147], [-110.4450099, 43.8301065], [-110.4443881, 43.8302813], [-110.4439428, 43.830463], [-110.4436326, 43.8306744], [-110.4432721, 43.8311414], [-110.4421525, 43.8320506], [-110.4416657, 43.83224], [-110.4400898, 43.8325905], [-110.4396226, 43.8325845], [-110.4391445, 43.8324958], [-110.4383432, 43.8321677], [-110.4378338, 43.832049], [-110.4368784, 43.8319994], [-110.4363805, 43.8320836], [-110.4360077, 43.8322425], [-110.4357802, 43.8323935], [-110.4355638, 43.8326647], [-110.4354114, 43.8332211], [-110.435465, 43.8335215], [-110.4356638, 43.8337839], [-110.4358934, 43.8339785], [-110.4362475, 43.8341728], [-110.4366842, 43.8342766], [-110.4370686, 43.834328], [-110.4385209, 43.8341357], [-110.4400053, 43.834086], [-110.4406499, 43.8342417], [-110.4409522, 43.8344512], [-110.441194, 43.8349538], [-110.4411784, 43.8358827], [-110.4408812, 43.8369261], [-110.4409138, 43.8372519], [-110.4407735, 43.8377523], [-110.4408045, 43.8384167], [-110.440757, 43.8386832], [-110.440342, 43.8390634], [-110.4400077, 43.8392361], [-110.4396727, 43.8393022], [-110.4391156, 43.8391678], [-110.4387625, 43.8389499], [-110.4383199, 43.8388033], [-110.4380171, 43.8387746], [-110.437641, 43.8388113], [-110.4370868, 43.8391623], [-110.4370231, 43.8394585], [-110.4370907, 43.8398134], [-110.4372233, 43.840109], [-110.4372227, 43.8406515], [-110.4370851, 43.8409065], [-110.4366059, 43.8414881], [-110.4361293, 43.8425137], [-110.4359097, 43.8427334], [-110.433957, 43.8436592], [-110.4337283, 43.843725], [-110.4322791, 43.8435222], [-110.4316148, 43.843246], [-110.4308391, 43.8430119], [-110.4304461, 43.8429657], [-110.429514, 43.8430455], [-110.4285011, 43.8433209], [-110.4277829, 43.8436309], [-110.4273472, 43.8446741], [-110.426687, 43.84512], [-110.4262375, 43.8451983], [-110.4258283, 43.84517], [-110.4246163, 43.8449664], [-110.4243056, 43.844991], [-110.4241016, 43.8450863], [-110.4236503, 43.8458364], [-110.4234384, 43.845985], [-110.4231525, 43.8460569], [-110.4228027, 43.8462805], [-110.4227323, 43.8281966], [-110.4227514, 43.8173763], [-110.4277441, 43.8173696], [-110.427737, 43.8137633], [-110.427892, 43.8137631], [-110.4279135, 43.7767022], [-110.4479078, 43.7766898], [-110.4479082, 43.7730679], [-110.4677667, 43.7730775], [-110.4677611, 43.7767113], [-110.4878208, 43.7766453], [-110.5276987, 43.7766765], [-110.5476155, 43.7767434], [-110.5476803, 43.7694804], [-110.5576217, 43.7694643], [-110.5576142, 43.758559], [-110.5575859, 43.7549773], [-110.5675177, 43.7550541], [-110.5674699, 43.7477124], [-110.5774482, 43.7477214], [-110.5774261, 43.7441046], [-110.5859435, 43.7441106], [-110.5859028, 43.7425584], [-110.5915218, 43.7424714], [-110.5940204, 43.7413049], [-110.5953811, 43.7403919], [-110.5966817, 43.7391282], [-110.596915, 43.7387855], [-110.6009177, 43.7387847], [-110.6008023, 43.7351561], [-110.5957505, 43.7351692], [-110.59551, 43.727846], [-110.6056305, 43.7278614], [-110.6054242, 43.7241222], [-110.6155557, 43.7241306], [-110.6149867, 43.7131392], [-110.6200713, 43.7131491], [-110.6198033, 43.7057744], [-110.6248662, 43.7057515], [-110.6248944, 43.6983128], [-110.6247207, 43.6910287], [-110.6193446, 43.6911099], [-110.619092, 43.6801514], [-110.6040898, 43.680291], [-110.6040257, 43.6766027], [-110.5878215, 43.6767586], [-110.5839793, 43.6767956], [-110.5834726, 43.6477715], [-110.5832055, 43.6397442], [-110.5834648, 43.6400233], [-110.5839205, 43.6401584], [-110.5842997, 43.6401753], [-110.5844428, 43.6401412], [-110.5845424, 43.6397605], [-110.5846691, 43.6395964], [-110.5849897, 43.6393458], [-110.5857208, 43.638584], [-110.5860466, 43.6383408], [-110.586387, 43.6379426], [-110.5864512, 43.6376559], [-110.5863888, 43.6375446], [-110.5863587, 43.6370056], [-110.586836, 43.6365089], [-110.587109, 43.6360874], [-110.5872847, 43.6354893], [-110.588363, 43.6345995], [-110.5885706, 43.6341284], [-110.5887127, 43.6339679], [-110.5892935, 43.6336046], [-110.5903677, 43.6326306], [-110.590445, 43.6320724], [-110.5909863, 43.630993], [-110.5911183, 43.6308585], [-110.5916594, 43.6306553], [-110.591873, 43.6304833], [-110.5923881, 43.6302244], [-110.5925232, 43.6298594], [-110.5928132, 43.6296238], [-110.5928993, 43.6294238], [-110.5929029, 43.6292416], [-110.5928558, 43.6289777], [-110.5931445, 43.628633], [-110.5932455, 43.6281211], [-110.592928, 43.627301], [-110.5928847, 43.6269406], [-110.5932527, 43.6266794], [-110.5938372, 43.6263869], [-110.594898, 43.6260683], [-110.5965462, 43.6257442], [-110.5989204, 43.6253211], [-110.5995915, 43.6254465], [-110.6009041, 43.625801], [-110.6013183, 43.6250352], [-110.6019474, 43.6250212], [-110.6022444, 43.625031], [-110.6027054, 43.6250437], [-110.60311, 43.6250531], [-110.6034379, 43.6250776], [-110.603679, 43.6251248], [-110.6039456, 43.6251608], [-110.6041713, 43.6252081], [-110.604346, 43.625278], [-110.6046287, 43.6254106], [-110.6047963, 43.625503], [-110.6049512, 43.6256585], [-110.6051929, 43.6257727], [-110.6054034, 43.6258424], [-110.6056497, 43.6258971], [-110.6059521, 43.6259291], [-110.6062541, 43.625924], [-110.6064946, 43.6259044], [-110.6067705, 43.6258324], [-110.6070307, 43.625716], [-110.607229, 43.6255589], [-110.6074375, 43.625398], [-110.6076513, 43.625252], [-110.6078556, 43.6250034], [-110.6080335, 43.6248501], [-110.6082727, 43.6246816], [-110.6085066, 43.6245021], [-110.6087152, 43.6243449], [-110.6089345, 43.6242435], [-110.6091283, 43.6241534], [-110.6094089, 43.6240331], [-110.6097303, 43.6238977], [-110.6099753, 43.6238111], [-110.6102614, 43.6237316], [-110.6105671, 43.6236364], [-110.6110018, 43.6235824], [-110.6114875, 43.6234946], [-110.6118044, 43.6234299], [-110.6121112, 43.6233839], [-110.6124179, 43.6233192], [-110.612642, 43.6231917], [-110.6128559, 43.6230532], [-110.6129924, 43.6228629], [-110.6131903, 43.6226574], [-110.613409, 43.6224891], [-110.6136534, 43.6223243], [-110.6138422, 43.6222565], [-110.6140551, 43.6221884], [-110.6142803, 43.6221725], [-110.614567, 43.6221637], [-110.6148798, 43.6222217], [-110.6152188, 43.6223429], [-110.6155069, 43.622494], [-110.6157285, 43.6226566], [-110.6158887, 43.6228195], [-110.6160845, 43.6229599], [-110.6162952, 43.6230519], [-110.6164745, 43.6230659], [-110.6167251, 43.6230238], [-110.6169032, 43.622904], [-110.6170759, 43.622747], [-110.6172792, 43.6225787], [-110.6175017, 43.6224203], [-110.6177464, 43.6223001], [-110.6180325, 43.6222281], [-110.6183445, 43.6221895], [-110.6187079, 43.6221804], [-110.6189536, 43.6221718], [-110.619276, 43.6221554], [-110.6196035, 43.6221241], [-110.6198995, 43.6220223], [-110.6201743, 43.6218313], [-110.620406, 43.6216501], [-110.6205479, 43.6214895], [-110.6206337, 43.621344], [-110.6207448, 43.6211725], [-110.6209024, 43.6210453], [-110.6211421, 43.62094], [-110.6213617, 43.6208832], [-110.6216632, 43.6208148], [-110.6219906, 43.6207836], [-110.6223027, 43.6207598], [-110.6226148, 43.6207323], [-110.6228705, 43.6206976], [-110.6230904, 43.6206668], [-110.6233307, 43.6206248], [-110.6235092, 43.6205533], [-110.6237201, 43.6204424], [-110.623721, 43.6205748], [-110.6237215, 43.6206513], [-110.6238369, 43.6206197], [-110.6240018, 43.6205516], [-110.6240881, 43.6205061], [-110.6241499, 43.6204735], [-110.6244296, 43.6203723], [-110.6246786, 43.6202916], [-110.6247569, 43.6202545], [-110.6247871, 43.620179], [-110.6249039, 43.6200684], [-110.6249413, 43.6200366], [-110.6251628, 43.6198483], [-110.6253677, 43.6196812], [-110.6256038, 43.6195041], [-110.6258804, 43.6193301], [-110.6261432, 43.6191236], [-110.6263661, 43.6189694], [-110.6265038, 43.6188799], [-110.6266337, 43.6187955], [-110.627068, 43.6185618], [-110.6271798, 43.6185017], [-110.6274081, 43.6184091], [-110.627448, 43.6183929], [-110.627703, 43.61832], [-110.627927, 43.6182896], [-110.6281465, 43.6182592], [-110.6284464, 43.6181829], [-110.6286889, 43.6181456], [-110.6288406, 43.6181224], [-110.6292379, 43.6180746], [-110.6296859, 43.6180203], [-110.6300621, 43.6179533], [-110.6304845, 43.6179098], [-110.6312048, 43.6177541], [-110.6319214, 43.6176228], [-110.6324755, 43.6174824], [-110.6329752, 43.6173226], [-110.6335416, 43.6170542], [-110.634, 43.6168258], [-110.63431, 43.6166669], [-110.6345664, 43.6165574], [-110.6351078, 43.6165253], [-110.6356355, 43.6164637], [-110.6362315, 43.6164707], [-110.6366785, 43.6164784], [-110.6373159, 43.6165737], [-110.6378041, 43.6166401], [-110.6381572, 43.6167466], [-110.6384424, 43.6168338], [-110.6386875, 43.6169703], [-110.6389195, 43.617166], [-110.6392477, 43.6174989], [-110.6392719, 43.6175123], [-110.6396152, 43.6177037], [-110.6400376, 43.6179771], [-110.6407913, 43.6182117], [-110.6411039, 43.6183282], [-110.6414973, 43.6183951], [-110.6418763, 43.6183638], [-110.6422411, 43.6182734], [-110.6426057, 43.6181536], [-110.6428489, 43.6180836], [-110.6430926, 43.6180725], [-110.643513, 43.6181295], [-110.6439611, 43.6182552], [-110.6441784, 43.618323], [-110.6443149, 43.6184305], [-110.6443647, 43.6184988], [-110.6445385, 43.618737], [-110.6445399, 43.6188944], [-110.6446199, 43.6191011], [-110.6448821, 43.619309], [-110.6453119, 43.6198506], [-110.6456466, 43.6203603], [-110.645794, 43.620721], [-110.6459237, 43.6209285], [-110.6461869, 43.6210959], [-110.6467534, 43.6211831], [-110.6469812, 43.6211703], [-110.6475666, 43.6212172], [-110.6478317, 43.6211775], [-110.648136, 43.6210704], [-110.6484994, 43.6207968], [-110.6485743, 43.6208241], [-110.6487643, 43.6207977], [-110.6490679, 43.620677], [-110.6491069, 43.6206231], [-110.6492016, 43.6205964], [-110.6492766, 43.6206102], [-110.6497705, 43.6205351], [-110.6502249, 43.6204645], [-110.6506803, 43.6203443], [-110.6512114, 43.6202514], [-110.6515148, 43.6201578], [-110.6518001, 43.6201316], [-110.652332, 43.6199037], [-110.6527023, 43.6198958], [-110.6528239, 43.6198916], [-110.6530644, 43.6198429], [-110.6531652, 43.6198252], [-110.6533359, 43.6197716], [-110.6536599, 43.619597], [-110.6539453, 43.6194043], [-110.6541035, 43.6193688], [-110.6543691, 43.6193144], [-110.6545153, 43.6192845], [-110.6553502, 43.6190439], [-110.6557208, 43.6188469], [-110.6557752, 43.6186613], [-110.6558684, 43.6185236], [-110.6561034, 43.6184097], [-110.6564056, 43.6182661], [-110.6567681, 43.6180732], [-110.6570637, 43.6179443], [-110.657312, 43.6178108], [-110.6574801, 43.617756], [-110.6576281, 43.6177112], [-110.6577493, 43.6176861], [-110.6578168, 43.6176906], [-110.6579193, 43.617719], [-110.658166, 43.6176657], [-110.6585076, 43.6175317], [-110.6593649, 43.6169985], [-110.6594274, 43.6169478], [-110.6597851, 43.6166576], [-110.6598198, 43.616487], [-110.6598728, 43.6163887], [-110.6598717, 43.6162711], [-110.6598101, 43.6161783], [-110.6597955, 43.6160706], [-110.6598346, 43.6159234], [-110.6599342, 43.6157563], [-110.6600808, 43.6155645], [-110.6602676, 43.6153528], [-110.6604953, 43.6151704], [-110.6607702, 43.6150024], [-110.6610592, 43.6148931], [-110.6612535, 43.6147501], [-110.6614003, 43.6145827], [-110.6615065, 43.6144058], [-110.6614934, 43.6142947], [-110.6614518, 43.6141822], [-110.6612888, 43.6140605], [-110.6611462, 43.6139682], [-110.6609973, 43.613915], [-110.6609157, 43.6138419], [-110.6609275, 43.6136704], [-110.660953, 43.6135134], [-110.6610534, 43.6134296], [-110.6611814, 43.6134094], [-110.6614103, 43.613369], [-110.6616188, 43.6132994], [-110.6617795, 43.613181], [-110.6619528, 43.6129645], [-110.6620658, 43.6127826], [-110.6622199, 43.612674], [-110.6623676, 43.6126096], [-110.6625223, 43.6125598], [-110.6626968, 43.6124609], [-110.6628507, 43.6123327], [-110.6630652, 43.6121944], [-110.6633345, 43.6121392], [-110.6635136, 43.6121077], [-110.663655, 43.6120825], [-110.6638034, 43.6120768], [-110.6639652, 43.612076], [-110.6640531, 43.6120903], [-110.6641881, 43.6121641], [-110.6644959, 43.612246], [-110.6647898, 43.6123279], [-110.6652744, 43.6123608], [-110.6660705, 43.6123902], [-110.6661285, 43.6123993], [-110.666148, 43.6123859], [-110.6663006, 43.6123818], [-110.6663959, 43.6123686], [-110.6665099, 43.6123419], [-110.6666434, 43.6122973], [-110.6667583, 43.6122436], [-110.6668725, 43.6121854], [-110.6669293, 43.6121406], [-110.6670039, 43.6120958], [-110.6672102, 43.61172], [-110.6673698, 43.6114791], [-110.6674281, 43.6112338], [-110.6674595, 43.6109887], [-110.6675313, 43.6107433], [-110.6675807, 43.610625], [-110.6676236, 43.6105223], [-110.6677773, 43.6103745], [-110.6679444, 43.6102169], [-110.6680847, 43.6100741], [-110.6683196, 43.6099504], [-110.6686829, 43.6098603], [-110.6689729, 43.6098539], [-110.6693032, 43.6098277], [-110.6696132, 43.6098016], [-110.6700177, 43.6097849], [-110.6704356, 43.6097435], [-110.6707501, 43.609694], [-110.6709313, 43.6096049], [-110.6709976, 43.609487], [-110.6710364, 43.6093104], [-110.6710952, 43.6091141], [-110.671215, 43.6089517], [-110.6713887, 43.6087843], [-110.6716697, 43.6085427], [-110.6720179, 43.6082812], [-110.6722854, 43.6080495], [-110.6725741, 43.6079109], [-110.672877, 43.6078456], [-110.6732618, 43.6078779], [-110.6735928, 43.6079301], [-110.673877, 43.6080217], [-110.674148, 43.6081428], [-110.6743582, 43.6082593], [-110.6743786, 43.608267], [-110.6746696, 43.6083753], [-110.6749539, 43.6084817], [-110.6752351, 43.6085242], [-110.675404, 43.6085577], [-110.675975, 43.6086594], [-110.6760308, 43.6086596], [-110.6761221, 43.6086734], [-110.6763378, 43.608755], [-110.6765551, 43.6088142], [-110.6769461, 43.6089683], [-110.6770003, 43.608982], [-110.6772349, 43.6089872], [-110.6773062, 43.6089784], [-110.6773241, 43.6089694], [-110.6774311, 43.6089427], [-110.6775032, 43.6089294], [-110.677576, 43.6089296], [-110.6777265, 43.6088895], [-110.67802, 43.6088858], [-110.6781677, 43.6089268], [-110.6782226, 43.6089539], [-110.6782783, 43.6089676], [-110.6787146, 43.6090454], [-110.6788068, 43.6090456], [-110.6788717, 43.6090728], [-110.6788997, 43.6090594], [-110.6789563, 43.6090415], [-110.6791252, 43.6090375], [-110.6792942, 43.609002], [-110.6793998, 43.6089686], [-110.6797325, 43.6088636], [-110.679846, 43.6087919], [-110.6799049, 43.6087741], [-110.6800385, 43.6087024], [-110.680229, 43.6085611], [-110.6803698, 43.6083366], [-110.6804778, 43.6082304], [-110.6806629, 43.6081106], [-110.6808753, 43.6079907], [-110.6810787, 43.607884], [-110.6812647, 43.6078566], [-110.6815234, 43.6078321], [-110.6817139, 43.6077948], [-110.6819359, 43.6077343], [-110.6821539, 43.6077199], [-110.6824495, 43.6077514], [-110.6826482, 43.6077602], [-110.6827845, 43.6077628], [-110.6829117, 43.6077588], [-110.6830117, 43.6077616], [-110.6832069, 43.607744], [-110.6835014, 43.6076699], [-110.6837595, 43.6075728], [-110.6840047, 43.6074576], [-110.6843213, 43.607314], [-110.684583, 43.6071311], [-110.6848445, 43.6069349], [-110.6851511, 43.606699], [-110.6852496, 43.6065433], [-110.6852347, 43.6064246], [-110.685187, 43.6061938], [-110.6852002, 43.6060769], [-110.6852713, 43.6059115], [-110.685369, 43.6056866], [-110.6855171, 43.6055042], [-110.6856879, 43.6053218], [-110.6859038, 43.6050995], [-110.686057, 43.6049733], [-110.6862649, 43.6048633], [-110.6865548, 43.6047792], [-110.6868707, 43.6047064], [-110.687097, 43.604616], [-110.6873729, 43.6044925], [-110.6875586, 43.6044354], [-110.6878261, 43.6043778], [-110.68803, 43.604324], [-110.6881882, 43.6042406], [-110.6882375, 43.6041809], [-110.6884009, 43.6041603], [-110.688528, 43.6041464], [-110.688632, 43.6040963], [-110.688931, 43.6039097], [-110.6891394, 43.6037437], [-110.6892129, 43.6036179], [-110.6892385, 43.6034424], [-110.6892881, 43.6033029], [-110.6893091, 43.6032247], [-110.6892593, 43.6030752], [-110.6892008, 43.6029508], [-110.6891127, 43.6027876], [-110.6890375, 43.6026482], [-110.6889506, 43.6025323], [-110.6889316, 43.6023536], [-110.688976, 43.6022162], [-110.6890264, 43.6021078], [-110.689082, 43.6020628], [-110.6891399, 43.6020158], [-110.689311, 43.6019567], [-110.6894712, 43.6019558], [-110.6896607, 43.6020297], [-110.6898101, 43.6020954], [-110.6900049, 43.6021193], [-110.6901991, 43.6020892], [-110.6903873, 43.6020258], [-110.6905863, 43.6019042], [-110.6907564, 43.6017495], [-110.6908921, 43.6015908], [-110.6909879, 43.6014406], [-110.6910094, 43.6013034], [-110.6910024, 43.6011787], [-110.6909501, 43.6010958], [-110.6908867, 43.6010504], [-110.6908741, 43.6009383], [-110.6909129, 43.600805], [-110.6910402, 43.6006273], [-110.6911988, 43.6004643], [-110.6914491, 43.6003217], [-110.691722, 43.6001498], [-110.6920176, 43.5999611], [-110.6922906, 43.5997976], [-110.6925293, 43.5996425], [-110.6926772, 43.5995607], [-110.6927569, 43.5995166], [-110.6930593, 43.599436], [-110.6933188, 43.5993872], [-110.6935529, 43.5993402], [-110.6938039, 43.5992682], [-110.6939861, 43.5991799], [-110.6940597, 43.5991005], [-110.6940983, 43.598959], [-110.6941942, 43.5988255], [-110.6943303, 43.5987084], [-110.6945064, 43.5985869], [-110.6947002, 43.5985152], [-110.6949513, 43.5984515], [-110.6952652, 43.5983708], [-110.6954931, 43.5982781], [-110.6956809, 43.5981815], [-110.6957538, 43.5980356], [-110.6957869, 43.5979107], [-110.6958606, 43.597848], [-110.6959751, 43.5978515], [-110.6960785, 43.5979009], [-110.6962166, 43.5979708], [-110.6963888, 43.5980281], [-110.6965607, 43.5980562], [-110.6966634, 43.5980308], [-110.6967944, 43.5979677], [-110.6969249, 43.5978631], [-110.6971088, 43.5976925], [-110.6972451, 43.597592], [-110.6973985, 43.5974831], [-110.6975343, 43.5973369], [-110.6976864, 43.5971075], [-110.6977936, 43.5969614], [-110.6978546, 43.5967699], [-110.697864, 43.596562], [-110.6978504, 43.59635], [-110.6978888, 43.5961877], [-110.6979327, 43.5960046], [-110.6980344, 43.5958876], [-110.6981534, 43.5957664], [-110.6983748, 43.5956031], [-110.6985738, 43.5954773], [-110.6986872, 43.5953853], [-110.6987553, 43.5953308], [-110.6988859, 43.5952262], [-110.6990223, 43.5951465], [-110.6991877, 43.5950916], [-110.6993639, 43.5949826], [-110.6994546, 43.5949031], [-110.6996853, 43.5947614], [-110.699964, 43.5946061], [-110.7001977, 43.5945217], [-110.7004313, 43.594429], [-110.7006194, 43.5943573], [-110.7008067, 43.5943115], [-110.7008963, 43.5942712], [-110.7011408, 43.5940828], [-110.7015201, 43.5937821], [-110.7018641, 43.5931933], [-110.7018783, 43.5931348], [-110.7019261, 43.5929458], [-110.7020912, 43.5926729], [-110.7023454, 43.5924855], [-110.7025447, 43.5923117], [-110.7027164, 43.5922439], [-110.7029546, 43.59215], [-110.7033553, 43.5919883], [-110.7035635, 43.5919137], [-110.7036377, 43.5918871], [-110.703912, 43.5918856], [-110.7042779, 43.5918969], [-110.7045796, 43.5918953], [-110.7048905, 43.5919002], [-110.7051189, 43.5918724], [-110.7053557, 43.5917848], [-110.7054538, 43.591545], [-110.705516, 43.5913719], [-110.7055869, 43.5911456], [-110.7057589, 43.5909852], [-110.7059036, 43.590825], [-110.7061219, 43.5907108], [-110.706359, 43.5906497], [-110.7065238, 43.5905059], [-110.7067583, 43.5901923], [-110.7069466, 43.5898325], [-110.7070811, 43.5895726], [-110.707196, 43.5891866], [-110.7073665, 43.5888734], [-110.7074468, 43.5886869], [-110.7074743, 43.5886167], [-110.7075537, 43.5884139], [-110.7076422, 43.5881277], [-110.7077131, 43.587908], [-110.7078669, 43.5877543], [-110.7079869, 43.587612], [-110.7081853, 43.5873385], [-110.7083208, 43.5871849], [-110.7084656, 43.5870379], [-110.7086101, 43.5868644], [-110.7087349, 43.586558], [-110.7086955, 43.5862858], [-110.7086654, 43.5860269], [-110.7086905, 43.5857942], [-110.7087434, 43.5856145], [-110.7089253, 43.5855204], [-110.7092354, 43.5854457], [-110.709554, 43.585311], [-110.7098394, 43.5851597], [-110.7099479, 43.5850461], [-110.7099823, 43.5848399], [-110.7100261, 43.5846537], [-110.7102255, 43.5844864], [-110.7104524, 43.5843257], [-110.7106611, 43.5841718], [-110.7108514, 43.5840046], [-110.7110775, 43.5838927], [-110.7112318, 43.5838186], [-110.711479, 43.5837271], [-110.7116257, 43.58367], [-110.7119127, 43.5836149], [-110.7120206, 43.5835579], [-110.7120658, 43.5834281], [-110.7120876, 43.5832871], [-110.7121092, 43.5831292], [-110.7120455, 43.5829661], [-110.7119655, 43.5827355], [-110.7119785, 43.5824875], [-110.7120075, 43.5822958], [-110.7121601, 43.5820582], [-110.7122505, 43.5818042], [-110.7122637, 43.5815843], [-110.7122609, 43.5813139], [-110.7122124, 43.5811282], [-110.7122792, 43.5809061], [-110.712254, 43.5807259], [-110.7121437, 43.5805575], [-110.7119567, 43.5804627], [-110.7117767, 43.5803059], [-110.7116042, 43.5801209], [-110.7115248, 43.579941], [-110.7113755, 43.5797503], [-110.7112106, 43.5795483], [-110.7109917, 43.5793748], [-110.7106939, 43.5792552], [-110.7107368, 43.5789825], [-110.7108531, 43.578736], [-110.7110243, 43.5784959], [-110.7111774, 43.5782758], [-110.7114772, 43.5780947], [-110.7116956, 43.5780005], [-110.7118875, 43.5779928], [-110.7121441, 43.5780512], [-110.7123916, 43.5781162], [-110.7125346, 43.5781881], [-110.7126846, 43.578157], [-110.7127512, 43.5781437], [-110.7134614, 43.5779969], [-110.7139464, 43.57789], [-110.7141332, 43.5777574], [-110.7142665, 43.5775889], [-110.7143337, 43.5773511], [-110.7143444, 43.5771262], [-110.7143074, 43.5769175], [-110.7142443, 43.5767152], [-110.714402, 43.5765439], [-110.7145011, 43.5763799], [-110.7146078, 43.5762047], [-110.7147237, 43.5761646], [-110.714994, 43.5760616], [-110.7152955, 43.5759811], [-110.7156657, 43.5757987], [-110.7160597, 43.5756669], [-110.716298, 43.575474], [-110.7164982, 43.5753433], [-110.7166, 43.5751825], [-110.7168397, 43.5751248], [-110.7170566, 43.5751067], [-110.7173115, 43.5750208], [-110.7174581, 43.5749524], [-110.7176131, 43.5749459], [-110.7178768, 43.5749557], [-110.7181856, 43.5748356], [-110.7183857, 43.5746936], [-110.7185773, 43.5744784], [-110.7186682, 43.5742807], [-110.7187677, 43.5741562], [-110.7189831, 43.5740028], [-110.7192846, 43.573672], [-110.7194142, 43.5734572], [-110.7195441, 43.5732762], [-110.7198067, 43.5731902], [-110.7200692, 43.5730816], [-110.7204014, 43.5729727], [-110.7207104, 43.5728752], [-110.7211274, 43.5727207], [-110.7214435, 43.5725499], [-110.7216352, 43.5723516], [-110.7218202, 43.5722548], [-110.7220604, 43.5722478], [-110.7224366, 43.5722221], [-110.7227464, 43.5722034], [-110.7231181, 43.5721619], [-110.723381, 43.5720928], [-110.7235427, 43.5719961], [-110.723727, 43.571826], [-110.7237952, 43.5716848], [-110.7239107, 43.5716109], [-110.7241044, 43.5715985], [-110.7243056, 43.5715636], [-110.7245838, 43.5714775], [-110.7248152, 43.5713748], [-110.7250075, 43.5712328], [-110.7251761, 43.5710515], [-110.7252822, 43.5708143], [-110.7253033, 43.5706169], [-110.7252857, 43.5704198], [-110.7252919, 43.5702733], [-110.7253917, 43.5701769], [-110.7255555, 43.5700308], [-110.7257784, 43.5698548], [-110.7259318, 43.5696962], [-110.7260772, 43.5695207], [-110.7262541, 43.5693957], [-110.7265235, 43.5692139], [-110.7267069, 43.5689649], [-110.7267898, 43.5687391], [-110.7268731, 43.5685526], [-110.7269416, 43.5684396], [-110.7270185, 43.5683771], [-110.7271812, 43.5683706], [-110.7274298, 43.5684255], [-110.7276474, 43.568475], [-110.7279265, 43.5684791], [-110.7281351, 43.5684103], [-110.7284126, 43.5682678], [-110.728748, 43.5680728], [-110.7290412, 43.5679415], [-110.7292573, 43.5678501], [-110.7294578, 43.5677532], [-110.7297988, 43.5677456], [-110.7300318, 43.5677894], [-110.7304746, 43.5678827], [-110.7308313, 43.5678976], [-110.731149, 43.5678845], [-110.7313808, 43.5678099], [-110.7315588, 43.5677864], [-110.7317606, 43.5678134], [-110.7320551, 43.5678005], [-110.7322255, 43.5677939], [-110.7324963, 43.5677473], [-110.7326504, 43.5676619], [-110.7327731, 43.5675372], [-110.7328026, 43.5673962], [-110.7328162, 43.5672158], [-110.7328226, 43.5670918], [-110.7328756, 43.5669731], [-110.7329937, 43.5669019], [-110.7331638, 43.5669163], [-110.7331398, 43.5662364], [-110.7328679, 43.5473152], [-110.732991, 43.5465943], [-110.7332619, 43.5459705], [-110.7359095, 43.5408321], [-110.7361105, 43.5403867], [-110.7362429, 43.5400495], [-110.7365445, 43.5390061], [-110.7367154, 43.5380128], [-110.7406962, 43.537994], [-110.7407083, 43.5385923], [-110.7415135, 43.5385859], [-110.7414875, 43.5379894], [-110.7430266, 43.5379226], [-110.7430279, 43.53853], [-110.7430292, 43.5392243], [-110.7430307, 43.5399574], [-110.743033, 43.5415388], [-110.743036, 43.5430477], [-110.7430377, 43.5434443], [-110.7430411, 43.5451618], [-110.7430485, 43.5488688], [-110.7479262, 43.5488278], [-110.752922, 43.5487856], [-110.7530156, 43.5524031], [-110.7530751, 43.5561481], [-110.7531339, 43.5594694], [-110.7531369, 43.5596416], [-110.7531413, 43.559893], [-110.7531679, 43.5614616], [-110.7531147, 43.5614361], [-110.7528883, 43.5613546], [-110.7528315, 43.561341], [-110.7527935, 43.5613409], [-110.7527179, 43.5612957], [-110.7526803, 43.5612956], [-110.7526235, 43.561282], [-110.7524535, 43.5612276], [-110.7523398, 43.5612004], [-110.7523022, 43.5612273], [-110.7522642, 43.5612407], [-110.7522267, 43.5612406], [-110.7522054, 43.5612541], [-110.7521322, 43.5612719], [-110.7520852, 43.5612944], [-110.7520186, 43.5613257], [-110.7518109, 43.5614783], [-110.7516972, 43.5615726], [-110.7516975, 43.5615861], [-110.751584, 43.561712], [-110.7515083, 43.5617658], [-110.7513761, 43.5618331], [-110.7510262, 43.5619494], [-110.7508849, 43.5619626], [-110.7507878, 43.5620614], [-110.7508474, 43.562057], [-110.7508663, 43.5620706], [-110.7508663, 43.5621651], [-110.7508473, 43.5621786], [-110.7507903, 43.5622055], [-110.7507527, 43.5622054], [-110.7506396, 43.5622457], [-110.7504884, 43.5623174], [-110.7502807, 43.5623844], [-110.7501861, 43.5624247], [-110.7501294, 43.5624696], [-110.7500728, 43.5624965], [-110.7498837, 43.5625637], [-110.7497895, 43.5626175], [-110.7497326, 43.5626173], [-110.7496193, 43.5626891], [-110.7493359, 43.5628281], [-110.7492603, 43.5628549], [-110.7491466, 43.5628547], [-110.7490897, 43.562841], [-110.7490523, 43.5628275], [-110.7490171, 43.5628049], [-110.7487778, 43.5628449], [-110.7484906, 43.5628757], [-110.7483295, 43.5629069], [-110.7481222, 43.562965], [-110.7479725, 43.5630592], [-110.7478805, 43.5631175], [-110.7477767, 43.5631578], [-110.7476959, 43.5632252], [-110.7476265, 43.5633511], [-110.7475456, 43.5634409], [-110.7474192, 43.5635082], [-110.7469523, 43.5636602], [-110.7467977, 43.5637094], [-110.7459738, 43.5638156], [-110.7459208, 43.5638245], [-110.7456134, 43.5638508], [-110.745586, 43.5638373], [-110.745553, 43.5638642], [-110.7454592, 43.5639], [-110.7454548, 43.5639405], [-110.745452, 43.563963], [-110.7450938, 43.5643899], [-110.7447255, 43.5645557], [-110.7445957, 43.5645914], [-110.7444915, 43.5646182], [-110.7444376, 43.5646316], [-110.7440925, 43.5647208], [-110.7438872, 43.5647789], [-110.7433472, 43.5648993], [-110.7431507, 43.5649889], [-110.7431402, 43.5649976], [-110.7431406, 43.5650285], [-110.7432083, 43.5670788], [-110.74323, 43.5678144], [-110.7433208, 43.5707226], [-110.7434333, 43.5743663], [-110.7435457, 43.57801], [-110.7436582, 43.5816537], [-110.7437301, 43.5853252], [-110.7438021, 43.5889966], [-110.743874, 43.5926681], [-110.7439459, 43.5963395], [-110.7439034, 43.5966668], [-110.7439444, 43.5973116], [-110.7439439, 43.5976769], [-110.744074, 43.5999618], [-110.7442022, 43.6035841], [-110.7492222, 43.6035607], [-110.7493507, 43.6071936], [-110.7543712, 43.6071805], [-110.7545002, 43.6108238], [-110.7494793, 43.6108262], [-110.7495713, 43.61447], [-110.7445691, 43.6144815], [-110.7446798, 43.6181343], [-110.7446979, 43.6187381], [-110.744789, 43.6217836], [-110.7417099, 43.6217023], [-110.7397214, 43.6216498], [-110.7398156, 43.6252941], [-110.7323504, 43.6323759], [-110.7286292, 43.6359051], [-110.7286092, 43.6359241], [-110.724888, 43.6394528], [-110.7268432, 43.6394192], [-110.727024, 43.639447], [-110.7280086, 43.6394443], [-110.7339419, 43.63951], [-110.7350036, 43.639522], [-110.7352678, 43.6395249], [-110.7354647, 43.6395271], [-110.7423083, 43.6396049], [-110.745118, 43.6396371], [-110.7485429, 43.6396741], [-110.7487412, 43.6396174], [-110.7490634, 43.6395343], [-110.7494723, 43.6394146], [-110.7499314, 43.6393488], [-110.7503655, 43.639265], [-110.7508373, 43.6392171], [-110.7511363, 43.6391362], [-110.7519561, 43.6360909], [-110.7520678, 43.6356728], [-110.7522427, 43.6350227], [-110.7523215, 43.6347333], [-110.7528585, 43.6345046], [-110.7559414, 43.6331919], [-110.7576609, 43.6324597], [-110.7578427, 43.6323823], [-110.7578526, 43.6302101], [-110.7598054, 43.6293779], [-110.7601472, 43.6292321], [-110.7601868, 43.6292153], [-110.7601914, 43.6292117], [-110.760238, 43.629176], [-110.7628163, 43.6271973], [-110.764279, 43.6266866], [-110.7644121, 43.6264641], [-110.7647138, 43.6262296], [-110.7649987, 43.6259254], [-110.765364, 43.6256441], [-110.7656012, 43.6253751], [-110.7656307, 43.6250548], [-110.7656435, 43.6247755], [-110.7656399, 43.6244498], [-110.7657008, 43.6241702], [-110.7658886, 43.6237852], [-110.7662208, 43.6234109], [-110.76676, 43.6229307], [-110.7672997, 43.6224971], [-110.7679356, 43.6220744], [-110.768381, 43.6218042], [-110.7687461, 43.6215112], [-110.7689678, 43.6212888], [-110.7690443, 43.6209742], [-110.7690559, 43.6205786], [-110.768987, 43.6201602], [-110.7688712, 43.6198352], [-110.7688028, 43.6194517], [-110.7688463, 43.6190559], [-110.7689374, 43.6186132], [-110.7689324, 43.6181712], [-110.7688486, 43.6178459], [-110.7686674, 43.617405], [-110.7684774, 43.6169757], [-110.7683268, 43.6164681], [-110.7682514, 43.6162056], [-110.7681766, 43.6159956], [-110.7683671, 43.6157665], [-110.7686765, 43.6153789], [-110.7695123, 43.6145848], [-110.7705127, 43.613404], [-110.770941, 43.6128579], [-110.7714399, 43.6121535], [-110.7728495, 43.610067], [-110.773707, 43.6090624], [-110.7746599, 43.6079695], [-110.7753983, 43.6071059], [-110.7763029, 43.6060133], [-110.7766102, 43.6054503], [-110.7766546, 43.6051169], [-110.7767442, 43.6044366], [-110.7767122, 43.6037529], [-110.7767069, 43.6032971], [-110.776797, 43.6027354], [-110.7769836, 43.6021732], [-110.7771685, 43.6014532], [-110.7774528, 43.6009955], [-110.7777369, 43.6005204], [-110.7780233, 43.6002381], [-110.7784305, 43.5999726], [-110.7791273, 43.5997054], [-110.7796318, 43.5995094], [-110.780329, 43.5992772], [-110.7810033, 43.5991504], [-110.7814585, 43.598867], [-110.7821072, 43.5986176], [-110.7824671, 43.59844], [-110.782632, 43.5980884], [-110.782748, 43.5976844], [-110.7828402, 43.5973156], [-110.7829806, 43.596929], [-110.7830248, 43.596578], [-110.7830605, 43.5962528], [-110.7844088, 43.5962548], [-110.7875719, 43.5962354], [-110.7901981, 43.5962194], [-110.7925856, 43.5962047], [-110.7976009, 43.5961742], [-110.7977361, 43.5961734], [-110.8026161, 43.5961437], [-110.805704, 43.5961749], [-110.8066104, 43.5961841], [-110.807618, 43.5961943], [-110.8113603, 43.5962321], [-110.8126199, 43.5962448], [-110.8175605, 43.5963115], [-110.8177774, 43.5963144], [-110.8220672, 43.5963712], [-110.8220881, 43.6119763], [-110.8220883, 43.6119846], [-110.8223114, 43.6118579], [-110.8223579, 43.6118315], [-110.8224564, 43.6117744], [-110.8225147, 43.6117183], [-110.8225555, 43.6116791], [-110.8226547, 43.6115608], [-110.822682, 43.6115404], [-110.8228536, 43.6114118], [-110.8228984, 43.6113882], [-110.823024, 43.6113222], [-110.8231506, 43.6112556], [-110.8231769, 43.6112467], [-110.8232142, 43.611234], [-110.8233414, 43.6111908], [-110.8234524, 43.6111492], [-110.8234933, 43.6111338], [-110.8235245, 43.6111221], [-110.823632, 43.6110845], [-110.8236771, 43.6110687], [-110.8236921, 43.6110542], [-110.8237733, 43.6109759], [-110.8237839, 43.6109657], [-110.8237857, 43.6109624], [-110.8237968, 43.6109427], [-110.8238525, 43.6108437], [-110.8238553, 43.6108408], [-110.8239361, 43.6107544], [-110.8240204, 43.6106644], [-110.8241577, 43.6105895], [-110.8241862, 43.6105739], [-110.8241882, 43.6105728], [-110.8243485, 43.6105194], [-110.8244691, 43.610491], [-110.8246079, 43.6104584], [-110.8248401, 43.6104161], [-110.8249435, 43.6103973], [-110.8250736, 43.6103985], [-110.8253861, 43.6104011], [-110.8258209, 43.6103974], [-110.8262634, 43.6103935], [-110.8264943, 43.6103601], [-110.8265108, 43.6103577], [-110.8265533, 43.6103516], [-110.8265723, 43.6103463], [-110.8265761, 43.6103452], [-110.8266907, 43.6103134], [-110.8272858, 43.6100769], [-110.8276307, 43.6099079], [-110.8276565, 43.6098953], [-110.8276596, 43.6098938], [-110.827858, 43.6098061], [-110.8279086, 43.6097873], [-110.828064, 43.6097298], [-110.8282644, 43.6096832], [-110.8282776, 43.6096802], [-110.828289, 43.6096785], [-110.8283721, 43.6096667], [-110.8284912, 43.6096497], [-110.8286625, 43.6096172], [-110.8287125, 43.6096077], [-110.8287318, 43.6096011], [-110.8287597, 43.6095915], [-110.8288345, 43.6095657], [-110.8288808, 43.6095459], [-110.8288876, 43.609543], [-110.8289948, 43.6094971], [-110.8290972, 43.6094645], [-110.8291264, 43.6094552], [-110.8292465, 43.609417], [-110.8295898, 43.6093063], [-110.8297329, 43.6092636], [-110.8301392, 43.6091423], [-110.8303635, 43.6090843], [-110.8305817, 43.6090279], [-110.830666, 43.6090138], [-110.8308792, 43.6089783], [-110.8311572, 43.6089662], [-110.8312302, 43.608963], [-110.8313795, 43.6089824], [-110.8314362, 43.6089897], [-110.8314581, 43.6089949], [-110.8314814, 43.6090003], [-110.8316956, 43.6090507], [-110.8318957, 43.6091271], [-110.8319372, 43.6091429], [-110.8319855, 43.6091614], [-110.8321228, 43.6092339], [-110.8321453, 43.6092481], [-110.8322678, 43.6093254], [-110.8324094, 43.6094016], [-110.8324661, 43.6094322], [-110.8325977, 43.6094662], [-110.8326874, 43.6094894], [-110.83284, 43.6095085], [-110.8329569, 43.6095098], [-110.8331757, 43.6095123], [-110.8332854, 43.6094963], [-110.8333588, 43.6094856], [-110.833519, 43.6094627], [-110.8336411, 43.609417], [-110.8337408, 43.609399], [-110.8338318, 43.6093826], [-110.8341675, 43.6093559], [-110.8345337, 43.6093559], [-110.8345355, 43.6093561], [-110.8348846, 43.6093826], [-110.8349424, 43.6093958], [-110.8351517, 43.6094437], [-110.8352624, 43.6094794], [-110.8353057, 43.6094933], [-110.8353882, 43.60952], [-110.8355094, 43.6095654], [-110.8356018, 43.6096001], [-110.8357297, 43.609656], [-110.8357849, 43.6096802], [-110.8359006, 43.6097104], [-110.8359604, 43.6097259], [-110.8359717, 43.6097248], [-110.8360421, 43.6097173], [-110.8361054, 43.6097107], [-110.8361083, 43.6097093], [-110.8362412, 43.609648], [-110.8363037, 43.6096191], [-110.836332, 43.6096014], [-110.8363953, 43.6095619], [-110.8364698, 43.6094915], [-110.8365326, 43.6094322], [-110.8365932, 43.6093784], [-110.8366699, 43.6093101], [-110.8368301, 43.609211], [-110.837265, 43.6089325], [-110.8375832, 43.6087052], [-110.8376389, 43.6086655], [-110.8378677, 43.6085739], [-110.8380605, 43.6085123], [-110.8381424, 43.6084862], [-110.8382656, 43.6084583], [-110.8383789, 43.6084328], [-110.8386765, 43.6083984], [-110.8388821, 43.6084046], [-110.8390579, 43.6084099], [-110.8393097, 43.6084189], [-110.8394852, 43.6084252], [-110.8395976, 43.6084168], [-110.8396912, 43.6084099], [-110.8398514, 43.6083832], [-110.8399227, 43.60836], [-110.840004, 43.6083336], [-110.8403168, 43.6082573], [-110.840489, 43.6082142], [-110.8405539, 43.608198], [-110.8405762, 43.6081924], [-110.8406207, 43.6081911], [-110.8408356, 43.6081848], [-110.840932, 43.6081725], [-110.8411331, 43.6081467], [-110.8418273, 43.6081319], [-110.8418503, 43.6081314], [-110.8420055, 43.6081165], [-110.8424072, 43.608078], [-110.8424117, 43.6080782], [-110.8425151, 43.6080823], [-110.8425173, 43.6080824], [-110.8428879, 43.6080971], [-110.8432541, 43.6080856], [-110.8433546, 43.6081064], [-110.8434753, 43.6081314], [-110.8436222, 43.6081738], [-110.8436345, 43.6081773], [-110.8436737, 43.6081886], [-110.8438305, 43.6082343], [-110.8438568, 43.608242], [-110.8439442, 43.6082672], [-110.8440552, 43.6082993], [-110.8442471, 43.6083261], [-110.8444367, 43.6083527], [-110.8446475, 43.6083687], [-110.8447876, 43.6083794], [-110.844874, 43.6083815], [-110.844937, 43.6083831], [-110.8452454, 43.6083908], [-110.8457413, 43.6083641], [-110.8460846, 43.6083107], [-110.8462731, 43.6082831], [-110.8463974, 43.6082649], [-110.8464083, 43.6082619], [-110.8466428, 43.6081968], [-110.8466721, 43.6081886], [-110.8467936, 43.6081559], [-110.8469696, 43.6081085], [-110.8471656, 43.6080203], [-110.8473511, 43.6079369], [-110.8476105, 43.6078037], [-110.847641, 43.6077881], [-110.8477188, 43.6077477], [-110.847847, 43.6076813], [-110.8479178, 43.6076282], [-110.8479691, 43.6075897], [-110.8481377, 43.607508], [-110.8482208, 43.6074676], [-110.8482747, 43.6074528], [-110.8483025, 43.6074452], [-110.8483734, 43.6074257], [-110.8485336, 43.6074295], [-110.8485539, 43.6074317], [-110.848569, 43.6074333], [-110.8486404, 43.6074409], [-110.8487084, 43.6074586], [-110.8488312, 43.6074905], [-110.8490295, 43.6075287], [-110.8492508, 43.6075554], [-110.8494396, 43.6075734], [-110.8495712, 43.6075859], [-110.8496215, 43.6075925], [-110.8497467, 43.6076088], [-110.8498406, 43.6076334], [-110.8499069, 43.6076508], [-110.8499676, 43.6076727], [-110.8500443, 43.6077003], [-110.8500768, 43.6077156], [-110.8501385, 43.6077445], [-110.8501663, 43.6077576], [-110.8503037, 43.6078339], [-110.8504715, 43.6079102], [-110.8505341, 43.6079213], [-110.8505658, 43.6079269], [-110.850708, 43.6079521], [-110.8508712, 43.6079544], [-110.8509549, 43.6079555], [-110.8509827, 43.6079559], [-110.8510146, 43.6079468], [-110.8511429, 43.6079102], [-110.8512481, 43.6078435], [-110.8512573, 43.6078377], [-110.8514175, 43.6077041], [-110.8514754, 43.6076536], [-110.8515701, 43.6075706], [-110.8516541, 43.6074448], [-110.8517165, 43.6073463], [-110.8517532, 43.6072884], [-110.8517914, 43.6072484], [-110.8518372, 43.6072006], [-110.851963, 43.6070371], [-110.852066, 43.6069031], [-110.8522644, 43.6067047], [-110.8523298, 43.6066382], [-110.8523572, 43.6066103], [-110.8524857, 43.6064796], [-110.8525333, 43.6064466], [-110.852623, 43.6063843], [-110.8527786, 43.6063098], [-110.8527985, 43.6063003], [-110.8529587, 43.6062393], [-110.8531448, 43.6061637], [-110.8532028, 43.6061401], [-110.853225, 43.6061265], [-110.8533707, 43.6060371], [-110.8535612, 43.6058999], [-110.8536276, 43.605852], [-110.8536301, 43.6058502], [-110.8537444, 43.6057752], [-110.8538742, 43.60569], [-110.8539043, 43.6056724], [-110.8539658, 43.6056366], [-110.8540729, 43.605583], [-110.8541107, 43.6055641], [-110.8542662, 43.6054999], [-110.8542862, 43.6054916], [-110.8543053, 43.6054829], [-110.8543374, 43.6054683], [-110.8544617, 43.6054115], [-110.8545327, 43.6053583], [-110.8545685, 43.6053314], [-110.8546402, 43.6052453], [-110.8546448, 43.6052399], [-110.8547058, 43.6051292], [-110.8547821, 43.6049881], [-110.8549042, 43.6047096], [-110.8550028, 43.6045574], [-110.8550797, 43.6044388], [-110.8551726, 43.6043252], [-110.855217, 43.6042709], [-110.8553186, 43.6041959], [-110.8553817, 43.6041493], [-110.8555527, 43.604023], [-110.8555866, 43.6039976], [-110.8557265, 43.6038926], [-110.855751, 43.6038742], [-110.8559876, 43.603775], [-110.8560406, 43.6037535], [-110.8562317, 43.6036758], [-110.8565064, 43.60355], [-110.8565579, 43.6035152], [-110.8566818, 43.6034317], [-110.8567493, 43.6033931], [-110.8568955, 43.6033096], [-110.8570964, 43.6031635], [-110.8572311, 43.6030655], [-110.857356, 43.6029775], [-110.8574936, 43.6028804], [-110.8575287, 43.6028557], [-110.8576555, 43.6027888], [-110.857811, 43.6027069], [-110.8579712, 43.6026344], [-110.8582927, 43.6025261], [-110.8583192, 43.6025171], [-110.8583221, 43.6025162], [-110.8585892, 43.6024208], [-110.8587909, 43.6023949], [-110.8588336, 43.6023895], [-110.8588867, 43.6023827], [-110.8588883, 43.6023829], [-110.8589003, 43.6023849], [-110.8590241, 43.6024055], [-110.8592148, 43.6024513], [-110.8596405, 43.60254], [-110.8596726, 43.6025467], [-110.8597756, 43.6025622], [-110.8599401, 43.6025871], [-110.8600769, 43.6026077], [-110.8603668, 43.6026268], [-110.8604007, 43.6026232], [-110.8605063, 43.6026119], [-110.8606873, 43.6025925], [-110.8608856, 43.6025658], [-110.8611115, 43.6025458], [-110.8613477, 43.602525], [-110.8614044, 43.60252], [-110.8620224, 43.6024208], [-110.8621959, 43.6023906], [-110.8621979, 43.6023903], [-110.8622778, 43.602376], [-110.8625189, 43.602333], [-110.8628388, 43.6022758], [-110.8630191, 43.6022213], [-110.863063, 43.602208], [-110.8631287, 43.6021881], [-110.8631972, 43.6021628], [-110.8633041, 43.6021233], [-110.863407, 43.602089], [-110.8634872, 43.6020622], [-110.8636979, 43.6019832], [-110.8637009, 43.6019821], [-110.863884, 43.6018867], [-110.8639904, 43.6018315], [-110.8640823, 43.6017837], [-110.8642044, 43.6017303], [-110.8642766, 43.6017123], [-110.8643423, 43.6016959], [-110.864563, 43.6016693], [-110.8646789, 43.6016577], [-110.8647537, 43.6016502], [-110.8648031, 43.6016385], [-110.8648987, 43.6016159], [-110.8649336, 43.6015984], [-110.8649902, 43.6015701], [-110.8650009, 43.6015625], [-110.8651123, 43.6014824], [-110.8652094, 43.6014273], [-110.8652268, 43.6014175], [-110.8652621, 43.601406], [-110.8653106, 43.6013901], [-110.8654251, 43.6013527], [-110.8656048, 43.6012928], [-110.8656082, 43.6012917], [-110.8656118, 43.6012906], [-110.8656353, 43.6012838], [-110.8657532, 43.6012497], [-110.8659201, 43.6012067], [-110.8660049, 43.6011848], [-110.8661507, 43.6011468], [-110.8661779, 43.6011397], [-110.8661804, 43.6011391], [-110.8662119, 43.6011362], [-110.8666, 43.6011009], [-110.8670231, 43.6010657], [-110.8670396, 43.6010643], [-110.8671036, 43.601059], [-110.8675919, 43.6010132], [-110.8678534, 43.600987], [-110.8679425, 43.6009781], [-110.8680115, 43.6009712], [-110.8680985, 43.6009732], [-110.8681969, 43.6009754], [-110.8683472, 43.6009788], [-110.8689041, 43.6009712], [-110.869339, 43.6009445], [-110.8693986, 43.6009343], [-110.8695831, 43.6009026], [-110.8696208, 43.600889], [-110.8697205, 43.600853], [-110.8697829, 43.6008276], [-110.8698427, 43.6008033], [-110.869858, 43.6007944], [-110.8698909, 43.6007752], [-110.8699341, 43.60075], [-110.8699692, 43.6007274], [-110.8699982, 43.6007088], [-110.8700409, 43.6006813], [-110.8701231, 43.600599], [-110.8701553, 43.6005669], [-110.8701871, 43.6005298], [-110.8701918, 43.6005244], [-110.8702469, 43.60046], [-110.8703461, 43.6002998], [-110.8704513, 43.6002101], [-110.8704634, 43.6001997], [-110.8704758, 43.6001892], [-110.8706155, 43.6000922], [-110.8708496, 43.5999298], [-110.8710281, 43.5997434], [-110.871109, 43.599659], [-110.8711815, 43.5995611], [-110.871248, 43.5994713], [-110.8712616, 43.599453], [-110.8712678, 43.5994408], [-110.8712837, 43.5994098], [-110.8713455, 43.5992889], [-110.8713823, 43.5992175], [-110.871407, 43.5991693], [-110.8714142, 43.5991553], [-110.8714192, 43.5990773], [-110.8714218, 43.5990376], [-110.8713837, 43.5989151], [-110.8713682, 43.5988591], [-110.8713532, 43.5988045], [-110.8713499, 43.5987903], [-110.8713196, 43.5986592], [-110.8712844, 43.5985069], [-110.8712812, 43.5984831], [-110.871254, 43.5982819], [-110.8712769, 43.5981483], [-110.8712994, 43.5980977], [-110.8713137, 43.5980655], [-110.8713379, 43.598011], [-110.871362, 43.5979508], [-110.8713759, 43.5979159], [-110.8713756, 43.5979146], [-110.8713379, 43.5977325], [-110.8712997, 43.5975952], [-110.8712937, 43.5975738], [-110.8712503, 43.59742], [-110.8712167, 43.5973002], [-110.871216, 43.5972974], [-110.8712191, 43.5972921], [-110.8712568, 43.597228], [-110.8712921, 43.597168], [-110.8713461, 43.5971391], [-110.8713989, 43.5971107], [-110.8717926, 43.5969306], [-110.8719276, 43.5968688], [-110.8722992, 43.5966988], [-110.8728581, 43.5964354], [-110.8731749, 43.5962861], [-110.8733597, 43.596199], [-110.8735453, 43.5961113], [-110.8736224, 43.5960749], [-110.8739166, 43.5959358], [-110.8741897, 43.5957993], [-110.8742747, 43.5957568], [-110.8746872, 43.5955505], [-110.8756236, 43.5949274], [-110.8757706, 43.5948296], [-110.8761444, 43.5945778], [-110.8766251, 43.5942993], [-110.8770216, 43.5940742], [-110.8773108, 43.5939288], [-110.8775177, 43.5938492], [-110.8776017, 43.5938227], [-110.8779526, 43.5937118], [-110.8783396, 43.5936151], [-110.878685, 43.5935287], [-110.8791121, 43.5934232], [-110.8792184, 43.5933969], [-110.8793488, 43.5933647], [-110.8798553, 43.5932702], [-110.879921, 43.5932579], [-110.8800967, 43.5932315], [-110.880455, 43.5931778], [-110.881073, 43.5930901], [-110.8816261, 43.5930289], [-110.8818665, 43.5930023], [-110.8822143, 43.5929721], [-110.8822174, 43.5929718], [-110.8822785, 43.5929665], [-110.8823258, 43.5929624], [-110.8826599, 43.5929336], [-110.8828685, 43.5929163], [-110.8830719, 43.5928993], [-110.8832671, 43.5928893], [-110.8833695, 43.5928841], [-110.8834388, 43.5928875], [-110.8834551, 43.5928883], [-110.8836746, 43.5928993], [-110.8840485, 43.5929375], [-110.8843079, 43.5929909], [-110.8845253, 43.5930319], [-110.8845267, 43.5930322], [-110.8846207, 43.59305], [-110.8846512, 43.5930557], [-110.8847019, 43.5930625], [-110.8848722, 43.5930855], [-110.8850479, 43.5931091], [-110.8855438, 43.5930824], [-110.8857214, 43.5930281], [-110.8857983, 43.5930045], [-110.8859177, 43.592968], [-110.8860087, 43.5929321], [-110.8863144, 43.5928116], [-110.8867332, 43.5925926], [-110.8867803, 43.592568], [-110.887146, 43.5923767], [-110.8873306, 43.5922678], [-110.8874435, 43.5922012], [-110.887764, 43.5919952], [-110.8880766, 43.591816], [-110.8881038, 43.5917898], [-110.8883362, 43.5915642], [-110.8885727, 43.5912399], [-110.8887116, 43.5910916], [-110.8887454, 43.5910554], [-110.8889084, 43.5908813], [-110.8889531, 43.5908443], [-110.8891296, 43.5906982], [-110.8893282, 43.5905581], [-110.8895187, 43.5904236], [-110.8896534, 43.5903164], [-110.8897247, 43.5902595], [-110.8897846, 43.590192], [-110.8899152, 43.5900445], [-110.8899612, 43.5899925], [-110.8899626, 43.5899903], [-110.8900375, 43.5898666], [-110.8901286, 43.5896795], [-110.8901749, 43.5895843], [-110.8902741, 43.5894318], [-110.8906058, 43.5892182], [-110.890831, 43.5890732], [-110.8910149, 43.5889404], [-110.8911057, 43.5888748], [-110.8911398, 43.5888446], [-110.8912338, 43.5887611], [-110.8913409, 43.5886661], [-110.8913422, 43.588665], [-110.8914067, 43.5885313], [-110.8914741, 43.5883917], [-110.8915021, 43.5883337], [-110.8915634, 43.588104], [-110.8915253, 43.5874176], [-110.8912659, 43.5866966], [-110.8911209, 43.5864792], [-110.8908844, 43.5862579], [-110.8901901, 43.5858307], [-110.8900909, 43.5857048], [-110.8900909, 43.585587], [-110.8901825, 43.5855065], [-110.8909607, 43.585247], [-110.8918457, 43.5848579], [-110.8924255, 43.5844002], [-110.8928604, 43.5838165], [-110.8929977, 43.5833779], [-110.8930206, 43.5821232], [-110.892952, 43.5815016], [-110.8925705, 43.5797996], [-110.8925552, 43.5792618], [-110.8926697, 43.5790253], [-110.8937149, 43.5781364], [-110.8954241, 43.5763814], [-110.895958, 43.5754623], [-110.8966707, 43.5740381]]]}, "properties": {"name": "Grand Teton National Park", "osm_id": 1492555}}, {"type": "Feature", "geometry": {"type": "Polygon", "coordinates": [[[-110.7952899, 44.0840061], [-110.7949121, 44.084091], [-110.7932832, 44.0846519], [-110.7911854, 44.0850992], [-110.7888703, 44.0850725], [-110.7870138, 44.0849552], [-110.7867752, 44.0861928], [-110.786423, 44.0882625], [-110.7862822, 44.0890573], [-110.7862328, 44.0900179], [-110.7866434, 44.0908468], [-110.7871917, 44.0917422], [-110.7877391, 44.0929027], [-110.7878725, 44.0941617], [-110.7879152, 44.0950562], [-110.7877286, 44.0958178], [-110.787358, 44.0966122], [-110.7869415, 44.0974065], [-110.7865712, 44.0981014], [-110.7863847, 44.0988299], [-110.786588, 44.0998075], [-110.7863547, 44.1007677], [-110.786994, 44.1019615], [-110.7880011, 44.1031227], [-110.7885041, 44.1038856], [-110.7888229, 44.1047143], [-110.788958, 44.1055096], [-110.7888634, 44.1062382], [-110.7885845, 44.107099], [-110.7880753, 44.1080587], [-110.7877043, 44.1089525], [-110.7872641, 44.1098958], [-110.7868478, 44.1105907], [-110.7866603, 44.1115841], [-110.7866123, 44.1121472], [-110.7862432, 44.1125109], [-110.7860572, 44.1130737], [-110.7861013, 44.1136038], [-110.7864662, 44.1143995], [-110.7871994, 44.1150965], [-110.7885303, 44.1157946], [-110.7898017, 44.1163264], [-110.7917902, 44.1171587], [-110.7924773, 44.1178887], [-110.7927046, 44.118651], [-110.7926564, 44.1192803], [-110.7922864, 44.1198759], [-110.7915945, 44.120471], [-110.7909496, 44.1208011], [-110.789064, 44.120864], [-110.7860053, 44.1210406], [-110.7843952, 44.1212032], [-110.7834748, 44.1214003], [-110.7829684, 44.1215318], [-110.7825993, 44.1218624], [-110.7819527, 44.1226231], [-110.7805253, 44.1231173], [-110.7790531, 44.1232802], [-110.7775347, 44.1235092], [-110.7757404, 44.1237045], [-110.773486, 44.1239651], [-110.7723826, 44.1238967], [-110.7705447, 44.1234956], [-110.7682958, 44.1223648], [-110.7666865, 44.1222954], [-110.7657662, 44.122426], [-110.7652592, 44.1227232], [-110.7648897, 44.1231199], [-110.7647042, 44.1235171], [-110.7646562, 44.1240139], [-110.764654, 44.124577], [-110.7647897, 44.1251404], [-110.7651987, 44.1263669], [-110.7653793, 44.1271955], [-110.7655156, 44.1276264], [-110.7663399, 44.1285225], [-110.7671872, 44.129402], [-110.7672778, 44.1297666], [-110.7675962, 44.1306616], [-110.7678693, 44.131391], [-110.7682807, 44.1320212], [-110.768629, 44.132254], [-110.750808, 44.132175], [-110.680605, 44.131575], [-110.663717, 44.1316601], [-110.6636579, 44.131662], [-110.661863, 44.131719], [-110.661699, 44.131724], [-110.661535, 44.13173], [-110.661341, 44.131736], [-110.66086, 44.131751], [-110.660637, 44.131752], [-110.660413, 44.131752], [-110.6601626, 44.1315203], [-110.6598808, 44.1311964], [-110.6598123, 44.1310647], [-110.6597286, 44.1308011], [-110.6596754, 44.1304663], [-110.6596754, 44.1304005], [-110.6596297, 44.1302029], [-110.6595536, 44.1300712], [-110.6595004, 44.1300053], [-110.6593327, 44.1298845], [-110.6592259, 44.1298242], [-110.658929, 44.1296979], [-110.6588375, 44.1296485], [-110.6585633, 44.1295606], [-110.6581061, 44.1294343], [-110.6577404, 44.1293463], [-110.657367, 44.1292749], [-110.6568185, 44.1291979], [-110.656727, 44.1291759], [-110.6563766, 44.1290496], [-110.6561633, 44.1289178], [-110.6561099, 44.1288081], [-110.6561102, 44.1286983], [-110.6561253, 44.1286269], [-110.6561255, 44.128583], [-110.6561483, 44.1284403], [-110.6562782, 44.1281385], [-110.6564687, 44.1278642], [-110.6565298, 44.1278037], [-110.6566442, 44.127705], [-110.6568347, 44.1275734], [-110.6571549, 44.1274307], [-110.6573911, 44.127343], [-110.6575283, 44.1272662], [-110.6576197, 44.1271729], [-110.6576274, 44.1270577], [-110.6575285, 44.1268161], [-110.6574981, 44.1267009], [-110.6574981, 44.1265362], [-110.6575211, 44.1263002], [-110.6575593, 44.1261795], [-110.6576889, 44.125949], [-110.6578566, 44.1257844], [-110.6582759, 44.1254223], [-110.6583597, 44.125318], [-110.6584666, 44.1251534], [-110.6585657, 44.1249394], [-110.6585711, 44.1249394], [-110.6586411, 44.1248562], [-110.6586717, 44.1247848], [-110.6587632, 44.1245433], [-110.6587709, 44.124483], [-110.6587634, 44.1243623], [-110.6589386, 44.1241373], [-110.6589615, 44.1240879], [-110.6589616, 44.1240549], [-110.6591751, 44.1236597], [-110.659465, 44.1229737], [-110.6596253, 44.1224798], [-110.6596178, 44.1223207], [-110.6595873, 44.1222493], [-110.6595645, 44.1221506], [-110.6596411, 44.1213382], [-110.6596642, 44.1209595], [-110.6597176, 44.1206248], [-110.6597864, 44.1203777], [-110.6599847, 44.1198399], [-110.6599772, 44.1196698], [-110.6599161, 44.1195052], [-110.6599088, 44.1193735], [-110.6598173, 44.1191869], [-110.6596957, 44.1185337], [-110.6595893, 44.1183581], [-110.6593989, 44.1181], [-110.659277, 44.1179573], [-110.659239, 44.117875], [-110.6592164, 44.1175017], [-110.6590795, 44.1170901], [-110.6590643, 44.1169419], [-110.659072, 44.1168047], [-110.6591026, 44.116684], [-110.6593772, 44.1159211], [-110.6594612, 44.1156083], [-110.6594917, 44.1154272], [-110.659507, 44.1152296], [-110.6595072, 44.1149552], [-110.6594922, 44.1142308], [-110.6595001, 44.1139947], [-110.6595229, 44.1138246], [-110.6595765, 44.1137203], [-110.659622, 44.1136874], [-110.6596602, 44.113638], [-110.6601478, 44.1133583], [-110.660186, 44.1133254], [-110.6605594, 44.1130839], [-110.6605974, 44.1130126], [-110.6606585, 44.112859], [-110.6606814, 44.1127713], [-110.6606891, 44.1126778], [-110.6606815, 44.1124748], [-110.6606283, 44.1120905], [-110.6606666, 44.1117174], [-110.6607048, 44.1115308], [-110.6607581, 44.1114429], [-110.660842, 44.1113442], [-110.6609792, 44.1112619], [-110.6614288, 44.1110754], [-110.6615202, 44.111015], [-110.661787, 44.110768], [-110.6618403, 44.1107352], [-110.6621071, 44.1103839], [-110.6621833, 44.1101973], [-110.6623968, 44.1097913], [-110.6624426, 44.1096705], [-110.6624959, 44.1094949], [-110.6626105, 44.108979], [-110.6627705, 44.1088363], [-110.6628085, 44.108754], [-110.6628315, 44.1086498], [-110.6628392, 44.1084192], [-110.6628393, 44.1082655], [-110.6628241, 44.1082436], [-110.6626945, 44.1082161], [-110.6626641, 44.1081887], [-110.6626412, 44.1081393], [-110.6626262, 44.1077496], [-110.6624817, 44.1073434], [-110.6624283, 44.1072556], [-110.6622456, 44.1070415], [-110.6619869, 44.1066408], [-110.661827, 44.1064595], [-110.6617205, 44.1062291], [-110.6616368, 44.1059327], [-110.6613781, 44.1054773], [-110.6611726, 44.1051919], [-110.6610128, 44.1048899], [-110.6609672, 44.1047307], [-110.660952, 44.1045825], [-110.6609521, 44.1044453], [-110.6609674, 44.1043245], [-110.6610436, 44.104127], [-110.661318, 44.1038032], [-110.6619657, 44.102991], [-110.6621486, 44.1027221], [-110.6622325, 44.1025685], [-110.6623698, 44.1022172], [-110.6624613, 44.1018167], [-110.6624918, 44.1017398], [-110.6625452, 44.101652], [-110.662652, 44.1012624], [-110.6629339, 44.1008508], [-110.6632389, 44.1002197], [-110.6632923, 44.1001922], [-110.663376, 44.1001209], [-110.6637721, 44.0999563], [-110.6640311, 44.0998686], [-110.6655015, 44.0990291], [-110.6658682, 44.0987594], [-110.6657824, 44.0986298], [-110.6657967, 44.0982037], [-110.6657988, 44.0981894], [-110.6657836, 44.0981235], [-110.6657456, 44.0980576], [-110.6657075, 44.0980083], [-110.6653573, 44.0976624], [-110.6649995, 44.0973275], [-110.6647787, 44.0969763], [-110.6647102, 44.0969158], [-110.6646417, 44.0968775], [-110.664596, 44.096828], [-110.664421, 44.0965865], [-110.6642992, 44.0964438], [-110.6642764, 44.0963998], [-110.664284, 44.0963614], [-110.6643068, 44.096334], [-110.6643754, 44.0962956], [-110.6645125, 44.0962462], [-110.664581, 44.0962078], [-110.6646268, 44.0961584], [-110.6646344, 44.0960981], [-110.6646116, 44.0960432], [-110.6645354, 44.0959499], [-110.6643832, 44.0957961], [-110.6643528, 44.0957468], [-110.6643985, 44.095637], [-110.6644291, 44.0952638], [-110.6643912, 44.0948302], [-110.6643608, 44.09466], [-110.6643685, 44.0945558], [-110.6643914, 44.0945119], [-110.664498, 44.0944076], [-110.6645208, 44.0943692], [-110.6645438, 44.0941442], [-110.6645668, 44.0940893], [-110.6646886, 44.0939686], [-110.6648182, 44.0938753], [-110.6648944, 44.093793], [-110.6649141, 44.0937465], [-110.6649442, 44.0936347], [-110.6649922, 44.093532], [-110.6649975, 44.0933462], [-110.6650364, 44.0932652], [-110.6649157, 44.0931352], [-110.6648272, 44.0930822], [-110.6646931, 44.0930158], [-110.6644835, 44.0928873], [-110.6644682, 44.092827], [-110.6644911, 44.092783], [-110.664674, 44.0927172], [-110.6647121, 44.0926953], [-110.6647653, 44.0926184], [-110.664773, 44.0925032], [-110.6647197, 44.0923549], [-110.6645447, 44.0920421], [-110.6644838, 44.0918994], [-110.664385, 44.0914548], [-110.6643546, 44.0913835], [-110.6642785, 44.0912792], [-110.6640425, 44.0910102], [-110.6639893, 44.0909004], [-110.6639437, 44.0907522], [-110.6639361, 44.0906864], [-110.6639437, 44.0905491], [-110.6639666, 44.0904558], [-110.66402, 44.090379], [-110.6640961, 44.0903022], [-110.6641038, 44.0902309], [-110.6640963, 44.0900059], [-110.6640886, 44.0899235], [-110.6640658, 44.0898522], [-110.6640354, 44.0897918], [-110.6639898, 44.0897369], [-110.6638603, 44.0896106], [-110.663769, 44.0895613], [-110.6634948, 44.0894734], [-110.6630687, 44.0890288], [-110.6625815, 44.0887487], [-110.6621626, 44.0886608], [-110.6617668, 44.0884852], [-110.6616373, 44.0884687], [-110.6615384, 44.0884741], [-110.6612717, 44.0885509], [-110.6611651, 44.0885618], [-110.6609139, 44.0885563], [-110.6605636, 44.0885234], [-110.6602363, 44.0884739], [-110.6600001, 44.0884573], [-110.6597717, 44.0884298], [-110.6597108, 44.0884133], [-110.6596499, 44.0883859], [-110.6592314, 44.0881333], [-110.6589649, 44.088007], [-110.658432, 44.0878039], [-110.6583635, 44.0877654], [-110.6583026, 44.087716], [-110.6581428, 44.0875239], [-110.6580819, 44.0874745], [-110.6577164, 44.0872713], [-110.6573434, 44.0870792], [-110.6568181, 44.0868924], [-110.656666, 44.0867881], [-110.6565594, 44.0867331], [-110.6564527, 44.0867002], [-110.6559883, 44.0866616], [-110.6557067, 44.0865682], [-110.6554706, 44.0865188], [-110.6554021, 44.0864749], [-110.6553108, 44.0863761], [-110.6550064, 44.0859863], [-110.6548086, 44.0858601], [-110.6836775, 44.0556005], [-110.6834442, 44.0463165], [-110.685436, 44.0463288], [-110.6914538, 44.0463611], [-110.700268, 44.0464083], [-110.7149235, 44.0462652], [-110.7149183, 44.0437706], [-110.7950945, 44.043755], [-110.7952899, 44.0840061]]]}, "properties": {"name": "John D. Rockefeller, Jr. Memorial Parkway", "osm_id": 1453305}}]}