{"type": "FeatureCollection", "features": [{"type": "Feature", "geometry": {"type": "LineString", "coordinates": [[-111.158428, 43.32036], [-111.158677, 43.320368], [-111.158982, 43.320353], [-111.159024, 43.320351], [-111.159191, 43.32033], [-111.159366, 43.320307], [-111.159592, 43.320261], [-111.159874, 43.320191], [-111.160291, 43.320061], [-111.16147, 43.319582], [-111.161945, 43.319404], [-111.162332, 43.319263], [-111.16303, 43.319054], [-111.163445, 43.318976], [-111.163628, 43.318963], [-111.163778, 43.318967], [-111.164067, 43.319004], [-111.16442, 43.319075], [-111.164832, 43.319186], [-111.165149, 43.319332], [-111.165427, 43.319521], [-111.165584, 43.31967], [-111.165695, 43.319805], [-111.165817, 43.320011], [-111.165886, 43.320205], [-111.165951, 43.3207], [-111.165994, 43.321342], [-111.166023, 43.321595], [-111.16607, 43.321785], [-111.166181, 43.322156], [-111.166268, 43.322327], [-111.166332, 43.322453], [-111.166611, 43.322929], [-111.167111, 43.32366], [-111.167606, 43.324478], [-111.167872, 43.324732], [-111.168054, 43.324876], [-111.168338, 43.325087], [-111.1684, 43.325133], [-111.16879, 43.32539], [-111.169189, 43.325562], [-111.169554, 43.325676], [-111.169866, 43.325743], [-111.17029, 43.32578], [-111.170637, 43.325791], [-111.170938, 43.3258], [-111.171478, 43.325782], [-111.171711, 43.325752], [-111.172073, 43.325685], [-111.172249, 43.325637], [-111.172665, 43.3255], [-111.173597, 43.3251749], [-111.1740671, 43.3250126], [-111.1746203, 43.3248587], [-111.1750207, 43.3247669], [-111.1755177, 43.3246804], [-111.1759609, 43.3246516], [-111.1764242, 43.3246461], [-111.176864, 43.3246652], [-111.1779406, 43.3247875], [-111.1789371, 43.3249248], [-111.1800303, 43.3250278], [-111.1810293, 43.325104], [-111.1815335, 43.3251853], [-111.1820205, 43.3253158], [-111.1826169, 43.3255082], [-111.1831378, 43.3256821], [-111.183554, 43.325797], [-111.1841004, 43.3258639], [-111.1845166, 43.3259111], [-111.1851887, 43.3259599], [-111.1856292, 43.3259905], [-111.1859457, 43.3260552], [-111.1862274, 43.3261454], [-111.1864927, 43.326249], [-111.1867204, 43.3263592], [-111.1869161, 43.32647], [-111.1872152, 43.3267233], [-111.1874749, 43.3269565], [-111.188031, 43.327438], [-111.188286, 43.327653], [-111.1885, 43.327808], [-111.188843, 43.328006], [-111.189136, 43.328129], [-111.189365, 43.328202], [-111.189619, 43.32827], [-111.189842, 43.32831], [-111.19008, 43.328327], [-111.190383, 43.328334], [-111.190623, 43.328328], [-111.190885, 43.328322], [-111.191262, 43.328333], [-111.19159, 43.328368], [-111.192186, 43.328465], [-111.192405, 43.328516], [-111.192486, 43.32854], [-111.192698, 43.328602], [-111.192926, 43.328681], [-111.193155, 43.328793], [-111.193378, 43.328919], [-111.193587, 43.329056], [-111.193852, 43.329274], [-111.195211, 43.330476], [-111.19546, 43.330685], [-111.195477, 43.330698], [-111.195823, 43.33097], [-111.196187, 43.331221], [-111.196657, 43.331509], [-111.196763, 43.331574], [-111.197346, 43.331954], [-111.1974512, 43.3320359], [-111.197748, 43.332267], [-111.198072, 43.332569], [-111.1984381, 43.333013], [-111.198574, 43.333178], [-111.198689, 43.3333806], [-111.19875, 43.333488], [-111.198919, 43.333894], [-111.198944, 43.333971], [-111.199197, 43.334742], [-111.199353, 43.335291], [-111.199418, 43.335521], [-111.199889, 43.337038], [-111.200101, 43.337817], [-111.200306, 43.338452], [-111.200532, 43.339068], [-111.200732, 43.339541], [-111.200962, 43.339919], [-111.201198, 43.34034], [-111.201411, 43.340679], [-111.201626, 43.340968], [-111.20211, 43.341548], [-111.202421, 43.341869], [-111.202758, 43.342192], [-111.203056, 43.342459], [-111.203791, 43.343036], [-111.204064, 43.343212], [-111.20452, 43.343505], [-111.2055, 43.344104], [-111.206461, 43.344705], [-111.207172, 43.345138], [-111.207406, 43.345268], [-111.208479, 43.3459823], [-111.208641, 43.346074], [-111.209256, 43.346459], [-111.209878, 43.346815], [-111.209979, 43.346873], [-111.210279, 43.347014], [-111.2106686, 43.347186], [-111.2121514, 43.3478407], [-111.212476, 43.347984], [-111.213492, 43.348437], [-111.213885, 43.34862], [-111.215486, 43.349309], [-111.216953, 43.349958], [-111.217518, 43.350242], [-111.217862, 43.35045], [-111.218281, 43.350754]]}, "properties": {"NHS": "yes", "highway": "trunk", "lanes": "2", "maxspeed": "55 mph", "name": "Swan Valley Highway", "ref": "US 26", "tiger:county": "Bonneville, ID", "tiger:name_base": "Swan Valley", "tiger:name_base_1": "United States Highway 26", "osm_id": 13749981}}, {"type": "Feature", "geometry": {"type": "LineString", "coordinates": [[-111.2198664, 43.3522772], [-111.2203438, 43.3527538], [-111.221245, 43.353666], [-111.22329, 43.355738], [-111.223399, 43.355848], [-111.223704, 43.356178], [-111.224589, 43.357097], [-111.22564, 43.358125], [-111.226421, 43.35892], [-111.227338, 43.359829], [-111.227874, 43.360361], [-111.228082, 43.360569], [-111.228346, 43.36083], [-111.229348, 43.361853], [-111.229774, 43.362272], [-111.230239, 43.362737], [-111.230521, 43.363026], [-111.231213, 43.363712], [-111.231275, 43.363778], [-111.231567, 43.364082], [-111.231872, 43.364395], [-111.232194, 43.364714], [-111.232524, 43.365057], [-111.232751, 43.365269], [-111.232868, 43.365395], [-111.233354, 43.365864], [-111.233626, 43.366154], [-111.233974, 43.36651], [-111.234611, 43.367149], [-111.234814, 43.367342], [-111.235192, 43.367707], [-111.235302, 43.367822], [-111.23631, 43.36887], [-111.236571, 43.369115], [-111.237324, 43.369858], [-111.237617, 43.370169], [-111.238001, 43.370552], [-111.238443, 43.37101], [-111.238823, 43.37138], [-111.23916, 43.37168], [-111.239558, 43.371988], [-111.240058, 43.372331], [-111.240945, 43.372893], [-111.241336, 43.373124], [-111.241527, 43.373237], [-111.242168, 43.373649], [-111.242876, 43.37407], [-111.24296, 43.37412], [-111.243456, 43.374389], [-111.24394, 43.374682], [-111.244956, 43.375296], [-111.245187, 43.375436], [-111.245541, 43.375664], [-111.24657, 43.376283], [-111.247044, 43.376568], [-111.247608, 43.376945], [-111.248634, 43.37754], [-111.249332, 43.377961], [-111.249883, 43.378322], [-111.250472, 43.378665], [-111.251324, 43.379192], [-111.251765, 43.379433], [-111.25378, 43.380669], [-111.254014, 43.380808], [-111.254879, 43.381323], [-111.255011, 43.381404], [-111.255262, 43.381556], [-111.257045, 43.382641], [-111.257698, 43.383029], [-111.262369, 43.385873], [-111.26299, 43.386248], [-111.263177, 43.386361], [-111.263599, 43.386627], [-111.26402, 43.38688], [-111.26407, 43.38691], [-111.265465, 43.387746], [-111.26667, 43.388487], [-111.267919, 43.389226], [-111.268538, 43.389611], [-111.269618, 43.390258], [-111.269729, 43.390325], [-111.269857, 43.390403], [-111.270707, 43.390926], [-111.271353, 43.391316], [-111.272626, 43.392085], [-111.27295, 43.39228], [-111.274059, 43.392955], [-111.277099, 43.394806], [-111.277584, 43.395093], [-111.279941, 43.396529], [-111.28016, 43.396649], [-111.280237, 43.396697], [-111.281555, 43.397499], [-111.282325, 43.397968], [-111.282719, 43.398205], [-111.284765, 43.399462], [-111.285942, 43.400171], [-111.286387, 43.400411], [-111.286456, 43.400453], [-111.286706, 43.400624], [-111.287415, 43.401068], [-111.287648, 43.401189], [-111.28874, 43.401853], [-111.289108, 43.402067], [-111.289554, 43.402339], [-111.289906, 43.402572], [-111.291898, 43.403747], [-111.292025, 43.403822], [-111.292255, 43.403957], [-111.292435, 43.404057], [-111.293555, 43.404841], [-111.293785, 43.405043], [-111.294523, 43.405787], [-111.294836, 43.406139], [-111.295042, 43.406372], [-111.295719, 43.407149], [-111.296022, 43.407518], [-111.296545, 43.408109], [-111.297134, 43.408774], [-111.297289, 43.408952], [-111.298086, 43.409866], [-111.298712, 43.410567], [-111.299199, 43.41113], [-111.299466, 43.41144], [-111.299573, 43.411559], [-111.29999, 43.412025], [-111.30047, 43.412576], [-111.300824, 43.412979], [-111.300917, 43.413085], [-111.301114, 43.413308], [-111.301182, 43.413387], [-111.301319, 43.413544], [-111.301504, 43.413754], [-111.302046, 43.414371], [-111.302434, 43.41482], [-111.302471, 43.414863], [-111.302564, 43.414969], [-111.30468, 43.417382], [-111.306662, 43.419616], [-111.307108, 43.42013], [-111.308062, 43.421288], [-111.308866, 43.42217], [-111.310573, 43.424099], [-111.311804, 43.425452], [-111.312516, 43.426311], [-111.313251, 43.427156], [-111.313465, 43.427391], [-111.313971, 43.427988], [-111.315112, 43.42929], [-111.316305, 43.43063], [-111.317353, 43.431826], [-111.319025, 43.433718], [-111.319715, 43.434536], [-111.320239, 43.435129], [-111.321588, 43.436654], [-111.322107, 43.437247], [-111.322475, 43.437649], [-111.323668, 43.438995], [-111.32397, 43.439347], [-111.324831, 43.440342], [-111.325024, 43.440489], [-111.325174, 43.440624], [-111.325657, 43.441027], [-111.327861, 43.442638], [-111.32891, 43.443389], [-111.329758, 43.444028], [-111.33059, 43.444613], [-111.331588, 43.445341], [-111.334383, 43.447376], [-111.334839, 43.447705], [-111.335403, 43.448109], [-111.336553, 43.448961], [-111.337242, 43.449443], [-111.337495, 43.449638], [-111.33878, 43.450555], [-111.339476, 43.451053], [-111.3399016, 43.4513899]]}, "properties": {"NHS": "yes", "highway": "trunk", "lanes": "2", "maxspeed": "55 mph", "name": "Swan Valley Highway", "ref": "US 26", "surface": "asphalt", "tiger:county": "Bonneville, ID", "osm_id": 13750031}}, {"type": "Feature", "geometry": {"type": "LineString", "coordinates": [[-111.216158, 43.571589], [-111.216492, 43.571657], [-111.217851, 43.571959], [-111.218917, 43.572233], [-111.219584, 43.572421], [-111.219899, 43.572491], [-111.220477, 43.572554], [-111.220807, 43.572567], [-111.221365, 43.572617], [-111.22172, 43.572662], [-111.223587, 43.573129], [-111.224076, 43.573238], [-111.224392, 43.573285], [-111.224722, 43.573284], [-111.225013, 43.573251], [-111.225521, 43.573172], [-111.226097, 43.573042], [-111.226408, 43.57299], [-111.226763, 43.572976], [-111.227277, 43.572975], [-111.22772, 43.572994], [-111.22781, 43.572988], [-111.22812, 43.572909], [-111.229158, 43.572469], [-111.22945, 43.57245], [-111.229672, 43.572468], [-111.229937, 43.572513], [-111.230775, 43.572802], [-111.231086, 43.57288], [-111.232, 43.573025], [-111.232356, 43.573107], [-111.232597, 43.573231], [-111.23282, 43.573411], [-111.233201, 43.57365], [-111.233414, 43.573747], [-111.233681, 43.573797], [-111.233903, 43.573796], [-111.234178, 43.57378], [-111.234416, 43.573731], [-111.234638, 43.573666], [-111.23479, 43.573569], [-111.234992, 43.573393], [-111.235276, 43.57307], [-111.235478, 43.572858], [-111.235611, 43.572779], [-111.235877, 43.572696], [-111.236251, 43.57263], [-111.236879, 43.572486], [-111.237839, 43.572197], [-111.238174, 43.572049], [-111.238459, 43.571938], [-111.238706, 43.571873], [-111.238991, 43.571821], [-111.239194, 43.571807], [-111.239461, 43.57182], [-111.240058, 43.571999], [-111.240201, 43.572012], [-111.240486, 43.571997], [-111.240753, 43.571951], [-111.240993, 43.571867], [-111.241008, 43.571858], [-111.241196, 43.571738], [-111.241371, 43.571585], [-111.24148, 43.571447], [-111.24153, 43.57135], [-111.241568, 43.571221], [-111.241592, 43.57082], [-111.241563, 43.570553], [-111.241612, 43.570374], [-111.241704, 43.570209], [-111.24183, 43.57008], [-111.241947, 43.569984], [-111.242082, 43.569924], [-111.24242, 43.569807], [-111.242565, 43.569772], [-111.242769, 43.569746], [-111.243036, 43.569728], [-111.243364, 43.569727], [-111.243534, 43.569717], [-111.243703, 43.569682], [-111.243859, 43.569628], [-111.243943, 43.569587], [-111.244077, 43.569501], [-111.244343, 43.56929], [-111.244409, 43.569176], [-111.244515, 43.568861], [-111.244764, 43.567935], [-111.244953, 43.567558], [-111.245094, 43.567374], [-111.245397, 43.567074], [-111.245759, 43.566792], [-111.246699, 43.566192], [-111.247461, 43.565734], [-111.247948, 43.565459], [-111.24865, 43.565014], [-111.249375, 43.564528], [-111.250066, 43.56403], [-111.250242, 43.563813], [-111.250763, 43.563367], [-111.251302, 43.56286], [-111.251658, 43.5625], [-111.252159, 43.562057], [-111.252622, 43.561594], [-111.252792, 43.561449], [-111.25318, 43.561207], [-111.253436, 43.561103], [-111.25371, 43.561013], [-111.253957, 43.560971], [-111.254196, 43.56097], [-111.254279, 43.56097], [-111.254497, 43.560997], [-111.254754, 43.561059], [-111.254925, 43.561141], [-111.25598, 43.561697], [-111.256128, 43.561772], [-111.256276, 43.561844], [-111.256401, 43.561893], [-111.256777, 43.56204], [-111.257868, 43.562502], [-111.259007, 43.562825], [-111.261537, 43.563506], [-111.262512, 43.56378], [-111.262938, 43.563877], [-111.263363, 43.563946], [-111.263725, 43.563992], [-111.264492, 43.564023], [-111.264747, 43.564024], [-111.264992, 43.56401], [-111.265307, 43.563976], [-111.266029, 43.563862], [-111.26648, 43.563763], [-111.267066, 43.563611], [-111.267877, 43.563366], [-111.268398, 43.563163], [-111.269387, 43.562869], [-111.27032, 43.562504], [-111.271238, 43.562092], [-111.271924, 43.561797], [-111.273289, 43.561254], [-111.274167, 43.560952], [-111.2754988, 43.5604869]]}, "properties": {"highway": "primary", "maxspeed": "55 mph", "name": "State Highway 31", "ref": "ID 31", "tiger:cfcc": "A31", "tiger:county": "Bonneville, ID", "tiger:name_base": "State Highway 31", "osm_id": 13753726}}, {"type": "Feature", "geometry": {"type": "LineString", "coordinates": [[-111.218281, 43.350754], [-111.218452, 43.350887], [-111.218791, 43.351177], [-111.2198664, 43.3522772]]}, "properties": {"NHS": "yes", "highway": "trunk", "lanes": "2", "name": "South Fork Drive", "ref": "US 26", "tiger:cfcc": "A21", "tiger:county": "Bonneville, ID", "tiger:name_base": "Fork", "tiger:name_base_1": "United States Highway 26", "tiger:name_direction_prefix": "S", "tiger:name_type": "Dr", "tiger:reviewed": "no", "osm_id": 13754885}}, {"type": "Feature", "geometry": {"type": "LineString", "coordinates": [[-111.1789532, 43.9394543], [-111.179189, 43.940125], [-111.179456, 43.940978], [-111.179724, 43.941795], [-111.179899, 43.942512], [-111.179963, 43.942842], [-111.179975, 43.943423], [-111.179956, 43.9439], [-111.179975, 43.944569], [-111.179956, 43.945129], [-111.179962, 43.946888], [-111.179978, 43.947847], [-111.179964, 43.948998], [-111.179995, 43.949821], [-111.179972, 43.951438], [-111.179997, 43.951982], [-111.180049, 43.952093], [-111.180131, 43.952298], [-111.180226, 43.952506], [-111.180536, 43.952932], [-111.180934, 43.953318], [-111.181291, 43.953563], [-111.181498, 43.953678], [-111.182027, 43.953895], [-111.182445, 43.954019], [-111.182791, 43.954085], [-111.183069, 43.954128], [-111.183269, 43.95415], [-111.183547, 43.954162], [-111.183727, 43.954164], [-111.184025, 43.95415], [-111.186408, 43.95414], [-111.189248, 43.954135], [-111.189752, 43.954134], [-111.191023, 43.954106], [-111.191507, 43.954062], [-111.191942, 43.953958], [-111.192866, 43.953633], [-111.1934533, 43.9534789], [-111.1938071, 43.9534119], [-111.19419, 43.95338], [-111.1947373, 43.9533815], [-111.1952336, 43.9534256], [-111.195807, 43.9535452], [-111.197085, 43.953828], [-111.197491, 43.953965], [-111.198006, 43.954223], [-111.198322, 43.954417], [-111.1984, 43.95447], [-111.198717, 43.954726], [-111.199053, 43.955066], [-111.199244, 43.955303], [-111.199305, 43.955397], [-111.199442, 43.955609], [-111.199563, 43.955923], [-111.199623, 43.956139], [-111.199879, 43.957548], [-111.199942, 43.957722], [-111.199981, 43.957828], [-111.200077, 43.958043], [-111.200173, 43.958194], [-111.200247, 43.9583], [-111.200271, 43.958332], [-111.200586, 43.958663], [-111.201729, 43.959896], [-111.20185, 43.960027], [-111.20285, 43.961065], [-111.203144, 43.961392], [-111.203354, 43.961706], [-111.20351, 43.962029], [-111.203525, 43.962075], [-111.203553, 43.962163], [-111.203565, 43.962404], [-111.203567, 43.962857], [-111.203434, 43.964094], [-111.203274, 43.966121], [-111.203193, 43.966897], [-111.203199, 43.967082], [-111.203284, 43.967418], [-111.203356, 43.967642], [-111.203561, 43.968025], [-111.203736, 43.968265], [-111.203806, 43.968361], [-111.203932, 43.968487], [-111.204016, 43.968572], [-111.204273, 43.968779], [-111.204423, 43.968869], [-111.204877, 43.969109], [-111.205242, 43.969264], [-111.205917, 43.969435], [-111.206288, 43.969495], [-111.206622, 43.969529], [-111.206902, 43.969533], [-111.207326, 43.969502], [-111.207881, 43.969445], [-111.209367, 43.969256], [-111.20982, 43.969234], [-111.210083, 43.969234], [-111.210399, 43.96925], [-111.210781, 43.969288], [-111.211152, 43.969348], [-111.212137, 43.969549], [-111.212926, 43.969698], [-111.213326, 43.969749], [-111.213618, 43.969766], [-111.213778, 43.969764], [-111.213953, 43.969761], [-111.214334, 43.96973], [-111.21567, 43.96952], [-111.215993, 43.969468], [-111.216506, 43.969403], [-111.216894, 43.969398], [-111.219158, 43.969491], [-111.22598, 43.969777], [-111.226739, 43.9697928], [-111.2274623, 43.9697568], [-111.2279193, 43.9697105], [-111.2283363, 43.9696535], [-111.2291397, 43.969528], [-111.2337012, 43.9685524], [-111.2342589, 43.9684265], [-111.235104, 43.9682828], [-111.2360505, 43.9681873], [-111.2368012, 43.9681543], [-111.2375127, 43.9681493], [-111.2381915, 43.9681916], [-111.2395937, 43.9683097], [-111.2411105, 43.9684733], [-111.259395, 43.9703066], [-111.2667357, 43.9710519], [-111.2700356, 43.9713874], [-111.2711667, 43.9715004], [-111.271672, 43.9715608], [-111.2722688, 43.9716709], [-111.2782995, 43.9730994], [-111.2788346, 43.9731941], [-111.2792084, 43.9732219], [-111.2795691, 43.9732228], [-111.2799362, 43.9731957], [-111.2801895, 43.9731663], [-111.2806005, 43.9730871], [-111.2811239, 43.972917], [-111.2812384, 43.9728665], [-111.281435, 43.9727805], [-111.2816765, 43.9726455], [-111.2821083, 43.972363], [-111.2839435, 43.971117], [-111.285302, 43.970118], [-111.2858286, 43.969812], [-111.286725, 43.9692146], [-111.2870765, 43.9689878], [-111.2874867, 43.9687796], [-111.2879199, 43.9686164], [-111.2883845, 43.9684589], [-111.2887074, 43.9683911], [-111.2891463, 43.96832], [-111.2896316, 43.968288], [-111.2899654, 43.9682742], [-111.2904381, 43.968306], [-111.290891, 43.9683796], [-111.291334, 43.9684718], [-111.2917832, 43.968606], [-111.2920937, 43.9687351], [-111.292388, 43.968891], [-111.292657, 43.969048], [-111.29286, 43.969194], [-111.293129, 43.969423], [-111.296092, 43.972076], [-111.297924, 43.973716], [-111.298564, 43.974185], [-111.299, 43.974451], [-111.299792, 43.974805], [-111.300205, 43.974971], [-111.300677, 43.975127], [-111.301548, 43.975365], [-111.305457, 43.976338], [-111.3073, 43.97682], [-111.307946, 43.976984], [-111.309665, 43.97742], [-111.310559, 43.977628], [-111.311311, 43.977803], [-111.312505, 43.978017], [-111.313459, 43.978171], [-111.315662, 43.978421], [-111.316232, 43.978495], [-111.316837, 43.978626], [-111.317472, 43.97883], [-111.317772, 43.978966], [-111.318524, 43.979455], [-111.319367, 43.980213], [-111.320872, 43.981536], [-111.321951, 43.982513], [-111.322642, 43.983123], [-111.322814, 43.983275], [-111.323345, 43.983696], [-111.323493, 43.983789], [-111.323816, 43.983994], [-111.324277, 43.984237], [-111.324788, 43.984499], [-111.328017, 43.986001], [-111.329038, 43.986456], [-111.33031, 43.987051], [-111.331767, 43.987757], [-111.332569, 43.988205], [-111.333045, 43.988481], [-111.333611, 43.988822], [-111.334293, 43.98931], [-111.335441, 43.990201], [-111.336003, 43.990676], [-111.336335, 43.991008], [-111.336872, 43.991535], [-111.337842, 43.992642], [-111.338345, 43.99329], [-111.338635, 43.993736], [-111.338663, 43.99378], [-111.33959, 43.995208], [-111.339882, 43.99555], [-111.340354, 43.996028], [-111.340478, 43.996135], [-111.340695, 43.996322], [-111.341207, 43.99671], [-111.341758, 43.997055], [-111.342159, 43.997274], [-111.342544, 43.997454], [-111.342785, 43.997567], [-111.343476, 43.997832], [-111.343709, 43.997907], [-111.344041, 43.998014], [-111.344732, 43.998178], [-111.345464, 43.998323], [-111.345982, 43.998405], [-111.346461, 43.998443], [-111.348746, 43.998436], [-111.357909, 43.998462], [-111.363029, 43.998457], [-111.366895, 43.998448], [-111.369894, 43.998457], [-111.37179, 43.998454], [-111.372234, 43.998452], [-111.374985, 43.998443], [-111.376222, 43.99843], [-111.376907, 43.998432], [-111.37879, 43.998435], [-111.38177, 43.998452], [-111.394596, 43.998527], [-111.402552, 43.998574], [-111.405059, 43.998586], [-111.406833, 43.998595], [-111.407952, 43.9986], [-111.410559, 43.998623], [-111.410669, 43.998624], [-111.411055, 43.998628], [-111.414102, 43.998662], [-111.416055, 43.99867], [-111.41902, 43.998684], [-111.420362, 43.998702], [-111.420759, 43.998715], [-111.421014, 43.998728], [-111.421353, 43.998785], [-111.421608, 43.998839], [-111.421867, 43.998925], [-111.422133, 43.99903], [-111.422439, 43.999159], [-111.42276, 43.999328], [-111.422957, 43.999463], [-111.423174, 43.999643], [-111.423349, 43.999798], [-111.423489, 43.999937], [-111.423586, 44.000045], [-111.423772, 44.000329], [-111.423888, 44.000505], [-111.423955, 44.000709], [-111.423992, 44.000967], [-111.424078, 44.001694], [-111.424106, 44.003961], [-111.42409, 44.006064], [-111.42414, 44.007491], [-111.424163, 44.008157], [-111.424196, 44.009528], [-111.424208, 44.010052], [-111.42421, 44.010458], [-111.424216, 44.011805], [-111.424179, 44.013073], [-111.424151, 44.014002], [-111.424185, 44.015522], [-111.424297, 44.016079], [-111.424393, 44.016384], [-111.424519, 44.016641], [-111.425536, 44.018364], [-111.425873, 44.018948], [-111.426167, 44.019386], [-111.426652, 44.01983], [-111.427011, 44.020114], [-111.427476, 44.02038], [-111.427659, 44.020454], [-111.427982, 44.020584], [-111.428116, 44.020642], [-111.4284867, 44.0207635], [-111.4287556, 44.0208257], [-111.4291617, 44.0209149]]}, "properties": {"alt_name": "State Highway 32 (Scenic)", "highway": "secondary", "name": "State Highway 32", "ref": "ID 32", "tiger:county": "Fremont, ID", "tiger:name_base": "State Highway 32", "tiger:name_base_1": "3600", "tiger:name_direction_prefix_1": "N", "tiger:name_direction_suffix_1": "E", "osm_id": 13827584}}, {"type": "Feature", "geometry": {"type": "LineString", "coordinates": [[-111.1787348, 43.9388115], [-111.17883, 43.9390791], [-111.1789532, 43.9394543]]}, "properties": {"bridge": "yes", "highway": "secondary", "layer": "1", "name": "State Highway 32", "name_1": "State Highway 32", "name_2": "3600 East", "name_3": "East 800 North", "ref": "ID 32", "surface": "concrete", "tiger:cfcc": "A39", "tiger:county": "Fremont, ID", "tiger:name_base": "Highway 32", "tiger:name_base_1": "State Highway 32", "tiger:name_base_2": "3600", "tiger:name_base_3": "800", "tiger:name_direction_prefix_3": "E", "tiger:name_direction_suffix_2": "E", "tiger:name_direction_suffix_3": "N", "osm_id": 13828835}}, {"type": "Feature", "geometry": {"type": "LineString", "coordinates": [[-111.1113589, 43.5988447], [-111.1113637, 43.5990482], [-111.1113517, 43.5994994], [-111.1113506, 43.5995676], [-111.1113436, 43.6000028]]}, "properties": {"highway": "primary", "lanes": "3", "lanes:both_ways": "1", "maxspeed": "35 mph", "name": "South Main Street", "ref": "ID 33", "surface": "asphalt", "tiger:cfcc": "A31", "tiger:county": "Teton, ID", "tiger:name_base": "Main", "tiger:name_base_1": "State Highway 33", "tiger:name_base_2": "State Highway 33 (Scenic)", "tiger:name_direction_prefix": "S", "tiger:name_type": "St", "osm_id": 13914994}}, {"type": "Feature", "geometry": {"type": "LineString", "coordinates": [[-111.1110851, 43.7157265], [-111.1110841, 43.7163443], [-111.1110728, 43.7167462], [-111.111076, 43.7173], [-111.1110803, 43.7176213], [-111.1110779, 43.7189428], [-111.1110774, 43.719739], [-111.1110767, 43.7199585], [-111.1110739, 43.7203167]]}, "properties": {"highway": "primary", "lanes": "2", "name": "South Main Street", "ref": "ID 33", "surface": "asphalt", "osm_id": 13914995}}, {"type": "Feature", "geometry": {"type": "LineString", "coordinates": [[-111.1011745, 43.7229804], [-111.1007902, 43.7229334], [-111.1003868, 43.7229183], [-111.0992222, 43.7229344], [-111.0941201, 43.7228985], [-111.091751, 43.7228863], [-111.0914836, 43.722902], [-111.0911605, 43.7229608], [-111.0908866, 43.7230355], [-111.0906328, 43.7231333], [-111.0903353, 43.7233308], [-111.0890994, 43.724387], [-111.0876638, 43.7256436], [-111.087316, 43.725957], [-111.0858786, 43.727248], [-111.0855906, 43.7275334], [-111.0845621, 43.7285895], [-111.0838529, 43.7293735], [-111.0828266, 43.7304579], [-111.0822101, 43.7310821], [-111.0818967, 43.7314153], [-111.0810606, 43.7323128], [-111.0803193, 43.7330173], [-111.0797099, 43.7335163], [-111.0790722, 43.7340202], [-111.0783519, 43.7345599], [-111.0777862, 43.7349321], [-111.0771815, 43.7352867], [-111.0745035, 43.7367236], [-111.0730785, 43.737495], [-111.0724836, 43.7377751], [-111.0715158, 43.7381985], [-111.0709666, 43.7384228], [-111.069808, 43.7388391], [-111.0669763, 43.739729], [-111.0651495, 43.7402973], [-111.06392, 43.7407121], [-111.0634632, 43.7409059], [-111.0628623, 43.7412023], [-111.061199, 43.742072], [-111.0609571, 43.7421891], [-111.06085, 43.742241], [-111.0606945, 43.7423172], [-111.060396, 43.742427], [-111.059873, 43.7426078], [-111.059774, 43.742642], [-111.0581001, 43.7432429], [-111.05771, 43.743422], [-111.0573703, 43.7435692], [-111.0568317, 43.7438554], [-111.0562827, 43.7441807], [-111.0554907, 43.7447431], [-111.0553372, 43.744869], [-111.0545976, 43.7453888], [-111.0542151, 43.7456429], [-111.0516408, 43.747149], [-111.0514104, 43.7473129], [-111.050809, 43.747742], [-111.0504177, 43.7480482], [-111.0497039, 43.7486972], [-111.0489193, 43.7494899], [-111.048709, 43.7496572], [-111.048299, 43.7499422], [-111.0478235, 43.750213], [-111.0473097, 43.7504701], [-111.0465848, 43.7507603]]}, "properties": {"bicycle": "designated", "cycleway": "lane", "highway": "secondary", "name": "Ski Hill Road", "surface": "asphalt", "tiger:county": "Teton, ID", "osm_id": 13915155}}, {"type": "Feature", "geometry": {"type": "LineString", "coordinates": [[-111.1597929, 43.8119854], [-111.1599351, 43.8122011], [-111.1600738, 43.8124891], [-111.160151, 43.812776], [-111.160194, 43.813108], [-111.160217, 43.81333], [-111.1602159, 43.8134898], [-111.160215, 43.813587], [-111.160207, 43.8144799]]}, "properties": {"highway": "primary", "lane_markings": "yes", "lanes": "2", "name": "South Main Street", "ref": "SH 33", "surface": "asphalt", "tiger:cfcc": "A31", "tiger:county": "Fremont, ID:Madison, ID:Teton, ID", "tiger:name_base": "Main:South Main:State Highway 33", "tiger:name_base_1": "Highway 33:State Highway 33", "osm_id": 13915197}}, {"type": "Feature", "geometry": {"type": "LineString", "coordinates": [[-111.1011745, 43.7229804], [-111.1015862, 43.7230098], [-111.1019217, 43.7230245], [-111.1022191, 43.7230405], [-111.1031428, 43.7230576], [-111.1038128, 43.7230658], [-111.1050842, 43.723066], [-111.1070208, 43.7230835], [-111.1071317, 43.723083], [-111.1088283, 43.7230816], [-111.1089577, 43.7230815], [-111.1091042, 43.7230824], [-111.1108968, 43.7230933], [-111.1110503, 43.7230948]]}, "properties": {"bicycle": "designated", "cycleway": "lane", "highway": "secondary", "lanes": "2", "name": "East Little Avenue", "surface": "asphalt", "osm_id": 13915501}}, {"type": "Feature", "geometry": {"type": "LineString", "coordinates": [[-111.1123768, 43.6025817], [-111.1135854, 43.6025629], [-111.1142277, 43.6025567], [-111.1144758, 43.6025494], [-111.1157278, 43.6025424], [-111.1163176, 43.6025364], [-111.1170778, 43.6025363], [-111.1190743, 43.6025173], [-111.1194365, 43.6025126], [-111.1197629, 43.6024958], [-111.1201112, 43.6024473], [-111.1204781, 43.6023729], [-111.12079, 43.602293], [-111.1212129, 43.6021679]]}, "properties": {"highway": "primary", "lanes": "2", "maxspeed": "35 mph", "name": "West Center Street", "name_1": "State Highway 31", "name_2": "State Highway 31 (Scenic)", "ref": "ID 31", "surface": "asphalt", "tiger:cfcc": "A31", "tiger:county": "Teton, ID", "tiger:name_base": "Center", "tiger:name_base_1": "State Highway 31", "tiger:name_base_2": "State Highway 31 (Scenic)", "tiger:name_direction_prefix": "W", "tiger:name_type": "St", "osm_id": 13915503}}, {"type": "Feature", "geometry": {"type": "LineString", "coordinates": [[-111.1110092, 43.7307006], [-111.1109996, 43.7333577], [-111.1109838, 43.7354709], [-111.1109929, 43.7360383], [-111.1109946, 43.7361773], [-111.1109951, 43.7375266], [-111.1109927, 43.7380023], [-111.1109722, 43.740381], [-111.110966, 43.741819], [-111.1109708, 43.7422431], [-111.1109619, 43.7428683], [-111.1109616, 43.7430469], [-111.11097, 43.745621], [-111.1109611, 43.7461467], [-111.1109591, 43.7462749], [-111.1109611, 43.7469142], [-111.1109665, 43.7481375], [-111.110946, 43.749448], [-111.110936, 43.7511383], [-111.110876, 43.754459], [-111.1108696, 43.757397], [-111.110833, 43.7593266], [-111.1108368, 43.7598304], [-111.110826, 43.7638358], [-111.1108182, 43.7666103], [-111.1107977, 43.7683629], [-111.1107948, 43.769669], [-111.1107956, 43.7699755], [-111.1107878, 43.7711907], [-111.1107843, 43.7718949], [-111.1107818, 43.772211], [-111.1107937, 43.7737972], [-111.1108023, 43.7743013], [-111.1107809, 43.7752442], [-111.1107757, 43.7755911], [-111.1107747, 43.7773997], [-111.110776, 43.778955], [-111.1107871, 43.7811472], [-111.1108472, 43.7848763], [-111.1108686, 43.7865041], [-111.1108911, 43.7878983], [-111.110924, 43.790272], [-111.110948, 43.791803], [-111.110949, 43.791879], [-111.110957, 43.792354], [-111.11097, 43.794259], [-111.110972, 43.795561], [-111.110967, 43.796117], [-111.110976, 43.797216], [-111.110983, 43.797767], [-111.110977, 43.79798], [-111.111003, 43.7992447], [-111.110986, 43.800048], [-111.110985, 43.800651], [-111.11099, 43.8010712], [-111.1109728, 43.8026302], [-111.1109734, 43.80314], [-111.111036, 43.8035296], [-111.111149, 43.803876], [-111.1113218, 43.8042684]]}, "properties": {"alt_name": "State Highway 33 (Scenic)", "highway": "primary", "name": "North Highway 33", "ref": "ID 33", "surface": "asphalt", "osm_id": 13915675}}, {"type": "Feature", "geometry": {"type": "LineString", "coordinates": [[-111.1110402, 43.7249049], [-111.1110425, 43.7259348], [-111.1110419, 43.7259979], [-111.111036, 43.7265866], [-111.1110298, 43.7269318], [-111.1110249, 43.7272062], [-111.1110234, 43.7272884], [-111.1110139, 43.728611], [-111.1110133, 43.7286986], [-111.1110118, 43.7292043], [-111.1110103, 43.729695], [-111.1110116, 43.7301825], [-111.1110092, 43.7307006]]}, "properties": {"highway": "primary", "name": "North Main Street", "ref": "ID 33", "surface": "asphalt", "osm_id": 13915890}}, {"type": "Feature", "geometry": {"type": "LineString", "coordinates": [[-111.216158, 43.571589], [-111.215722, 43.5715], [-111.212261, 43.570846], [-111.211446, 43.570704], [-111.210969, 43.570668], [-111.210571, 43.570684], [-111.210144, 43.570757], [-111.209837, 43.570894], [-111.209401, 43.571198], [-111.208825, 43.571822], [-111.208562, 43.57212], [-111.208421, 43.572359], [-111.208261, 43.57269], [-111.207945, 43.573384], [-111.207668, 43.573644], [-111.207501, 43.573742], [-111.20736, 43.573825], [-111.206993, 43.57392], [-111.206566, 43.573957], [-111.206059, 43.573857], [-111.205522, 43.573728], [-111.205115, 43.573562], [-111.204826, 43.57339], [-111.204716, 43.573303], [-111.204382, 43.573], [-111.204023, 43.572626], [-111.203674, 43.572388], [-111.202819, 43.572], [-111.201824, 43.571584], [-111.201228, 43.571411], [-111.20073, 43.571318], [-111.200174, 43.571262], [-111.199439, 43.571234], [-111.197694, 43.571198], [-111.197242, 43.571178], [-111.196508, 43.571174], [-111.195387, 43.571319], [-111.194967, 43.571303], [-111.194685, 43.571254], [-111.194297, 43.571074], [-111.193978, 43.570902], [-111.193581, 43.5707], [-111.193312, 43.570629], [-111.193017, 43.570577], [-111.192769, 43.570556], [-111.192362, 43.5706], [-111.192034, 43.570716], [-111.191101, 43.571006], [-111.190129, 43.571296], [-111.188541, 43.571789], [-111.188168, 43.571943], [-111.187554, 43.572248], [-111.186998, 43.572616], [-111.185837, 43.573401], [-111.185097, 43.573912], [-111.184221, 43.574653], [-111.18374, 43.575152], [-111.182664, 43.576125], [-111.182059, 43.576566], [-111.18201, 43.576602], [-111.181286, 43.577086], [-111.180959, 43.577354], [-111.180233, 43.578052], [-111.180084, 43.578351], [-111.179867, 43.578799], [-111.179593, 43.579649], [-111.179345, 43.580602], [-111.17887, 43.582272], [-111.178776, 43.582609], [-111.17847, 43.583733], [-111.178315, 43.584354], [-111.178096, 43.585134], [-111.178011, 43.585485], [-111.177994, 43.585554], [-111.177772, 43.586349], [-111.17755, 43.587134], [-111.177263, 43.5882], [-111.177212, 43.588404], [-111.177169, 43.588562], [-111.177043, 43.58902], [-111.177017, 43.589122], [-111.176465, 43.591119], [-111.176178, 43.591774], [-111.175761, 43.592194]]}, "properties": {"highway": "primary", "maxspeed": "55 mph", "name": "State Highway 31", "name_1": "South Highway 31", "name_2": "State Highway 31 (Scenic)", "ref": "ID 31", "surface": "asphalt", "tiger:cfcc": "A31", "tiger:county": "Teton, ID", "tiger:name_base": "State Highway 31", "tiger:name_base_1": "Highway 31", "tiger:name_base_2": "State Highway 31 (Scenic)", "tiger:name_direction_prefix_1": "S", "osm_id": 13915896}}, {"type": "Feature", "geometry": {"type": "LineString", "coordinates": [[-111.1805695, 43.8248488], [-111.1805699, 43.824963], [-111.180577, 43.829611], [-111.180568, 43.832136], [-111.180567, 43.8325], [-111.180551, 43.833183], [-111.180543, 43.838462], [-111.180517, 43.841857], [-111.1805, 43.843795], [-111.180504, 43.845431], [-111.180477, 43.846695], [-111.180477, 43.848953], [-111.18046, 43.850363], [-111.180451, 43.852151], [-111.180459, 43.852596], [-111.180455, 43.852808], [-111.18043, 43.854227], [-111.180431, 43.854255], [-111.18044, 43.854511], [-111.180419, 43.855563], [-111.180416, 43.856201], [-111.180428, 43.857285], [-111.180424, 43.857838], [-111.180407, 43.858355], [-111.180407, 43.858413], [-111.180407, 43.859629], [-111.180387, 43.860317], [-111.18036, 43.860907], [-111.180388, 43.861245], [-111.180344, 43.862786], [-111.180341, 43.863922], [-111.180298, 43.865094], [-111.180261, 43.866117], [-111.180234, 43.86665], [-111.180193, 43.868482], [-111.18011, 43.870815], [-111.180066, 43.872504], [-111.180067, 43.872806], [-111.18004, 43.873116], [-111.180037, 43.873397], [-111.1800347, 43.8737879], [-111.180012, 43.87468], [-111.179999, 43.875157], [-111.180008, 43.875985], [-111.179987, 43.876665], [-111.179984, 43.876922], [-111.179976, 43.877497], [-111.179965, 43.878085], [-111.179942, 43.879483], [-111.179933, 43.880242], [-111.17991, 43.882194], [-111.17989, 43.883316], [-111.179898, 43.884142], [-111.179885, 43.885459], [-111.179877, 43.886431], [-111.179862, 43.88781], [-111.179834, 43.888618], [-111.179817, 43.889247], [-111.179794, 43.890062], [-111.179797, 43.89076], [-111.179782, 43.892191], [-111.179774, 43.892965], [-111.179792, 43.894301], [-111.17989, 43.895537], [-111.179898, 43.896371], [-111.179923, 43.896984], [-111.180016, 43.898247], [-111.179958, 43.899858], [-111.179834, 43.903288], [-111.179808, 43.904366], [-111.179819, 43.904901], [-111.179825, 43.905546], [-111.179841, 43.9071], [-111.179873, 43.909649], [-111.179865, 43.910306], [-111.179872, 43.910794], [-111.179899, 43.913209], [-111.1799487, 43.9215784], [-111.1799257, 43.9220917], [-111.1798715, 43.922491], [-111.1797737, 43.923017], [-111.1795215, 43.9238445], [-111.1789521, 43.925258], [-111.178513, 43.92643], [-111.177484, 43.929089], [-111.177315, 43.929639], [-111.177225, 43.929984], [-111.177124, 43.930575], [-111.177111, 43.930751], [-111.177059, 43.931461], [-111.177059, 43.931974], [-111.177064, 43.932174], [-111.177079, 43.932395], [-111.177142, 43.93284], [-111.177362, 43.934071], [-111.177423, 43.934381], [-111.177536, 43.934955], [-111.1776045, 43.9352197], [-111.177742, 43.935664], [-111.178293, 43.937343], [-111.1784283, 43.9377553], [-111.1787348, 43.9388115]]}, "properties": {"highway": "secondary", "name": "North Highway 32", "ref": "SH 32", "surface": "asphalt", "tiger:county": "Teton, ID", "tiger:name_base": "State Highway 32", "tiger:name_base_1": "State Highway 32 (Scenic)", "tiger:name_base_2": "Highway 32", "osm_id": 13915905}}, {"type": "Feature", "geometry": {"type": "LineString", "coordinates": [[-111.0694215, 43.5649063], [-111.0694785, 43.5650177], [-111.069756, 43.565659], [-111.070411, 43.566835], [-111.070686, 43.567251], [-111.071058, 43.567789], [-111.071429, 43.568281], [-111.071851, 43.568801], [-111.072198, 43.569205], [-111.072723, 43.569773], [-111.073231, 43.570265], [-111.073788, 43.570785], [-111.074087, 43.571036], [-111.075155, 43.571903], [-111.076366, 43.572752], [-111.0778618, 43.5737856], [-111.078298, 43.574095], [-111.078968, 43.574546], [-111.079727, 43.575078], [-111.080405, 43.575534], [-111.081263, 43.576123], [-111.081401, 43.57624], [-111.08199, 43.576649], [-111.0827, 43.577117], [-111.085376, 43.578989], [-111.086474, 43.579738], [-111.088285, 43.581001], [-111.09114, 43.582969], [-111.093539, 43.584654], [-111.0942991, 43.5851742], [-111.09473, 43.585466], [-111.095687, 43.586128], [-111.0959474, 43.5863028]]}, "properties": {"highway": "primary", "lanes": "2", "maxspeed": "55 mph", "ref": "ID 33", "shoulder": "both", "smoothness": "excellent", "surface": "asphalt", "tiger:cfcc": "A31", "tiger:county": "Teton, ID", "tiger:name_base": "State Highway 33", "osm_id": 13915938}}, {"type": "Feature", "geometry": {"type": "LineString", "coordinates": [[-111.1108455, 43.607555], [-111.1107878, 43.6079325], [-111.1107575, 43.60857], [-111.11073, 43.611611], [-111.110717, 43.6140351], [-111.110724, 43.614441], [-111.1107232, 43.6151247], [-111.110716, 43.6165196], [-111.1107073, 43.617698], [-111.1106987, 43.6191198], [-111.1107034, 43.619929], [-111.1106996, 43.6213616], [-111.1106681, 43.626822], [-111.110636, 43.630466], [-111.110644, 43.6359192], [-111.1106343, 43.6402405], [-111.110605, 43.643043], [-111.110612, 43.643213], [-111.110601, 43.644931], [-111.110608, 43.645964], [-111.110592, 43.6494216], [-111.1105872, 43.6505393], [-111.1105872, 43.6534394], [-111.110576, 43.654659], [-111.110563, 43.657669], [-111.110559, 43.658938], [-111.110542, 43.660744], [-111.110532, 43.665048], [-111.1105192, 43.6684669]]}, "properties": {"highway": "primary", "lanes": "2", "ref": "ID 33", "surface": "asphalt", "tiger:cfcc": "A31", "tiger:county": "Teton, ID", "tiger:name_base": "State Highway 33", "tiger:name_base_1": "State Highway 33", "tiger:name_base_2": "Highway 33", "tiger:name_base_3": "State Highway 33 (Scenic)", "tiger:name_direction_prefix_1": "S", "tiger:name_direction_prefix_2": "S", "osm_id": 13915960}}, {"type": "Feature", "geometry": {"type": "LineString", "coordinates": [[-111.1597929, 43.8119854], [-111.159498, 43.811675], [-111.159331, 43.811538], [-111.159149, 43.811389], [-111.158745, 43.81112], [-111.158293, 43.810909], [-111.157887, 43.810775], [-111.157762, 43.810742], [-111.157353, 43.810671], [-111.156565, 43.810583], [-111.156208, 43.810555], [-111.155347, 43.810504], [-111.154385, 43.810437], [-111.152462, 43.810297], [-111.149994, 43.810116], [-111.148292, 43.809998], [-111.147241, 43.809907], [-111.146623, 43.809839], [-111.146204, 43.809765], [-111.145681, 43.809646], [-111.144897, 43.809366], [-111.144398, 43.809132], [-111.143904, 43.808814], [-111.142553, 43.807811], [-111.142173, 43.807554], [-111.141864, 43.80736], [-111.141682, 43.807255], [-111.14141, 43.807121], [-111.141038, 43.806968], [-111.140758, 43.806867], [-111.140614, 43.806829], [-111.140016, 43.806697], [-111.139514, 43.806595], [-111.139047, 43.806539], [-111.138478, 43.806518], [-111.134013, 43.806506], [-111.132057, 43.806502], [-111.125016, 43.806471], [-111.120504, 43.806459], [-111.119588, 43.806451], [-111.119287, 43.806452], [-111.118975, 43.806455], [-111.118101, 43.806461], [-111.117442, 43.806451], [-111.117005, 43.806454], [-111.116349, 43.806451], [-111.115717, 43.806443], [-111.115302, 43.806418], [-111.114755, 43.806354], [-111.114584, 43.806323], [-111.114315, 43.806266], [-111.11387, 43.806135], [-111.113448, 43.805984], [-111.113115, 43.805848], [-111.112808, 43.805689], [-111.112439, 43.805458], [-111.112143, 43.805236], [-111.112068, 43.805163], [-111.111877, 43.804976], [-111.111708, 43.804795], [-111.111476, 43.804506], [-111.1113218, 43.8042684]]}, "properties": {"highway": "primary", "lane_markings": "yes", "lanes": "2", "name": "West Highway 33", "ref": "SH 33", "surface": "asphalt", "tiger:cfcc": "A31", "tiger:county": "Teton, ID", "tiger:name_base": "State Highway 33", "tiger:name_base_1": "Highway 33", "tiger:name_direction_prefix_1": "N", "osm_id": 13915966}}, {"type": "Feature", "geometry": {"type": "LineString", "coordinates": [[-111.175761, 43.592194], [-111.175464, 43.592367], [-111.175283, 43.592433], [-111.174968, 43.592548], [-111.174511, 43.592636], [-111.161636, 43.592584], [-111.161129, 43.592597], [-111.155875, 43.592574], [-111.147022, 43.592537], [-111.1411879, 43.59251], [-111.1385316, 43.5925068], [-111.1351349, 43.5924838], [-111.1329787, 43.5924986], [-111.1325853, 43.5925133], [-111.1321985, 43.5925728], [-111.1317507, 43.5926716], [-111.1312794, 43.5928232], [-111.1308636, 43.592985], [-111.130272, 43.593282], [-111.129929, 43.593525], [-111.129606, 43.593804], [-111.128959, 43.594517], [-111.128752, 43.594737], [-111.127928, 43.595616], [-111.127637, 43.595934], [-111.1271901, 43.59642], [-111.1265875, 43.5970754], [-111.1262283, 43.5974644], [-111.1254717, 43.5982838], [-111.124908, 43.598886], [-111.124718, 43.599106]]}, "properties": {"highway": "primary", "lanes": "2", "maxspeed": "55 mph", "name": "West State Highway 31", "name_1": "State Highway 31 (Scenic)", "ref": "ID 31", "surface": "asphalt", "tiger:cfcc": "A31", "tiger:county": "Teton, ID", "tiger:name_base": "State Highway 31", "tiger:name_base_1": "State Highway 31 (Scenic)", "tiger:name_direction_prefix": "W", "osm_id": 13916089}}, {"type": "Feature", "geometry": {"type": "LineString", "coordinates": [[-109.669179, 43.5485238], [-109.673751, 43.5502511], [-109.6780372, 43.5518373], [-109.6782947, 43.5519462], [-109.6816206, 43.5531864], [-109.683702, 43.5539679], [-109.6855849, 43.5546793], [-109.6872801, 43.5553013], [-109.6882242, 43.5557484], [-109.6888733, 43.5561177], [-109.6902841, 43.5569652], [-109.6913999, 43.5576494], [-109.6933043, 43.558839], [-109.6951653, 43.5598804], [-109.6965605, 43.5607593], [-109.7018498, 43.5639468], [-109.7038132, 43.5650663], [-109.7052884, 43.5658243], [-109.7070965, 43.5666615], [-109.7092098, 43.5675617], [-109.7108191, 43.5681603], [-109.712525, 43.56872], [-109.7149819, 43.5695207], [-109.7166046, 43.5700259], [-109.7193915, 43.5709393], [-109.7238332, 43.5723812], [-109.729498, 43.5742195], [-109.7377431, 43.5769011], [-109.7394437, 43.5774568], [-109.7415841, 43.5781214], [-109.7427059, 43.5784448], [-109.7445191, 43.5788453], [-109.7460477, 43.5790751], [-109.7470966, 43.5791988], [-109.747739, 43.5792341], [-109.7485114, 43.5792812], [-109.7494751, 43.5793144], [-109.7505441, 43.5793166], [-109.7514814, 43.5792794], [-109.7533321, 43.5791395], [-109.7582889, 43.578716], [-109.7590774, 43.5786616], [-109.7596353, 43.5786693], [-109.7602522, 43.5787315], [-109.7608948, 43.5788866], [-109.761838, 43.5793342], [-109.7620761, 43.579501], [-109.7624838, 43.579874], [-109.7639846, 43.5813545], [-109.7648383, 43.5821791], [-109.7659117, 43.5830722], [-109.7666574, 43.5836473], [-109.7675908, 43.5843001], [-109.7687656, 43.5850733], [-109.7696078, 43.5856445], [-109.7703213, 43.5861885], [-109.7708552, 43.5866082], [-109.7715219, 43.5873621], [-109.772011, 43.5880225], [-109.7724026, 43.5886559], [-109.7741808, 43.5917083], [-109.7743596, 43.592044], [-109.7752887, 43.5936136], [-109.7760102, 43.5948765], [-109.7767317, 43.5961156], [-109.776957, 43.5964613], [-109.7772682, 43.5968382], [-109.7776812, 43.5972655], [-109.7781127, 43.5976248], [-109.7784701, 43.5978993], [-109.7790833, 43.5982696], [-109.7791819, 43.5983187], [-109.7796392, 43.5985359], [-109.7800589, 43.5987119]]}, "properties": {"NHS": "yes", "hgv": "designated", "hgv:national_network": "yes", "highway": "trunk", "lanes": "2", "name": "US 26 / US 287", "ref": "US 26;US 287", "source:hgv:national_network": "https://hepgis-usdot.hub.arcgis.com/apps/usdot::national-network-conventional-combination-trucks-map/explore", "tiger:cfcc": "A21", "tiger:county": "Fremont, WY;Fremont, WY:Teton, WY", "tiger:name_base": "Rams Horn;Highway 26:United States Highway 26:United States Highway 287", "tiger:name_base_1": "United States Highway 287;United States Highway 26:United States Highway 287", "tiger:name_base_2": "United States Highway 26;United States Highway 287", "tiger:name_type": "St", "wydot_ml_number": "30", "osm_id": 15732100}}, {"type": "Feature", "geometry": {"type": "LineString", "coordinates": [[-110.8458431, 43.4997479], [-110.8460461, 43.5000881], [-110.846147, 43.5002745], [-110.8461908, 43.5003724], [-110.8462202, 43.5004701], [-110.8462378, 43.500561], [-110.8462415, 43.5006152], [-110.846246, 43.5007282], [-110.846245, 43.5009365]]}, "properties": {"highway": "secondary", "name": "Moose - Wilson Road", "ref": "WY 390", "surface": "asphalt", "wydot_ml_number": "2001", "osm_id": 15779851}}, {"type": "Feature", "geometry": {"type": "LineString", "coordinates": [[-110.7499886, 43.4796948], [-110.7500766, 43.4796953], [-110.7504193, 43.4796947], [-110.750762, 43.479694], [-110.7511156, 43.4796898], [-110.7517811, 43.4796818], [-110.7518902, 43.4796815], [-110.753268, 43.4796774], [-110.7535327, 43.4796757], [-110.7544039, 43.4796625], [-110.754522, 43.4796598], [-110.7546219, 43.4796576], [-110.7546625, 43.4796567], [-110.7548962, 43.4796514], [-110.7557717, 43.4796388], [-110.7568103, 43.4796161], [-110.7578671, 43.4795931], [-110.7581829, 43.4795862], [-110.7587964, 43.4795774], [-110.7589, 43.4795749]]}, "properties": {"cycleway": "shared_lane", "highway": "secondary", "maxspeed": "25 mph", "name": "East Broadway Avenue", "surface": "asphalt", "tiger:county": "Teton, WY", "osm_id": 15779934}}, {"type": "Feature", "geometry": {"type": "LineString", "coordinates": [[-111.0465848, 43.7507603], [-111.0451824, 43.7512246], [-111.0449322, 43.7512873], [-111.044685, 43.7513365], [-111.0443661, 43.7513854], [-111.0435933, 43.7514889], [-111.0432168, 43.751568], [-111.0429033, 43.7516599], [-111.0424172, 43.7518349], [-111.0403145, 43.7525957], [-111.0400061, 43.7527029], [-111.0398141, 43.7527571], [-111.0394573, 43.7528236], [-111.039171, 43.7528601], [-111.0382627, 43.7529079], [-111.0377626, 43.7529434], [-111.0374517, 43.7529892], [-111.0372358, 43.7530435], [-111.0370222, 43.7531347], [-111.0368084, 43.7532657], [-111.0365429, 43.7535044], [-111.0364564, 43.7535927], [-111.0362495, 43.7537384], [-111.0360081, 43.7538565], [-111.0357204, 43.753961], [-111.0355796, 43.7540015], [-111.0352819, 43.7540603], [-111.0348903, 43.7540792], [-111.0336436, 43.7540827], [-111.0325929, 43.7540873], [-111.0321837, 43.7541059], [-111.0317825, 43.754152], [-111.0314644, 43.7542014], [-111.0311381, 43.7542673], [-111.0282101, 43.7550029], [-111.0266501, 43.7553662]]}, "properties": {"bicycle": "designated", "cycleway": "lane", "highway": "secondary", "name": "Alta Ski Hill Road West", "name_1": "2215", "name_2": "Targhee Road", "tiger:cfcc": "A41", "tiger:county": "Teton, WY", "tiger:name_base": "Alta", "tiger:name_base_1": "2215", "tiger:name_base_2": "Targhee", "tiger:name_type": "Rd", "tiger:name_type_2": "Rd", "osm_id": 15780724}}, {"type": "Feature", "geometry": {"type": "LineString", "coordinates": [[-110.76238, 43.4785074], [-110.76248, 43.4785088], [-110.762767, 43.4785087], [-110.763021, 43.4785086], [-110.7631687, 43.4785086], [-110.7634242, 43.4785085], [-110.7636352, 43.478508], [-110.7637327, 43.4785093], [-110.7638263, 43.4785111], [-110.7642648, 43.47851], [-110.7649723, 43.478509], [-110.7650857, 43.4785107], [-110.7652023, 43.4785164], [-110.7660515, 43.4785173], [-110.7663263, 43.4785176], [-110.7664453, 43.4785224], [-110.7665387, 43.4785271], [-110.7670002, 43.4785284], [-110.7674955, 43.4785298], [-110.7675445, 43.4785299], [-110.7677255, 43.4785304], [-110.7678348, 43.4785291], [-110.7683815, 43.4785318], [-110.768902, 43.4785343], [-110.7693083, 43.4785363], [-110.7697209, 43.4785383], [-110.7697687, 43.4785489], [-110.7698486, 43.478569], [-110.7699576, 43.478596]]}, "properties": {"highway": "secondary", "name": "West Pearl Avenue", "tiger:county": "Teton, WY", "osm_id": 15781054}}, {"type": "Feature", "geometry": {"type": "LineString", "coordinates": [[-110.7623752, 43.4818612], [-110.7623749, 43.4819351], [-110.7623801, 43.4824226], [-110.7623803, 43.4826073], [-110.7623809, 43.4827528], [-110.7623786, 43.4829598], [-110.7623782, 43.4830305], [-110.7623785, 43.4831946], [-110.7623771, 43.4833164], [-110.7623773, 43.483343], [-110.7623778, 43.4834152]]}, "properties": {"NHS": "yes", "hgv": "designated", "hgv:national_network": "yes", "highway": "primary", "lanes": "3", "maxspeed": "25 mph", "name": "North Cache Street", "ref": "US 26;US 89;US 191", "source:hgv:national_network": "https://hepgis-usdot.hub.arcgis.com/apps/usdot::national-network-conventional-combination-trucks-map/explore", "tiger:county": "Teton, WY", "wydot_ml_number": "10", "osm_id": 15782197}}, {"type": "Feature", "geometry": {"type": "LineString", "coordinates": [[-110.7623778, 43.4834152], [-110.7624997, 43.4834053], [-110.7630519, 43.4833975], [-110.7637378, 43.4833954], [-110.7638384, 43.4833953], [-110.7644261, 43.4833999], [-110.7649926, 43.4834031], [-110.7650414, 43.4833936], [-110.7650762, 43.4833722]]}, "properties": {"cycleway": "lane", "highway": "trunk", "lcn": "yes", "maxspeed": "25 mph", "name": "Mercill Avenue", "tiger:county": "Teton, WY", "tiger:name_base": "Mercill", "osm_id": 15782312}}, {"type": "Feature", "geometry": {"type": "LineString", "coordinates": [[-111.0110305, 43.7617457], [-111.010452, 43.761957], [-111.0100303, 43.7621097], [-111.0099021, 43.7621517], [-111.0097928, 43.7621817], [-111.0096899, 43.7622001], [-111.009585, 43.7622132], [-111.0094709, 43.7622155], [-111.0093597, 43.7622098], [-111.0092562, 43.7621956], [-111.0091223, 43.7621715], [-111.0089687, 43.7621381], [-111.0087643, 43.7620954], [-111.0086609, 43.7620805], [-111.008561, 43.7620737], [-111.0084707, 43.7620741], [-111.0083532, 43.7620844], [-111.0081782, 43.7621069], [-111.00701, 43.76228], [-111.0058417, 43.7624319], [-111.0049387, 43.7625401], [-111.0041075, 43.7626437], [-111.0039027, 43.7626733], [-111.0037331, 43.7627028], [-111.0036058, 43.7627303], [-111.0034548, 43.7627706], [-111.0032794, 43.7628234], [-111.0030149, 43.7629183], [-111.0027086, 43.7630395], [-111.0019384, 43.763386], [-111.0016778, 43.7635023], [-111.0014196, 43.7636256], [-111.0008649, 43.7639182], [-111.0000588, 43.7643642], [-110.9996558, 43.7645649], [-110.9993806, 43.7646773], [-110.9987108, 43.7649006], [-110.9984463, 43.7649707], [-110.9981522, 43.7650068], [-110.9974932, 43.7650518], [-110.9929236, 43.7653346], [-110.9922174, 43.7654021], [-110.9918183, 43.765422], [-110.9912613, 43.7654023], [-110.9899666, 43.7652983], [-110.9897369, 43.7652699], [-110.9894971, 43.7652077], [-110.9881156, 43.7647679], [-110.9877786, 43.7646864], [-110.9876016, 43.7646746], [-110.9874406, 43.7647134], [-110.9873112, 43.7648125], [-110.9872506, 43.7649118], [-110.9872565, 43.765028], [-110.987339, 43.76513], [-110.9875332, 43.7652214], [-110.9885369, 43.7655837], [-110.9889789, 43.7657084], [-110.9895717, 43.7658358], [-110.9903531, 43.7660284], [-110.991079, 43.7662491], [-110.991463, 43.7663443], [-110.9918989, 43.7664262], [-110.9924024, 43.766486], [-110.9937226, 43.7666329], [-110.995077, 43.7667654], [-110.9960218, 43.7669094], [-110.9964187, 43.7669573], [-110.9972101, 43.7670277], [-110.9976617, 43.7670905], [-110.9982213, 43.7671865], [-110.9985417, 43.7672229], [-110.9990908, 43.7672586], [-110.9995942, 43.7673108], [-111.000418, 43.7674337], [-111.0006112, 43.7674748], [-111.000816, 43.7675824], [-111.0009331, 43.7677142], [-111.0010094, 43.7679232], [-111.0009707, 43.768117], [-111.0008567, 43.7682862], [-111.0007003, 43.7684027], [-111.0004807, 43.7684873], [-111.0001854, 43.7685147], [-110.9999522, 43.7684866], [-110.9985828, 43.7680892], [-110.9981048, 43.7679799], [-110.9975584, 43.7679017], [-110.9970954, 43.7678731], [-110.9965799, 43.7678743], [-110.994989, 43.767937], [-110.992745, 43.768454], [-110.991865, 43.768574], [-110.988482, 43.768793], [-110.987734, 43.768904], [-110.987253, 43.769119], [-110.986396, 43.770037], [-110.986086, 43.770337], [-110.985031, 43.770906], [-110.984051, 43.771703], [-110.983933, 43.771914], [-110.983774, 43.772581], [-110.98325, 43.773111], [-110.983285, 43.773865], [-110.982882, 43.774376], [-110.982303, 43.776099], [-110.982676, 43.776814], [-110.982813, 43.777865], [-110.983339, 43.779088], [-110.983296, 43.779403], [-110.982673, 43.779847], [-110.982484, 43.780146], [-110.982394, 43.780602], [-110.982498, 43.78104], [-110.9831854, 43.781662], [-110.983381, 43.781839], [-110.983483, 43.782224], [-110.983486, 43.784029], [-110.983108, 43.784663], [-110.982388, 43.785037], [-110.98082, 43.78533], [-110.98005, 43.785616], [-110.979548, 43.786006], [-110.979412, 43.786603], [-110.97917, 43.788235], [-110.979032, 43.788692], [-110.978888, 43.788833], [-110.9786, 43.788958], [-110.9785116, 43.7889586], [-110.97831, 43.78896], [-110.978043, 43.78891], [-110.977822, 43.788683], [-110.977694, 43.788246], [-110.97764, 43.787844], [-110.9777672, 43.786965], [-110.9777479, 43.7867072], [-110.977668, 43.786476], [-110.9775589, 43.7862996], [-110.977396, 43.786128], [-110.9767802, 43.7856226], [-110.976513, 43.7853479], [-110.97634, 43.785049], [-110.976237, 43.784664], [-110.9761024, 43.7842878], [-110.9759947, 43.7840817], [-110.9758138, 43.7838877], [-110.9751682, 43.7834045], [-110.9748602, 43.7831986], [-110.9745734, 43.7830832], [-110.9742463, 43.7830067], [-110.973695, 43.7829546], [-110.9731034, 43.7829583], [-110.9720345, 43.78305], [-110.97169, 43.7830666], [-110.9713961, 43.7830321], [-110.9709126, 43.7829361], [-110.9700654, 43.782665], [-110.9689561, 43.7821953], [-110.9684125, 43.7818958], [-110.9680868, 43.7816406], [-110.9678664, 43.7813801], [-110.9675416, 43.7808667], [-110.9670455, 43.7802262], [-110.9665012, 43.779674], [-110.9661858, 43.7794718], [-110.9658692, 43.7793229], [-110.9654738, 43.7792221], [-110.9650098, 43.7792072], [-110.9645012, 43.7792634], [-110.9640692, 43.7793751], [-110.9635041, 43.7796023], [-110.9633123, 43.7797252], [-110.963132, 43.7798796], [-110.9630469, 43.7800364], [-110.963032, 43.7802106], [-110.9630794, 43.7803693], [-110.9632255, 43.780516], [-110.9639022, 43.7808972], [-110.9640299, 43.7810318], [-110.9640936, 43.7812072], [-110.9640866, 43.7813461], [-110.9640321, 43.7815121], [-110.9638474, 43.7816663], [-110.9635449, 43.7818083], [-110.9629106, 43.7820393], [-110.9623033, 43.7823407], [-110.9615453, 43.7829292], [-110.960505, 43.78419], [-110.9604191, 43.7843884], [-110.960364, 43.784624], [-110.9604447, 43.7852008], [-110.9604375, 43.7853739], [-110.9602789, 43.7857383], [-110.9600917, 43.7860177], [-110.9597359, 43.786527], [-110.9594175, 43.786932], [-110.95893, 43.7875882], [-110.9588806, 43.7876532], [-110.9587705, 43.7878345], [-110.9586146, 43.7881943]]}, "properties": {"bicycle": "designated", "cycleway": "lane", "highway": "secondary", "name": "Alta Ski Hill Road East", "name_1": "2215", "surface": "paved", "tiger:cfcc": "A41", "tiger:county": "Teton, WY", "tiger:name_base": "Ski Hill", "tiger:name_base_1": "2215", "tiger:name_type": "Rd", "tiger:reviewed": "no", "osm_id": 15782404}}, {"type": "Feature", "geometry": {"type": "LineString", "coordinates": [[-110.735642, 43.6014068], [-110.7356037, 43.6013741], [-110.735549, 43.6013374], [-110.7354995, 43.6013056], [-110.7352293, 43.6011631], [-110.7348723, 43.601032], [-110.7342653, 43.6008908], [-110.7338646, 43.6008467], [-110.7334261, 43.600849], [-110.7307514, 43.6010349], [-110.7286673, 43.6011872], [-110.7281177, 43.6011998], [-110.7275526, 43.6011784], [-110.7267753, 43.6010914], [-110.7253939, 43.6008958], [-110.7242096, 43.6007573]]}, "properties": {"bicycle": "yes", "highway": "secondary", "name": "East Airport Road", "tiger:county": "Teton, WY", "osm_id": 15782547}}, {"type": "Feature", "geometry": {"type": "LineString", "coordinates": [[-110.7212287, 43.659666], [-110.7212858, 43.6597829], [-110.7213526, 43.6599309], [-110.7215563, 43.6602939], [-110.7216594, 43.6604608], [-110.7217896, 43.6606641], [-110.7219225, 43.6608407], [-110.7219833, 43.6609603]]}, "properties": {"attribution": "US National Park Service", "highway": "secondary", "import": "tetonroad_20090805", "lanes": "1", "maxspeed": "15 mph", "name": "Teton Park Road", "nfs:teton:OBJECTID": "1411; 1408;5530;1478", "oneway": "yes", "surface": "asphalt", "toll": "yes", "osm_id": 39055176}}, {"type": "Feature", "geometry": {"type": "LineString", "coordinates": [[-110.5118273, 43.8434819], [-110.5116626, 43.8432531], [-110.5115092, 43.8429765], [-110.5114355, 43.8428375]]}, "properties": {"attribution": "US National Park Service", "hgv": "designated", "hgv:national_network": "yes", "highway": "primary", "import": "tetonroad_20090805", "lanes": "4", "lanes:backward": "3", "lanes:forward": "1", "maxspeed": "15 mph", "name": "North Park Road", "nfs:teton:OBJECTID": "339;4250;4331;4546;4545;5005;5007;5008", "ref": "US 89;US 191;US 287", "source:hgv:national_network": "https://hepgis-usdot.hub.arcgis.com/apps/usdot::national-network-conventional-combination-trucks-map/explore", "surface": "asphalt", "wydot_ml_number": "10", "osm_id": 39057765}}, {"type": "Feature", "geometry": {"type": "LineString", "coordinates": [[-110.7077541, 43.6509316], [-110.7078845, 43.650987], [-110.7110597, 43.6523415]]}, "properties": {"attribution": "US National Park Service", "highway": "secondary", "import": "tetonroad_20090805", "lanes": "3", "lanes:backward": "2", "lanes:forward": "1", "maxspeed": "35 mph", "name": "Teton Park Road", "nfs:teton:OBJECTID": "1411; 1408;5530", "shoulder": "both", "smoothness": "excellent", "surface": "asphalt", "osm_id": 39058077}}, {"type": "Feature", "geometry": {"type": "LineString", "coordinates": [[-110.733025, 43.576912], [-110.733147, 43.57605], [-110.7331939, 43.5756277], [-110.7332021, 43.5755486]]}, "properties": {"NHS": "yes", "attribution": "US National Park Service", "hgv": "designated", "hgv:national_network": "yes", "highway": "trunk", "import": "tetonroad_20090805", "lanes": "2", "maxspeed": "45 mph", "name": "North Highway 89", "nfs:teton:OBJECTID": "2897", "ref": "US 26;US 89;US 191", "source:hgv:national_network": "https://hepgis-usdot.hub.arcgis.com/apps/usdot::national-network-conventional-combination-trucks-map/explore", "surface": "paved", "wydot_ml_number": "10", "osm_id": 39058811}}, {"type": "Feature", "geometry": {"type": "LineString", "coordinates": [[-110.7219833, 43.6609603], [-110.7218395, 43.6605422], [-110.7217617, 43.6603443], [-110.7216674, 43.6601606], [-110.721556, 43.660023], [-110.7214097, 43.6598459], [-110.7212287, 43.659666]]}, "properties": {"attribution": "US National Park Service", "highway": "secondary", "import": "tetonroad_20090805", "lanes": "1", "maxspeed": "15 mph", "name": "Teton Park Road", "nfs:teton:OBJECTID": "1411; 1408;5530", "oneway": "yes", "surface": "asphalt", "osm_id": 39059248}}, {"type": "Feature", "geometry": {"type": "LineString", "coordinates": [[-110.6376967, 44.2650632], [-110.6378341, 44.2647905], [-110.6379483, 44.2644443], [-110.6380458, 44.264134], [-110.6381457, 44.2638057], [-110.6382463, 44.2634819], [-110.6383485, 44.2631582], [-110.63845, 44.2628254], [-110.6385561, 44.2624926], [-110.6386577, 44.2621553], [-110.6387639, 44.261818], [-110.6388764, 44.2614853], [-110.639002, 44.261157], [-110.6391496, 44.2608469], [-110.6393214, 44.2605368], [-110.6395252, 44.2602404], [-110.6397525, 44.2599395], [-110.6399791, 44.2596431], [-110.6401821, 44.2593376], [-110.6403243, 44.2590095], [-110.6404133, 44.2586676], [-110.6404781, 44.2583167], [-110.6405366, 44.2579658], [-110.6406092, 44.2576059], [-110.6407116, 44.2572461], [-110.6408469, 44.2568909], [-110.641004, 44.2565538], [-110.6411766, 44.2562347], [-110.6413679, 44.2559247], [-110.6415907, 44.2556148], [-110.6418399, 44.255314], [-110.6421197, 44.2550177], [-110.642422, 44.2547351], [-110.6427431, 44.254466], [-110.6430656, 44.2541924], [-110.6433634, 44.2539097], [-110.643618, 44.2536089], [-110.6438289, 44.25329], [-110.6439945, 44.2529574], [-110.6441196, 44.2526111], [-110.6442274, 44.2522559], [-110.6443306, 44.2519051], [-110.6444329, 44.2515543], [-110.6445374, 44.251208], [-110.6446428, 44.2508707], [-110.6447529, 44.2505379], [-110.6448645, 44.2502141], [-110.6449893, 44.2498949], [-110.6451235, 44.2495712], [-110.64526, 44.249252], [-110.645385, 44.2489283], [-110.6454973, 44.2486045], [-110.645601, 44.2482673], [-110.6456923, 44.2479344], [-110.6457671, 44.2476015], [-110.6458459, 44.2472687], [-110.6459489, 44.2469224], [-110.6460856, 44.2465807], [-110.6462395, 44.2462345], [-110.6463966, 44.2458884], [-110.6465482, 44.2455422], [-110.6467006, 44.2451916], [-110.6468529, 44.2448499], [-110.6469647, 44.2444812], [-110.6470639, 44.2441213], [-110.6471403, 44.243766], [-110.6471872, 44.2434105], [-110.6471972, 44.2432662], [-110.6472103, 44.2430594], [-110.6472445, 44.2427219], [-110.6472716, 44.2423844], [-110.6473268, 44.2420514], [-110.6474343, 44.2417367], [-110.6475879, 44.2414445], [-110.6477977, 44.2411661], [-110.6480498, 44.2409013], [-110.6483191, 44.2406365], [-110.6485954, 44.2403718], [-110.6488499, 44.2400844], [-110.649052, 44.239788], [-110.6492144, 44.2394869], [-110.6493491, 44.2391902], [-110.6494745, 44.238907], [-110.6496233, 44.2386283], [-110.6497993, 44.2383678], [-110.6500035, 44.2381253], [-110.6502403, 44.23791], [-110.6504959, 44.2377217], [-110.6507551, 44.2375604], [-110.6510181, 44.2374217], [-110.6512826, 44.2372919], [-110.6515597, 44.2371532], [-110.6518448, 44.2369965], [-110.6521158, 44.2368173], [-110.65233, 44.2365929], [-110.6524983, 44.2363458], [-110.6526384, 44.2360671], [-110.6527763, 44.2357659], [-110.652912, 44.2354512], [-110.6530649, 44.2351411], [-110.6532085, 44.2348264], [-110.653345, 44.2345117], [-110.6534564, 44.2341925], [-110.6535272, 44.2338641], [-110.6535534, 44.2335175], [-110.6535273, 44.2331708], [-110.653444, 44.2328194], [-110.6533083, 44.2324724], [-110.6532084, 44.2323113], [-110.6531106, 44.2321522], [-110.6528737, 44.2318544], [-110.6526171, 44.2315835], [-110.6523474, 44.2313286], [-110.6521608, 44.231121], [-110.6520617, 44.2309496], [-110.6518886, 44.230571], [-110.6517286, 44.2301023], [-110.6516682, 44.229733], [-110.6517211, 44.229265], [-110.6518734, 44.2289054], [-110.652, 44.2286717], [-110.6524282, 44.2282498], [-110.6528306, 44.2279629], [-110.6536483, 44.2273172], [-110.6538877, 44.2270568], [-110.6540765, 44.2268863], [-110.654329, 44.2265269], [-110.6544991, 44.2262885], [-110.6545865, 44.2260274], [-110.6546509, 44.2256873], [-110.6546554, 44.2255391], [-110.654642, 44.2254144], [-110.6546202, 44.2252858], [-110.6545706, 44.2251199], [-110.6544671, 44.2249187], [-110.6542781, 44.2246246], [-110.6541479, 44.2244452], [-110.6540097, 44.2242058], [-110.6539364, 44.2239908], [-110.6539147, 44.2237959], [-110.6539392, 44.2235922], [-110.6540221, 44.2233659], [-110.654161, 44.2231592], [-110.6543246, 44.2229734], [-110.65452, 44.2227791], [-110.6547782, 44.2225309], [-110.6549065, 44.2224054], [-110.655066, 44.2222439], [-110.6552109, 44.2220821], [-110.6554244, 44.2218105], [-110.655598, 44.2215023], [-110.6559297, 44.2207984], [-110.656045, 44.2205415], [-110.6562006, 44.2201869], [-110.6563264, 44.2198123], [-110.656373, 44.2196086], [-110.6564131, 44.2191236], [-110.6564289, 44.2188318], [-110.6564501, 44.2186913], [-110.6564807, 44.218569], [-110.6565221, 44.2184369], [-110.656573, 44.2183029], [-110.6566435, 44.2181689], [-110.6567297, 44.2180351], [-110.6568613, 44.2178738], [-110.6576935, 44.2170664], [-110.6600308, 44.2148488], [-110.6603466, 44.2145606], [-110.6605976, 44.2143014], [-110.6607391, 44.2141332], [-110.6608512, 44.2139771], [-110.660938, 44.2138214], [-110.6610197, 44.2136517], [-110.6610963, 44.2134523], [-110.6611369, 44.2132833], [-110.6611714, 44.213063], [-110.6611815, 44.2128265], [-110.6611754, 44.2126276], [-110.6611405, 44.212419], [-110.6609824, 44.211683], [-110.6608989, 44.21128], [-110.6607806, 44.2107276], [-110.6607422, 44.2104984], [-110.6607238, 44.2103128], [-110.6607208, 44.2101542], [-110.6607355, 44.2098533], [-110.6607744, 44.2095573], [-110.6608608, 44.2090942], [-110.6608991, 44.2088315], [-110.6609233, 44.2085979], [-110.6609276, 44.2083894], [-110.6609353, 44.2082499], [-110.6609115, 44.2078605], [-110.6608954, 44.2075481], [-110.660879, 44.207312], [-110.660875, 44.207153], [-110.6608871, 44.2069819], [-110.6609246, 44.2067685], [-110.6610521, 44.2062429], [-110.6610775, 44.2060542], [-110.6610735, 44.2058811], [-110.6610559, 44.2056884], [-110.660996, 44.205362], [-110.6609166, 44.2050265], [-110.6608535, 44.2048448], [-110.6607649, 44.20467], [-110.6606202, 44.2044516], [-110.6604065, 44.2042129], [-110.6602809, 44.2040526], [-110.660178, 44.203889], [-110.6601015, 44.2037341], [-110.6600623, 44.2036133], [-110.6600241, 44.2034515], [-110.6600086, 44.2032979], [-110.66001, 44.2025903], [-110.6600064, 44.2016945], [-110.6600073, 44.2011021], [-110.6600019, 44.200954], [-110.6599866, 44.2007589], [-110.659961, 44.2005825], [-110.6599242, 44.200429], [-110.6598493, 44.2002175], [-110.6597847, 44.2000743], [-110.6596662, 44.1998746], [-110.659491, 44.1996233], [-110.659292, 44.1993921], [-110.6591141, 44.1991965], [-110.6590014, 44.1990534], [-110.6588982, 44.1988859], [-110.6588164, 44.1987119], [-110.6587558, 44.1985385], [-110.6587145, 44.1983971], [-110.6584127, 44.1968985], [-110.6582397, 44.1961505], [-110.6581606, 44.195762], [-110.6581324, 44.1955678], [-110.6581272, 44.1954067], [-110.6581458, 44.1952303], [-110.6581804, 44.1950444], [-110.6583081, 44.1947139], [-110.6583524, 44.1945726], [-110.658382, 44.1944131], [-110.6583872, 44.1942995], [-110.6583803, 44.1941716], [-110.6583569, 44.1940228], [-110.6582169, 44.1934493], [-110.6581092, 44.193075], [-110.6580587, 44.1929437], [-110.6579876, 44.1928101], [-110.6579085, 44.1926706], [-110.6578056, 44.1925316], [-110.6576805, 44.1924043], [-110.6575055, 44.1922537], [-110.6573667, 44.1921533], [-110.6571132, 44.1919918], [-110.6568237, 44.1918235], [-110.6566666, 44.1917292], [-110.6565298, 44.1916292], [-110.6564052, 44.1915142], [-110.6562918, 44.191382], [-110.6561816, 44.1912322], [-110.6561058, 44.1910985], [-110.656039, 44.1909523], [-110.6559844, 44.1907862], [-110.6559558, 44.1906369], [-110.6559538, 44.1905066], [-110.6559607, 44.190362], [-110.655992, 44.1902311], [-110.6560577, 44.1900534], [-110.6561369, 44.189883], [-110.6562394, 44.1897293], [-110.6564909, 44.1894493], [-110.6566733, 44.1892358], [-110.6567712, 44.1890983], [-110.6568601, 44.1889565], [-110.6569684, 44.1887444], [-110.6570393, 44.1885832], [-110.6571239, 44.1883915], [-110.6574726, 44.1873596], [-110.6579219, 44.1860316], [-110.6587976, 44.1834436], [-110.659672, 44.1808662], [-110.6601092, 44.1795687], [-110.6605433, 44.1782872], [-110.6610145, 44.1768641], [-110.6612666, 44.1761591], [-110.6615068, 44.1754376], [-110.6619009, 44.1742392], [-110.6623502, 44.1729561], [-110.663214, 44.1704273], [-110.6635914, 44.1693015], [-110.6637141, 44.1689141], [-110.6638093, 44.1686899], [-110.6639334, 44.1684323], [-110.6640661, 44.1681936], [-110.664268, 44.1678617], [-110.6651893, 44.1666582], [-110.6661367, 44.1654361], [-110.6664985, 44.1649792], [-110.6667409, 44.1646728], [-110.6670479, 44.1642746], [-110.6678461, 44.1632556], [-110.6686434, 44.1622384], [-110.6693669, 44.1613112], [-110.6701051, 44.1603833], [-110.672531, 44.1572942], [-110.6733674, 44.1562322], [-110.6742027, 44.1551514], [-110.6743652, 44.1549303]]}, "properties": {"attribution": "US National Park Service", "hgv": "no", "highway": "secondary", "import": "tetonroad_20090805", "lanes": "2", "maxspeed": "45 mph", "name": "South Entrance Road", "nfs:teton:OBJECTID": "2;76;4752;5036", "nps:route_desc": "PRIMARY ROUTE", "source": "National Park Service", "surface": "asphalt", "unsigned_ref": "US 89;US 191;US 287", "osm_id": 39059906}}, {"type": "Feature", "geometry": {"type": "LineString", "coordinates": [[-110.6673688, 44.0996045], [-110.6670657, 44.1001965], [-110.6668958, 44.1005066], [-110.66581, 44.102314], [-110.665672, 44.102585], [-110.665543, 44.102859], [-110.665443, 44.103138], [-110.665375, 44.10342], [-110.665329, 44.103706], [-110.665314, 44.104286], [-110.6654317, 44.1057291], [-110.6654714, 44.1067463]]}, "properties": {"attribution": "US National Park Service", "hgv": "designated", "hgv:national_network": "yes", "highway": "primary", "import": "tetonroad_20090805", "lanes": "2", "maxspeed": "35 mph", "name": "John D. Rockefeller Jr. Memorial Parkway", "nfs:teton:OBJECTID": "4256;4257;4330;4475;4476;5036;5037;5423;5424;77;4329;4332", "ref": "US 89;US 191;US 287", "source:hgv:national_network": "https://hepgis-usdot.hub.arcgis.com/apps/usdot::national-network-conventional-combination-trucks-map/explore", "surface": "asphalt", "wydot_ml_number": "10", "osm_id": 39059911}}, {"type": "Feature", "geometry": {"type": "LineString", "coordinates": [[-110.6316966, 43.913333], [-110.6313157, 43.9129156], [-110.6309402, 43.9124982], [-110.6301704, 43.9117582], [-110.6296769, 43.9112961], [-110.6287864, 43.9105292]]}, "properties": {"attribution": "US National Park Service", "fixme": "maxspeed may be 30 mph", "hgv": "designated", "hgv:national_network": "yes", "highway": "primary", "import": "tetonroad_20090805", "lanes": "1", "maxspeed": "35 mph", "name": "North Park Road", "nfs:teton:OBJECTID": "339;4250;4331;4546;4545", "oneway": "yes", "ref": "US 89;US 191;US 287", "source:hgv:national_network": "https://hepgis-usdot.hub.arcgis.com/apps/usdot::national-network-conventional-combination-trucks-map/explore", "surface": "asphalt", "wydot_ml_number": "10", "osm_id": 39060078}}, {"type": "Feature", "geometry": {"type": "LineString", "coordinates": [[-110.846245, 43.5009365], [-110.8462403, 43.5010156], [-110.8462292, 43.5012298], [-110.8462128, 43.5014782], [-110.8461964, 43.5017347], [-110.8461671, 43.5022077], [-110.8461366, 43.5026546], [-110.8460815, 43.5032724], [-110.8460409, 43.5036942], [-110.8460278, 43.5038679], [-110.8460174, 43.5040021], [-110.846014, 43.5041387], [-110.8460171, 43.504246], [-110.8460273, 43.5043504], [-110.8460499, 43.5044784], [-110.8460813, 43.5046052], [-110.8461179, 43.5047553], [-110.8461616, 43.5049104], [-110.8462096, 43.5050592], [-110.8462525, 43.5051836], [-110.8462839, 43.5052644], [-110.8463806, 43.5054945], [-110.8464878, 43.5057367], [-110.8465741, 43.5059525], [-110.8466048, 43.5060371], [-110.8466338, 43.50613], [-110.8466592, 43.5062166], [-110.8466819, 43.506308], [-110.8467032, 43.5063902], [-110.846721, 43.5064872], [-110.8467331, 43.5065771], [-110.8467411, 43.5066696], [-110.8467518, 43.5068773], [-110.8467767, 43.5075043], [-110.8468021, 43.5080054], [-110.8468071, 43.5082795], [-110.8468019, 43.5083838], [-110.8467884, 43.5084748], [-110.8467716, 43.5085633], [-110.8467481, 43.5086517], [-110.8467146, 43.50874], [-110.8466767, 43.5088197], [-110.8466222, 43.5089125], [-110.8465665, 43.5089903], [-110.8464998, 43.5090745], [-110.8464188, 43.5091667], [-110.8463235, 43.5092599], [-110.8461757, 43.5093844], [-110.8460434, 43.5094943], [-110.8457832, 43.5097038], [-110.8456083, 43.5098543], [-110.8454314, 43.510017], [-110.8452624, 43.5101812], [-110.8451829, 43.5102617], [-110.8449039, 43.5105598], [-110.8444609, 43.5110511], [-110.84439, 43.5111333], [-110.8439833, 43.5115838], [-110.8434817, 43.5121392], [-110.8433634, 43.5122696], [-110.843279, 43.5123619], [-110.8431694, 43.512486], [-110.8429333, 43.512754], [-110.842698, 43.5130393], [-110.8425996, 43.5131652], [-110.8425079, 43.5132884], [-110.8424319, 43.5134053], [-110.8423606, 43.5135292], [-110.8422927, 43.5136648], [-110.8422347, 43.5137915], [-110.842185, 43.5139205], [-110.8421427, 43.5140575], [-110.8421083, 43.5141911], [-110.8420834, 43.5143219], [-110.8420662, 43.5144503], [-110.8420552, 43.5145879], [-110.8420496, 43.5147237], [-110.842053, 43.515435], [-110.8420575, 43.5158995], [-110.8420558, 43.5164137], [-110.8420547, 43.5164766], [-110.8420539, 43.5172926], [-110.8420504, 43.5184606], [-110.8420547, 43.5196481], [-110.842055, 43.5197668], [-110.8420572, 43.5204048], [-110.8420565, 43.520806], [-110.842056, 43.5211], [-110.8420611, 43.5225508], [-110.842061, 43.5225866], [-110.8420644, 43.523516], [-110.842064, 43.52438], [-110.8420632, 43.5248656], [-110.8420631, 43.5248888], [-110.8420642, 43.5257464], [-110.842069, 43.526513], [-110.8420641, 43.5273272], [-110.8420612, 43.5280318], [-110.842061, 43.5280885], [-110.8420643, 43.5289703], [-110.8420625, 43.5293048], [-110.8420592, 43.5293813], [-110.842055, 43.5294543], [-110.8420476, 43.529525], [-110.8420381, 43.529597], [-110.8420256, 43.5296797], [-110.8420077, 43.529766], [-110.8419871, 43.5298514], [-110.8419618, 43.5299377], [-110.841928, 43.5300372], [-110.8418855, 43.5301424], [-110.8418359, 43.530246], [-110.84178, 43.5303513], [-110.8417106, 43.53047], [-110.8416281, 43.5306038], [-110.8415458, 43.5307233], [-110.8414598, 43.530838], [-110.8413803, 43.5309363], [-110.8413005, 43.5310288], [-110.8412276, 43.5311081], [-110.8411535, 43.5311856], [-110.8410812, 43.5312577], [-110.8410356, 43.5312994], [-110.8409841, 43.5313424], [-110.8409087, 43.5314023], [-110.8407835, 43.5314945], [-110.8406431, 43.5315932], [-110.8401459, 43.5319225], [-110.8397602, 43.5321705], [-110.8395019, 43.5323365], [-110.839167, 43.5325576], [-110.8391255, 43.5325853], [-110.838716, 43.5328584], [-110.8384318, 43.5330479], [-110.8382727, 43.5331532], [-110.8379834, 43.5333443], [-110.8377021, 43.5335308], [-110.8374757, 43.533679], [-110.837304, 43.5337833], [-110.8371592, 43.5338676], [-110.8370769, 43.5339126], [-110.8369738, 43.5339688], [-110.8368805, 43.5340186], [-110.8367834, 43.5340674], [-110.8366698, 43.5341211], [-110.8365508, 43.5341775], [-110.8364376, 43.5342289], [-110.8363175, 43.5342799], [-110.8361809, 43.5343354], [-110.8359868, 43.5344105], [-110.835787, 43.5344842], [-110.8339305, 43.5351955], [-110.8321473, 43.5358694], [-110.831538, 43.5361033], [-110.8310918, 43.5362763], [-110.8306217, 43.5364695], [-110.8299166, 43.5367707], [-110.8292713, 43.5370528], [-110.8285565, 43.5373624], [-110.8279096, 43.5376426], [-110.8272046, 43.5379476], [-110.8252356, 43.5387932], [-110.8246345, 43.5390527], [-110.8244257, 43.5391471], [-110.8242269, 43.5392414], [-110.8240354, 43.5393417], [-110.8238626, 43.5394429], [-110.8237001, 43.5395446], [-110.8235478, 43.5396503], [-110.8234072, 43.5397585], [-110.823266, 43.5398746], [-110.8231296, 43.5400021], [-110.823011, 43.5401299], [-110.8228905, 43.540267], [-110.8227762, 43.5404172], [-110.8226769, 43.5405623], [-110.8225871, 43.5407106], [-110.8225093, 43.5408567], [-110.8224409, 43.5410116], [-110.8223824, 43.5411669], [-110.8223353, 43.5413298], [-110.8222991, 43.5414734], [-110.822273, 43.5416197], [-110.822253, 43.5417842], [-110.822223, 43.542103], [-110.8221393, 43.5430157], [-110.8220368, 43.5440595], [-110.8219727, 43.5446628], [-110.8219441, 43.5449347], [-110.8219265, 43.5451288], [-110.8219168, 43.545265], [-110.8219113, 43.5453932], [-110.8219113, 43.5455244], [-110.8219184, 43.5456301], [-110.8219314, 43.5457472], [-110.8219466, 43.5458692], [-110.822029, 43.5464482]]}, "properties": {"highway": "secondary", "lanes": "2", "maxspeed": "45 mph", "maxspeed:conditional": "35 mph @ (dusk-dawn)", "name": "Moose-Wilson Road", "ref": "WY 390", "surface": "asphalt", "wydot_ml_number": "2001", "osm_id": 39060090}}, {"type": "Feature", "geometry": {"type": "LineString", "coordinates": [[-110.5116781, 43.8392565], [-110.5114362, 43.839419], [-110.5111483, 43.8395818], [-110.5107932, 43.8397524], [-110.5104223, 43.8399053], [-110.5099699, 43.8400465]]}, "properties": {"NHS": "yes", "hgv": "designated", "hgv:national_network": "yes", "highway": "trunk", "lanes": "2", "name": "North Highway 89", "ref": "US 26;US 89;US 191", "source:hgv:national_network": "https://hepgis-usdot.hub.arcgis.com/apps/usdot::national-network-conventional-combination-trucks-map/explore", "surface": "paved", "wydot_ml_number": "10", "osm_id": 39060799}}, {"type": "Feature", "geometry": {"type": "LineString", "coordinates": [[-110.5099699, 43.8400465], [-110.5095728, 43.8401496], [-110.5091761, 43.8402119], [-110.508789, 43.8402611], [-110.5080291, 43.8402989], [-110.5075924, 43.840291], [-110.5071851, 43.8402473], [-110.506805, 43.840179], [-110.506416, 43.840099]]}, "properties": {"NHS": "yes", "attribution": "US National Park Service", "hgv": "designated", "hgv:national_network": "yes", "highway": "trunk", "import": "tetonroad_20090805", "lanes": "2", "name": "East Highway 287", "nfs:teton:OBJECTID": "880", "ref": "US 26;US 287", "source:hgv:national_network": "https://hepgis-usdot.hub.arcgis.com/apps/usdot::national-network-conventional-combination-trucks-map/explore", "wydot_ml_number": "30", "osm_id": 39060806}}, {"type": "Feature", "geometry": {"type": "LineString", "coordinates": [[-110.506416, 43.840099], [-110.506035, 43.840004], [-110.50531, 43.83976], [-110.504974, 43.839607], [-110.504654, 43.839436], [-110.504044, 43.839062], [-110.502435, 43.8380364], [-110.502243, 43.837914], [-110.501915, 43.837753], [-110.501556, 43.83762], [-110.501183, 43.837513], [-110.500801, 43.837433], [-110.500404, 43.837383], [-110.500008, 43.837364], [-110.499611, 43.837372], [-110.49881, 43.837433], [-110.4979807, 43.8375316], [-110.4970248, 43.8377082], [-110.4941998, 43.8382767], [-110.493011, 43.838516], [-110.4918111, 43.8387927], [-110.491104, 43.838936], [-110.490318, 43.839066], [-110.489525, 43.839146], [-110.488724, 43.839169], [-110.4881741, 43.8391547], [-110.487534, 43.839104], [-110.487137, 43.839054], [-110.486366, 43.838917], [-110.48484, 43.838554], [-110.483704, 43.838268], [-110.482941, 43.838097], [-110.482552, 43.838036], [-110.482155, 43.838001], [-110.48175, 43.837978], [-110.481354, 43.837978], [-110.480949, 43.838001], [-110.480553, 43.838047], [-110.480164, 43.838116], [-110.479408, 43.838306], [-110.477921, 43.838741], [-110.477539, 43.838833], [-110.476761, 43.838966], [-110.476364, 43.839012], [-110.475967, 43.839039], [-110.475166, 43.839054], [-110.4742141, 43.8390449], [-110.469955, 43.839027], [-110.468758, 43.839039], [-110.467957, 43.839096], [-110.4674101, 43.8391604], [-110.466511, 43.8393014], [-110.4636558, 43.8397887], [-110.4630897, 43.8398762], [-110.4624121, 43.8399663], [-110.4610665, 43.8400885], [-110.4606218, 43.8401034], [-110.459313, 43.8401612], [-110.4578693, 43.8401877]]}, "properties": {"NHS": "yes", "attribution": "US National Park Service", "hgv": "designated", "hgv:national_network": "yes", "highway": "trunk", "import": "tetonroad_20090805", "lanes": "2", "name": "East Highway 287", "nfs:teton:OBJECTID": "918;906;905;904;902;901;900;899;898;897;896;895;893;890;889;885;881;903", "ref": "US 26;US 287", "source": "TIGER/Line\u00ae 2008 Place Shapefiles (http://www.census.gov/geo/www/tiger/)", "source:hgv:national_network": "https://hepgis-usdot.hub.arcgis.com/apps/usdot::national-network-conventional-combination-trucks-map/explore", "wydot_ml_number": "30", "osm_id": 39061061}}, {"type": "Feature", "geometry": {"type": "LineString", "coordinates": [[-110.5116781, 43.8392565], [-110.511963, 43.8390491], [-110.5123608, 43.8387057]]}, "properties": {"NHS": "yes", "hgv": "designated", "hgv:national_network": "yes", "highway": "trunk", "lanes": "2", "maxspeed": "45 mph", "name": "North Highway 89", "ref": "US 26;US 89;US 191", "source:hgv:national_network": "https://hepgis-usdot.hub.arcgis.com/apps/usdot::national-network-conventional-combination-trucks-map/explore", "surface": "paved", "wydot_ml_number": "10", "osm_id": 39061250}}, {"type": "Feature", "geometry": {"type": "LineString", "coordinates": [[-110.7188893, 43.6563751], [-110.7189926, 43.6563215], [-110.7194024, 43.6561088], [-110.7195075, 43.6560733], [-110.7196094, 43.656045], [-110.7197211, 43.6560167], [-110.7198524, 43.6560003], [-110.7199837, 43.6559863], [-110.7200887, 43.6559866], [-110.72025, 43.6560067], [-110.7203975, 43.6560452], [-110.7205318, 43.6560884], [-110.7206759, 43.6561483], [-110.7208329, 43.6562583], [-110.7209473, 43.6563514], [-110.7210583, 43.656478], [-110.7214135, 43.6569982], [-110.7215765, 43.6572392], [-110.7216874, 43.65738], [-110.7218115, 43.6575161], [-110.721942, 43.657657], [-110.7220826, 43.657786], [-110.7222068, 43.6578911], [-110.7223408, 43.6579963], [-110.7224749, 43.6580966], [-110.722609, 43.6581827], [-110.7227792, 43.6582808], [-110.7228806, 43.6583454], [-110.7236693, 43.6588023], [-110.7242846, 43.6591516], [-110.7247527, 43.6594148], [-110.7249032, 43.6594986], [-110.7250997, 43.6595824], [-110.7253716, 43.6596784], [-110.7256239, 43.6597647], [-110.7258238, 43.65982], [-110.7260467, 43.6598729], [-110.7262566, 43.6599163], [-110.7264959, 43.659955], [-110.7267386, 43.6599866], [-110.7271192, 43.6599994], [-110.7274177, 43.6600144], [-110.7277557, 43.6600247], [-110.7291632, 43.6600733], [-110.7292583, 43.6600736], [-110.7293634, 43.6600619], [-110.729462, 43.6600383], [-110.7295639, 43.6599957], [-110.7296264, 43.6599648], [-110.7302449, 43.6595947], [-110.7304259, 43.6594831], [-110.7305378, 43.6594095], [-110.7306201, 43.6593526], [-110.7308078, 43.6591934], [-110.7310845, 43.6589701], [-110.7312095, 43.658887], [-110.7314662, 43.6587232], [-110.732282, 43.6582701], [-110.7324004, 43.6582061], [-110.7325977, 43.6581089], [-110.7327688, 43.6580116], [-110.7328708, 43.6579499], [-110.7329926, 43.6578668], [-110.7331012, 43.6577956], [-110.7332131, 43.6577172], [-110.7333184, 43.6576436], [-110.7337564, 43.6572944], [-110.733977, 43.6571186], [-110.7341284, 43.6570142], [-110.7343752, 43.6568504], [-110.734576, 43.6567079], [-110.734813, 43.6565298], [-110.7350864, 43.6562898], [-110.7352412, 43.6561663], [-110.7357286, 43.6557529], [-110.7361831, 43.6553656], [-110.7363839, 43.6552136], [-110.7365353, 43.6551115], [-110.7366768, 43.6550165], [-110.7376275, 43.6544589], [-110.7379795, 43.6542405], [-110.7380848, 43.6541836], [-110.7382162, 43.6541315], [-110.7383148, 43.6541031], [-110.7384297, 43.6540795], [-110.7385447, 43.6540607], [-110.7386649, 43.6540384], [-110.738699, 43.6540397], [-110.7389451, 43.6540235], [-110.7393979, 43.6540151], [-110.739601, 43.653976], [-110.73996, 43.653862], [-110.740318, 43.653732], [-110.740662, 43.653591], [-110.741013, 43.653442], [-110.741364, 43.653309], [-110.74173, 43.653187], [-110.742096, 43.653076], [-110.742477, 43.652985], [-110.7427052, 43.6529555], [-110.7429385, 43.6528721], [-110.743195, 43.652744], [-110.743546, 43.652599], [-110.743927, 43.6525], [-110.744301, 43.652401], [-110.744675, 43.652298], [-110.745041, 43.652187], [-110.745331, 43.652008], [-110.7454212, 43.6518917], [-110.745476, 43.651745], [-110.745605, 43.651466], [-110.7456795, 43.6513205], [-110.745811, 43.651222], [-110.7459461, 43.6511138], [-110.746132, 43.651047], [-110.7463207, 43.6509932], [-110.746521, 43.650974], [-110.746918, 43.650936], [-110.747307, 43.650898], [-110.747696, 43.650829], [-110.74807, 43.650742], [-110.748444, 43.650639], [-110.748779, 43.650494], [-110.749107, 43.65033], [-110.749458, 43.650188], [-110.749809, 43.650055], [-110.750183, 43.649937], [-110.750549, 43.64983], [-110.750908, 43.6497], [-110.751251, 43.649551], [-110.751579, 43.649387], [-110.751907, 43.649216], [-110.752235, 43.649055], [-110.752563, 43.648884], [-110.7528851, 43.6487777], [-110.7530135, 43.6486708], [-110.7531916, 43.6484281], [-110.753281, 43.648228], [-110.753456, 43.647968], [-110.7537, 43.647732], [-110.753952, 43.647507], [-110.754234, 43.647305], [-110.754547, 43.647118], [-110.754868, 43.646942], [-110.755188, 43.64677], [-110.755508, 43.646603], [-110.755836, 43.646439], [-110.756157, 43.646271], [-110.756485, 43.646107], [-110.756798, 43.645931], [-110.757095, 43.645741], [-110.757416, 43.645561], [-110.757751, 43.645409], [-110.758095, 43.645264], [-110.758408, 43.645084], [-110.758698, 43.64489], [-110.758965, 43.644669], [-110.759193, 43.64444], [-110.759399, 43.644192], [-110.759613, 43.643944], [-110.759834, 43.643707], [-110.75992, 43.6436444], [-110.760117, 43.643501], [-110.7602189, 43.6434399], [-110.760429, 43.643314], [-110.7606817, 43.6431629], [-110.760735, 43.643131], [-110.761024, 43.642933], [-110.761292, 43.642719], [-110.761551, 43.642502], [-110.761841, 43.642292], [-110.762161, 43.642124], [-110.762497, 43.641972], [-110.762833, 43.641815], [-110.763184, 43.64167], [-110.763535, 43.641537], [-110.763893, 43.641403], [-110.764252, 43.641281], [-110.76461, 43.641163], [-110.764969, 43.641033], [-110.76532, 43.640896], [-110.765671, 43.640747], [-110.766022, 43.640614], [-110.766365, 43.640465], [-110.766693, 43.640293], [-110.76696, 43.640076], [-110.767052, 43.639812]]}, "properties": {"attribution": "US National Park Service", "cycleway": "shared_lane", "highway": "secondary", "import": "tetonroad_20090805", "maxlength": "23'", "maxwidth": "8'", "name": "Moose-Wilson Road", "nfs:teton:OBJECTID": "1459;1460;2037;1996;1989;1988;1986;1969;1967;5421;5412;5408;5396;5403;5402;5470;5469;1882;1881;1868;1850;1849;1848;1846;1845;5422", "surface": "asphalt", "trailer": "no", "osm_id": 39061746}}, {"type": "Feature", "geometry": {"type": "LineString", "coordinates": [[-110.8384525, 43.4988251], [-110.8383104, 43.4987878], [-110.8371621, 43.4985158], [-110.8365325, 43.4983639], [-110.8339232, 43.4977464], [-110.8335022, 43.4976494], [-110.8331553, 43.4975704]]}, "properties": {"highway": "primary", "lanes": "2", "maxspeed": "45 mph", "name": "West Highway 22", "ref": "WY 22", "surface": "asphalt", "tiger:county": "Teton, WY", "wydot_ml_number": "2000", "osm_id": 49430896}}, {"type": "Feature", "geometry": {"type": "LineString", "coordinates": [[-110.7139302, 43.6535418], [-110.715372, 43.6541604]]}, "properties": {"attribution": "US National Park Service", "bridge": "yes", "highway": "secondary", "import": "tetonroad_20090805", "layer": "1", "maxspeed": "25 mph", "name": "Teton Park Road", "nfs:teton:OBJECTID": "1411; 1408;5530", "osm_id": 71494757}}, {"type": "Feature", "geometry": {"type": "LineString", "coordinates": [[-110.6316966, 43.913333], [-110.632477, 43.913975], [-110.6341428, 43.9153257], [-110.634613, 43.915707], [-110.635353, 43.916393], [-110.63578, 43.916885], [-110.635956, 43.917149], [-110.63623, 43.917698], [-110.636391, 43.918266], [-110.636436, 43.918556], [-110.636436, 43.918842], [-110.636414, 43.919132], [-110.63636, 43.919418], [-110.636234, 43.9198062], [-110.636169, 43.919975], [-110.636024, 43.920246], [-110.635857, 43.920509], [-110.635658, 43.920761], [-110.635111, 43.9214478], [-110.6344608, 43.9221855], [-110.633965, 43.922729], [-110.633636, 43.92326], [-110.633347, 43.923801], [-110.633217, 43.924076], [-110.633118, 43.924351], [-110.63295, 43.924915], [-110.6328691, 43.9253051], [-110.632835, 43.925484], [-110.632782, 43.92606], [-110.6327751, 43.9264593], [-110.632767, 43.926929], [-110.632683, 43.928093], [-110.632629, 43.928387], [-110.632484, 43.928951], [-110.63195, 43.930649], [-110.631828, 43.931217], [-110.63179, 43.931515], [-110.631767, 43.932087], [-110.631775, 43.932377], [-110.631866, 43.933533], [-110.631851, 43.933826], [-110.631805, 43.934116], [-110.63163, 43.934685], [-110.631485, 43.934956], [-110.631302, 43.935211], [-110.631088, 43.935455], [-110.630615, 43.935925], [-110.6305201, 43.9360248], [-110.630165, 43.936398], [-110.6300633, 43.9365317], [-110.6298359, 43.9368769], [-110.6298161, 43.9369173], [-110.629684, 43.937187], [-110.6295721, 43.9375386], [-110.629532, 43.937756], [-110.629532, 43.938332], [-110.629898, 43.94035], [-110.629959, 43.940933], [-110.629929, 43.941807], [-110.629868, 43.942387], [-110.62986, 43.942677], [-110.62989, 43.942966], [-110.629967, 43.943253], [-110.630081, 43.943531], [-110.630241, 43.943794], [-110.63044, 43.944042], [-110.6305508, 43.9441532], [-110.630676, 43.944279], [-110.630943, 43.944489], [-110.631248, 43.944675], [-110.631569, 43.944843], [-110.632973, 43.945419], [-110.633301, 43.945591], [-110.633614, 43.945774], [-110.633896, 43.94598], [-110.634155, 43.946209], [-110.634377, 43.946449], [-110.634583, 43.946705], [-110.634758, 43.946964], [-110.635071, 43.947498], [-110.635452, 43.948326], [-110.6358516, 43.9493897], [-110.6359918, 43.9498996], [-110.636063, 43.950302], [-110.636086, 43.950592], [-110.636032, 43.951172], [-110.635956, 43.951458], [-110.635849, 43.951736], [-110.635353, 43.952839], [-110.635269, 43.953117], [-110.635216, 43.953407], [-110.6352067, 43.9535838], [-110.635223, 43.953983], [-110.635292, 43.954266], [-110.635391, 43.954552], [-110.635513, 43.954826], [-110.636398, 43.956444], [-110.636673, 43.956993], [-110.6367638, 43.9572299], [-110.636833, 43.957561], [-110.6368387, 43.9576721], [-110.636848, 43.957855], [-110.636833, 43.958145], [-110.636787, 43.958435], [-110.635925, 43.961571], [-110.635826, 43.962139], [-110.635826, 43.962429], [-110.635864, 43.962711], [-110.636024, 43.96328], [-110.63636, 43.964119], [-110.636757, 43.964939], [-110.637207, 43.965748], [-110.63755, 43.966274], [-110.637932, 43.966782], [-110.638168, 43.967018], [-110.638428, 43.967232], [-110.638725, 43.96743], [-110.639046, 43.967602], [-110.639748, 43.96788], [-110.640465, 43.968151], [-110.640808, 43.968304], [-110.641129, 43.968483], [-110.641418, 43.968685], [-110.641678, 43.96891], [-110.641899, 43.969154], [-110.64209, 43.969414], [-110.64238, 43.969959], [-110.6426204, 43.9705071], [-110.642769, 43.970779], [-110.643097, 43.971306], [-110.643288, 43.971558], [-110.64373, 43.972038], [-110.643849, 43.9721479], [-110.644226, 43.972496], [-110.644775, 43.972923], [-110.645065, 43.973122], [-110.645699, 43.9734627], [-110.646027, 43.97364]]}, "properties": {"attribution": "US National Park Service", "hgv": "designated", "hgv:national_network": "yes", "highway": "primary", "import": "tetonroad_20090805", "lanes": "2", "maxspeed": "45 mph", "name": "North Park Road", "nfs:teton:OBJECTID": "339;4250;4331;4546;4545", "ref": "US 89;US 191;US 287", "source:hgv:national_network": "https://hepgis-usdot.hub.arcgis.com/apps/usdot::national-network-conventional-combination-trucks-map/explore", "surface": "asphalt", "wydot_ml_number": "10", "osm_id": 71494758}}, {"type": "Feature", "geometry": {"type": "LineString", "coordinates": [[-110.5896846, 43.8572399], [-110.5898712, 43.8579253]]}, "properties": {"attribution": "US National Park Service", "bridge": "yes", "highway": "secondary", "import": "tetonroad_20090805", "layer": "1", "maxspeed": "25 mph", "name": "Teton Park Road", "nfs:teton:OBJECTID": "1785;4735;5117;5118;4998;4999", "osm_id": 71494759}}, {"type": "Feature", "geometry": {"type": "LineString", "coordinates": [[-110.5898712, 43.8579253], [-110.58989, 43.858162], [-110.589996, 43.858742], [-110.590019, 43.859032], [-110.590027, 43.859322], [-110.590004, 43.859612], [-110.589928, 43.859901], [-110.589813, 43.86018], [-110.5896063, 43.8605173], [-110.589462, 43.860703], [-110.589226, 43.860935], [-110.588959, 43.861145], [-110.5888346, 43.8612229], [-110.588654, 43.861336], [-110.588318, 43.861492], [-110.5881388, 43.8615537], [-110.587952, 43.861618], [-110.587578, 43.861713]]}, "properties": {"attribution": "US National Park Service", "highway": "secondary", "import": "tetonroad_20090805", "maxspeed": "25 mph", "name": "Teton Park Road", "nfs:teton:OBJECTID": "1785;4735;5117;5118;4998;4999", "osm_id": 71494762}}, {"type": "Feature", "geometry": {"type": "LineString", "coordinates": [[-110.715372, 43.6541604], [-110.7166506, 43.654698], [-110.7168093, 43.6547786], [-110.7171012, 43.6549263], [-110.7178251, 43.6553991], [-110.7184256, 43.6558896], [-110.7188893, 43.6563751], [-110.7190394, 43.6565463], [-110.7194535, 43.6571154], [-110.7202456, 43.6582489], [-110.72048, 43.6586164], [-110.7208259, 43.6591094], [-110.7212287, 43.659666]]}, "properties": {"addr:city": "Moose", "attribution": "US National Park Service", "highway": "secondary", "import": "tetonroad_20090805", "maxspeed": "25 mph", "name": "Teton Park Road", "nfs:teton:OBJECTID": "1411;1408;5530", "surface": "asphalt", "osm_id": 71494763}}, {"type": "Feature", "geometry": {"type": "LineString", "coordinates": [[-110.6287864, 43.9105292], [-110.6292209, 43.9109775], [-110.6296259, 43.9114413], [-110.6300229, 43.9118413], [-110.6305218, 43.9122915], [-110.6316966, 43.913333]]}, "properties": {"attribution": "US National Park Service", "fixme": "maxspeed may be 30 mph", "hgv": "designated", "hgv:national_network": "yes", "highway": "primary", "import": "tetonroad_20090805", "lanes": "1", "maxspeed": "35 mph", "name": "North Park Road", "nfs:teton:OBJECTID": "339;4250;4331;4546;4545", "oneway": "yes", "ref": "US 89;US 191;US 287", "source:hgv:national_network": "https://hepgis-usdot.hub.arcgis.com/apps/usdot::national-network-conventional-combination-trucks-map/explore", "surface": "asphalt", "wydot_ml_number": "10", "osm_id": 71494766}}, {"type": "Feature", "geometry": {"type": "LineString", "coordinates": [[-110.6677029, 44.0990454], [-110.6673688, 44.0996045]]}, "properties": {"attribution": "US National Park Service", "bridge": "yes", "hgv": "designated", "hgv:national_network": "yes", "highway": "primary", "import": "tetonroad_20090805", "lanes": "2", "layer": "1", "maxspeed": "35 mph", "name": "John D. Rockefeller Jr. Memorial Parkway", "nfs:teton:OBJECTID": "4331", "ref": "US 89;US 191;US 287", "source:hgv:national_network": "https://hepgis-usdot.hub.arcgis.com/apps/usdot::national-network-conventional-combination-trucks-map/explore", "wydot_ml_number": "10", "osm_id": 71494770}}, {"type": "Feature", "geometry": {"type": "LineString", "coordinates": [[-110.8024572, 43.5976327], [-110.8020107, 43.5978227], [-110.8008008, 43.5983832], [-110.7986608, 43.5993745], [-110.7980727, 43.5996469], [-110.7978943, 43.5997431], [-110.797776, 43.5998338]]}, "properties": {"cycleway": "shared_lane", "highway": "secondary", "maxlength": "23'", "maxwidth": "8'", "name": "Moose-Wilson Road", "tiger:cfcc": "A41", "tiger:county": "Teton, WY", "tiger:name_base": "Moose Wilson", "tiger:name_type": "Rd", "trailer": "no", "osm_id": 71537748}}, {"type": "Feature", "geometry": {"type": "LineString", "coordinates": [[-110.5994457, 44.3169385], [-110.5996281, 44.3164309], [-110.5997421, 44.3161366], [-110.5998614, 44.3158075], [-110.6000972, 44.3151617], [-110.6001884, 44.314938], [-110.6003578, 44.3144615], [-110.6004458, 44.3141872], [-110.600552, 44.313913], [-110.6006526, 44.3136342], [-110.6007652, 44.3133195], [-110.6008747, 44.3130093], [-110.6009944, 44.3126856], [-110.6011119, 44.3123574], [-110.6012325, 44.3120247], [-110.6013499, 44.311692], [-110.6014697, 44.3113593], [-110.6015877, 44.311024], [-110.6017023, 44.3106984], [-110.6017827, 44.3104593], [-110.6019198, 44.3100666], [-110.6020352, 44.3097771], [-110.6021646, 44.3094225], [-110.6022915, 44.3090799], [-110.6024104, 44.3087517], [-110.6025356, 44.3084416], [-110.602675, 44.3080954], [-110.6027995, 44.3077582], [-110.6029374, 44.3074301], [-110.6030791, 44.307093], [-110.6032279, 44.3067559], [-110.603397, 44.3064234], [-110.6035565, 44.3061223], [-110.6037025, 44.3057797], [-110.6038629, 44.3054516], [-110.6040342, 44.305122], [-110.6041915, 44.3048056], [-110.6043552, 44.304482], [-110.6045359, 44.3041676], [-110.604751, 44.3038712], [-110.6050308, 44.3036156], [-110.605422, 44.3033728], [-110.6057378, 44.3031993], [-110.6061168, 44.3029971], [-110.606504, 44.3028014], [-110.6069053, 44.3026095], [-110.6073486, 44.3024078], [-110.6077983, 44.3022389], [-110.6081524, 44.3021424], [-110.6086827, 44.3019972], [-110.6091591, 44.3018503], [-110.609584, 44.3017192], [-110.6099174, 44.301586], [-110.6101102, 44.3014978], [-110.6103017, 44.3013919], [-110.6104669, 44.3012943], [-110.6106264, 44.3011775], [-110.6107995, 44.3010495], [-110.6109566, 44.3009089], [-110.6112469, 44.3006539], [-110.6115618, 44.3003801], [-110.6118494, 44.3001165], [-110.6119891, 44.2999669], [-110.6121192, 44.2998142], [-110.6122251, 44.2996549], [-110.6123172, 44.299502], [-110.612378, 44.2993795], [-110.6124485, 44.2992063], [-110.6124853, 44.2990579], [-110.6125233, 44.2988426], [-110.6125658, 44.2984737], [-110.6125956, 44.2980911], [-110.6126264, 44.2976997], [-110.6126758, 44.2973396], [-110.6127486, 44.2970432], [-110.6128125, 44.2968311], [-110.6128755, 44.2966471], [-110.6130209, 44.2963145], [-110.6131776, 44.2959819], [-110.613349, 44.2956522], [-110.6135293, 44.2952935], [-110.6136729, 44.2949977], [-110.6138403, 44.2946697], [-110.6140156, 44.2943462], [-110.6142377, 44.2940408], [-110.6144721, 44.2937764], [-110.6146444, 44.2936144], [-110.6148173, 44.2934756], [-110.6151971, 44.2932167], [-110.6155595, 44.2930005], [-110.6159383, 44.2927591], [-110.6163284, 44.2925221], [-110.6167134, 44.2922784], [-110.616972, 44.2921149], [-110.617104, 44.2920338], [-110.6174973, 44.2917875], [-110.6175832, 44.2917333], [-110.6178946, 44.2915368], [-110.618302, 44.291286], [-110.6187211, 44.2910399], [-110.6191425, 44.2908027], [-110.6195663, 44.2905745], [-110.61999, 44.2903553], [-110.6204027, 44.2901551], [-110.6208213, 44.2899626], [-110.6211671, 44.2898021], [-110.6214841, 44.2896681], [-110.6218393, 44.2895288], [-110.622257, 44.2893624], [-110.6226714, 44.2892034], [-110.6231174, 44.2890349], [-110.6234096, 44.2889228], [-110.6237532, 44.2887791], [-110.6239726, 44.2886752], [-110.624312, 44.2884754], [-110.6244881, 44.2883519], [-110.6246545, 44.288219], [-110.6249805, 44.2879635], [-110.6253368, 44.2877261], [-110.6257135, 44.2875115], [-110.626104, 44.2872774], [-110.6264454, 44.287031], [-110.6265856, 44.2869071], [-110.6267284, 44.2867669], [-110.6268485, 44.286621], [-110.6269581, 44.2864542], [-110.6270604, 44.2862936], [-110.6271512, 44.2861237]]}, "properties": {"hgv": "no", "highway": "secondary", "maxspeed": "45 mph", "name": "South Entrance Road", "nps:route_desc": "PRIMARY ROUTE", "source": "National Park Service", "unsigned_ref": "US 89;US 191;US 287", "osm_id": 104736455}}, {"type": "Feature", "geometry": {"type": "LineString", "coordinates": [[-110.6676542, 44.1368606], [-110.6669323, 44.1357103], [-110.6662148, 44.1347423]]}, "properties": {"attribution": "US National Park Service", "hgv": "no", "highway": "secondary", "import": "tetonroad_20090805", "maxspeed": "15 mph", "name": "South Entrance Road", "nfs:teton:OBJECTID": "2;76;4752;5036", "oneway": "yes", "unsigned_ref": "US 89;US 191;US 287", "osm_id": 104736459}}, {"type": "Feature", "geometry": {"type": "LineString", "coordinates": [[-110.6662148, 44.1347423], [-110.6665331, 44.1354161], [-110.666755, 44.1357376], [-110.6669595, 44.1360085], [-110.6676542, 44.1368606]]}, "properties": {"hgv": "no", "highway": "secondary", "maxspeed": "15 mph", "name": "South Entrance Road", "oneway": "yes", "source": "Bing", "toll": "yes", "unsigned_ref": "US 89;US 191;US 287", "osm_id": 104736463}}, {"type": "Feature", "geometry": {"type": "LineString", "coordinates": [[-110.6636579, 44.131662], [-110.6640145, 44.1319171], [-110.6642385, 44.132098], [-110.6644506, 44.1322833], [-110.6645697, 44.1324128], [-110.6646965, 44.1325594], [-110.6649844, 44.1329448], [-110.6651416, 44.1331776], [-110.6652856, 44.1333775], [-110.6655766, 44.1337988], [-110.6660732, 44.1345244], [-110.6662148, 44.1347423]]}, "properties": {"attribution": "US National Park Service", "hgv": "no", "highway": "secondary", "import": "tetonroad_20090805", "maxspeed": "25 mph", "name": "South Entrance Road", "nfs:teton:OBJECTID": "2;76;4752;5036;4256;4257;4330;4475;4476;5036;5037;5423;5424;77;4329;4332", "shoulder": "yes", "unsigned_ref": "US 89;US 191;US 287", "wydot_ml_number": "10", "osm_id": 104736469}}, {"type": "Feature", "geometry": {"type": "LineString", "coordinates": [[-110.6743652, 44.1549303], [-110.6744644, 44.1547687], [-110.6745408, 44.1546215], [-110.6746066, 44.1544723], [-110.6746683, 44.1542867], [-110.6747018, 44.1541317], [-110.6747246, 44.153971], [-110.6747313, 44.1537689], [-110.6747259, 44.1536266], [-110.6747017, 44.1534514], [-110.6746602, 44.1532676], [-110.6745932, 44.1530665], [-110.6745154, 44.1528885], [-110.6744134, 44.1527125], [-110.6742887, 44.1525306], [-110.6741865, 44.1524104], [-110.6740888, 44.1523066], [-110.6739289, 44.1521409], [-110.6737784, 44.1520119], [-110.6736654, 44.1519212], [-110.6734781, 44.1517702]]}, "properties": {"attribution": "US National Park Service", "hgv": "no", "highway": "secondary", "import": "tetonroad_20090805", "maxspeed": "35 mph", "name": "South Entrance Road", "nfs:teton:OBJECTID": "2;76;4752;5036", "nps:route_desc": "PRIMARY ROUTE", "source": "National Park Service", "unsigned_ref": "US 89;US 191;US 287", "osm_id": 106471276}}, {"type": "Feature", "geometry": {"type": "LineString", "coordinates": [[-110.6250996, 44.2815928], [-110.6250629, 44.28127], [-110.6251022, 44.2809711], [-110.6251413, 44.2807952], [-110.6252153, 44.2806075], [-110.6253934, 44.2802943], [-110.6254483, 44.2802195], [-110.6256076, 44.2800024], [-110.6258358, 44.279706], [-110.6260665, 44.2793917], [-110.6262988, 44.2790638], [-110.6264952, 44.2787133], [-110.6266426, 44.2783402], [-110.6267476, 44.2779534], [-110.6268315, 44.2775666], [-110.6269114, 44.2771842], [-110.6269898, 44.2768063], [-110.6270666, 44.2764239], [-110.6271498, 44.2760326], [-110.6272306, 44.2756412], [-110.627317, 44.2752408], [-110.6273961, 44.2748495], [-110.62748, 44.2744716], [-110.6275887, 44.2741254], [-110.6277341, 44.2737882], [-110.6279023, 44.2734556], [-110.6280853, 44.2731186], [-110.6282793, 44.2727861], [-110.6284873, 44.2724672], [-110.6287242, 44.2721574], [-110.6290152, 44.2718415], [-110.6293018, 44.2715698], [-110.6295991, 44.271315], [-110.6299183, 44.2710423], [-110.6302401, 44.2707581], [-110.6307659, 44.270299]]}, "properties": {"hgv": "no", "highway": "secondary", "maxspeed": "45 mph", "name": "South Entrance Road", "nps:route_desc": "PRIMARY ROUTE", "source": "National Park Service", "unsigned_ref": "US 89;US 191;US 287", "osm_id": 106471278}}, {"type": "Feature", "geometry": {"type": "LineString", "coordinates": [[-110.6307659, 44.270299], [-110.6310689, 44.270057], [-110.6316054, 44.269575], [-110.631879, 44.2693426], [-110.6321472, 44.2691006], [-110.6323645, 44.2689143], [-110.6326059, 44.2686934], [-110.6328027, 44.2685018], [-110.6330028, 44.2683726], [-110.633263, 44.268194], [-110.633499, 44.2680596], [-110.6337485, 44.2679424]]}, "properties": {"hgv": "no", "highway": "secondary", "maxspeed": "35 mph", "name": "South Entrance Road", "nps:route_desc": "PRIMARY ROUTE", "source": "National Park Service", "unsigned_ref": "US 89;US 191;US 287", "osm_id": 106471279}}, {"type": "Feature", "geometry": {"type": "LineString", "coordinates": [[-110.6730514, 44.1514626], [-110.6721783, 44.150828], [-110.6717125, 44.1504848], [-110.6713504, 44.1502135], [-110.6711277, 44.1500422], [-110.6709226, 44.1498633], [-110.6706852, 44.1496121], [-110.6705095, 44.14941], [-110.6703928, 44.1492532], [-110.6702614, 44.1490491], [-110.6701581, 44.148849], [-110.6700723, 44.1486777], [-110.6700026, 44.1485151], [-110.6699382, 44.1483438], [-110.6698992, 44.148185], [-110.6698644, 44.1480407], [-110.6698309, 44.1478607], [-110.6698095, 44.1476577], [-110.669796, 44.1474113], [-110.6698027, 44.1469715], [-110.6697992, 44.1462276], [-110.6698006, 44.1457223], [-110.6698026, 44.1452622], [-110.6698097, 44.144545], [-110.6698191, 44.1437576], [-110.6698258, 44.1431328], [-110.6698225, 44.1425145], [-110.6698127, 44.1420526], [-110.6697974, 44.1417998], [-110.6697753, 44.1415544], [-110.6697276, 44.141258], [-110.6696543, 44.1408587], [-110.6695601, 44.1404875], [-110.6694889, 44.1402253], [-110.669416, 44.1399899], [-110.6693347, 44.1397518], [-110.6692292, 44.1394956], [-110.6690682, 44.1391226], [-110.6688961, 44.1387778], [-110.6687218, 44.138465]]}, "properties": {"attribution": "US National Park Service", "hgv": "no", "highway": "secondary", "import": "tetonroad_20090805", "maxspeed": "35 mph", "name": "South Entrance Road", "nfs:teton:OBJECTID": "2;76;4752;5036", "unsigned_ref": "US 89;US 191;US 287", "osm_id": 106471282}}, {"type": "Feature", "geometry": {"type": "LineString", "coordinates": [[-110.6271512, 44.2861237], [-110.627216, 44.285947], [-110.6272605, 44.2857742], [-110.6272978, 44.2855976], [-110.627309, 44.2854188], [-110.6273071, 44.2852568], [-110.6272901, 44.2850676], [-110.627092, 44.284355], [-110.6269741, 44.2839997], [-110.6268235, 44.2836616], [-110.6266845, 44.283453], [-110.6265736, 44.2833107], [-110.6265003, 44.2832374], [-110.6263305, 44.2830854], [-110.6260222, 44.2828371], [-110.6258453, 44.2827049], [-110.6256781, 44.2825663], [-110.6255597, 44.2824322], [-110.6254276, 44.2822764], [-110.6253129, 44.2821058], [-110.6252387, 44.2819593], [-110.6251641, 44.2817956], [-110.6250996, 44.2815928]]}, "properties": {"hgv": "no", "highway": "secondary", "maxspeed": "25 mph", "name": "South Entrance Road", "nps:route_desc": "PRIMARY ROUTE", "source": "National Park Service", "unsigned_ref": "US 89;US 191;US 287", "osm_id": 106471283}}, {"type": "Feature", "geometry": {"type": "LineString", "coordinates": [[-110.6337485, 44.2679424], [-110.6346336, 44.2675352]]}, "properties": {"bridge": "yes", "hgv": "no", "highway": "secondary", "layer": "1", "maxspeed": "35 mph", "name": "South Entrance Road", "nps:route_desc": "PRIMARY ROUTE", "source": "National Park Service", "unsigned_ref": "US 89;US 191;US 287", "osm_id": 106471284}}, {"type": "Feature", "geometry": {"type": "LineString", "coordinates": [[-110.6687218, 44.138465], [-110.6685193, 44.1381407], [-110.6683141, 44.1378259], [-110.6677723, 44.1370261], [-110.6676542, 44.1368606]]}, "properties": {"attribution": "US National Park Service", "hgv": "no", "highway": "secondary", "import": "tetonroad_20090805", "maxspeed": "25 mph", "name": "South Entrance Road", "nfs:teton:OBJECTID": "2;76;4752;5036", "unsigned_ref": "US 89;US 191;US 287", "osm_id": 106471285}}, {"type": "Feature", "geometry": {"type": "LineString", "coordinates": [[-110.6346336, 44.2675352], [-110.6348991, 44.2673892], [-110.6350735, 44.2672471], [-110.6352559, 44.2670493], [-110.6354544, 44.2668207], [-110.6357172, 44.2665365], [-110.6359559, 44.2662983], [-110.6361759, 44.2661331], [-110.6365246, 44.2659449], [-110.6369403, 44.2657125], [-110.6372139, 44.265553], [-110.6374605, 44.2653341], [-110.6375679, 44.2652284], [-110.6376967, 44.2650632]]}, "properties": {"hgv": "no", "highway": "secondary", "maxspeed": "35 mph", "name": "South Entrance Road", "nps:route_desc": "PRIMARY ROUTE", "source": "National Park Service", "unsigned_ref": "US 89;US 191;US 287", "osm_id": 106471286}}, {"type": "Feature", "geometry": {"type": "LineString", "coordinates": [[-110.66555, 44.110668], [-110.665428, 44.11182], [-110.665276, 44.112686], [-110.665077, 44.113548], [-110.664833, 44.114403], [-110.6644747, 44.1153566], [-110.664307, 44.115803], [-110.663925, 44.116627], [-110.663498, 44.117443], [-110.66256, 44.119034], [-110.662262, 44.119572], [-110.662125, 44.119846], [-110.661896, 44.120396], [-110.661392, 44.122093], [-110.6608965, 44.123935], [-110.6603763, 44.1257823], [-110.6601392, 44.1266382], [-110.6600596, 44.1269462], [-110.660011, 44.127216], [-110.659996, 44.127506], [-110.6600056, 44.1277989], [-110.660057, 44.128086], [-110.660133, 44.128368], [-110.6602541, 44.1286654], [-110.6603928, 44.1289191], [-110.6604794, 44.1290707], [-110.6606051, 44.1292428], [-110.6607425, 44.1294187], [-110.6609273, 44.1296165], [-110.6611159, 44.129806], [-110.6614423, 44.1300583], [-110.6617736, 44.1302949], [-110.6627163, 44.1309776], [-110.6636579, 44.131662]]}, "properties": {"attribution": "US National Park Service", "hgv": "designated", "hgv:national_network": "yes", "highway": "primary", "import": "tetonroad_20090805", "lanes": "2", "maxspeed": "45 mph", "name": "John D. Rockefeller Jr. Memorial Parkway", "nfs:teton:OBJECTID": "4256;4257;4330;4475;4476;5036;5037;5423;5424;77;4329;4332", "ref": "US 89;US 191;US 287", "shoulder": "yes", "source:hgv:national_network": "https://hepgis-usdot.hub.arcgis.com/apps/usdot::national-network-conventional-combination-trucks-map/explore", "surface": "asphalt", "wydot_ml_number": "10", "osm_id": 106471686}}, {"type": "Feature", "geometry": {"type": "LineString", "coordinates": [[-110.6682175, 44.0981301], [-110.6677029, 44.0990454]]}, "properties": {"attribution": "US National Park Service", "hgv": "designated", "hgv:national_network": "yes", "highway": "primary", "import": "tetonroad_20090805", "lanes": "2", "maxspeed": "35 mph", "name": "John D. Rockefeller Jr. Memorial Parkway", "nfs:teton:OBJECTID": "339;4250;4331;4546;4545", "ref": "US 89;US 191;US 287", "source:hgv:national_network": "https://hepgis-usdot.hub.arcgis.com/apps/usdot::national-network-conventional-combination-trucks-map/explore", "surface": "asphalt", "wydot_ml_number": "10", "osm_id": 106471689}}, {"type": "Feature", "geometry": {"type": "LineString", "coordinates": [[-110.5140323, 43.8450472], [-110.5151877, 43.8454479], [-110.515686, 43.845638], [-110.516029, 43.845798], [-110.516335, 43.845989], [-110.516617, 43.846195], [-110.516861, 43.846428], [-110.517075, 43.846676], [-110.517242, 43.846939], [-110.517372, 43.847214], [-110.517456, 43.847492], [-110.5175253, 43.8480288]]}, "properties": {"attribution": "US National Park Service", "hgv": "designated", "hgv:national_network": "yes", "highway": "primary", "import": "tetonroad_20090805", "lanes": "2", "maxspeed": "25 mph", "name": "North Park Road", "nfs:teton:OBJECTID": "339;4250;4331;4546;4545;5005;5007;5008", "ref": "US 89;US 191;US 287", "source:hgv:national_network": "https://hepgis-usdot.hub.arcgis.com/apps/usdot::national-network-conventional-combination-trucks-map/explore", "surface": "asphalt", "wydot_ml_number": "10", "osm_id": 106472569}}, {"type": "Feature", "geometry": {"type": "LineString", "coordinates": [[-110.5128452, 43.8381324], [-110.513023, 43.837822], [-110.513161, 43.837547], [-110.513336, 43.836987], [-110.513382, 43.836693], [-110.513412, 43.836113], [-110.513268, 43.833214], [-110.513229, 43.83205], [-110.513252, 43.83147], [-110.513283, 43.831181], [-110.513382, 43.830612], [-110.513451, 43.830326], [-110.513611, 43.829758], [-110.513809, 43.829197], [-110.514061, 43.828644], [-110.514351, 43.828106], [-110.514687, 43.827576]]}, "properties": {"NHS": "yes", "hgv": "designated", "hgv:national_network": "yes", "highway": "trunk", "lanes": "2", "maxspeed": "45 mph", "name": "North Highway 89", "ref": "US 26;US 89;US 191", "source:hgv:national_network": "https://hepgis-usdot.hub.arcgis.com/apps/usdot::national-network-conventional-combination-trucks-map/explore", "surface": "paved", "wydot_ml_number": "10", "osm_id": 106472570}}, {"type": "Feature", "geometry": {"type": "LineString", "coordinates": [[-110.5714013, 43.8781297], [-110.571426, 43.878365], [-110.571526, 43.878937], [-110.5716687, 43.8795324], [-110.5717921, 43.8798263], [-110.5721395, 43.8807417], [-110.5721958, 43.8809428], [-110.5722468, 43.8811603], [-110.5722561, 43.8813623], [-110.5722494, 43.8815469], [-110.5722079, 43.8818079], [-110.57209, 43.882362], [-110.5719906, 43.882703], [-110.5719155, 43.8829969], [-110.571827, 43.8834666], [-110.5717814, 43.8837856]]}, "properties": {"attribution": "US National Park Service", "hgv": "designated", "hgv:national_network": "yes", "highway": "primary", "import": "tetonroad_20090805", "lanes": "2", "maxspeed": "35 mph", "name": "North Park Road", "nfs:teton:OBJECTID": "339;4250;4331;4546;4545;5005;5007;5008", "ref": "US 89;US 191;US 287", "source:hgv:national_network": "https://hepgis-usdot.hub.arcgis.com/apps/usdot::national-network-conventional-combination-trucks-map/explore", "surface": "paved", "wydot_ml_number": "10", "osm_id": 106472572}}, {"type": "Feature", "geometry": {"type": "LineString", "coordinates": [[-110.5127247, 43.8443891], [-110.5128637, 43.8445095], [-110.513199, 43.844715], [-110.513542, 43.844868], [-110.5140323, 43.8450472]]}, "properties": {"attribution": "US National Park Service", "hgv": "designated", "hgv:national_network": "yes", "highway": "primary", "import": "tetonroad_20090805", "lanes": "2", "maxspeed": "15 mph", "name": "North Park Road", "nfs:teton:OBJECTID": "339;4250;4331;4546;4545;5005;5007;5008", "ref": "US 89;US 191;US 287", "source:hgv:national_network": "https://hepgis-usdot.hub.arcgis.com/apps/usdot::national-network-conventional-combination-trucks-map/explore", "surface": "paved", "wydot_ml_number": "10", "osm_id": 106472573}}, {"type": "Feature", "geometry": {"type": "LineString", "coordinates": [[-110.5177925, 43.850388], [-110.5178415, 43.8508716]]}, "properties": {"attribution": "US National Park Service", "bridge": "yes", "hgv": "designated", "hgv:national_network": "yes", "highway": "primary", "import": "tetonroad_20090805", "lanes": "2", "layer": "1", "maxspeed": "45 mph", "name": "North Park Road", "nfs:teton:OBJECTID": "339;4250;4331;4546;4545;5005;5007;5008", "ref": "US 89;US 191;US 287", "source:hgv:national_network": "https://hepgis-usdot.hub.arcgis.com/apps/usdot::national-network-conventional-combination-trucks-map/explore", "surface": "asphalt", "wydot_ml_number": "10", "osm_id": 106472576}}, {"type": "Feature", "geometry": {"type": "LineString", "coordinates": [[-110.5717814, 43.8837856], [-110.5717715, 43.8840845], [-110.571762, 43.884369], [-110.571823, 43.885239], [-110.57206, 43.886677], [-110.572075, 43.886967], [-110.572044, 43.887547], [-110.572006, 43.887836], [-110.571938, 43.888123], [-110.571404, 43.889824], [-110.571289, 43.890396], [-110.571236, 43.890976], [-110.5712661, 43.8917452], [-110.57132, 43.892136], [-110.571442, 43.892708], [-110.571632, 43.893272], [-110.571747, 43.893547], [-110.571869, 43.893822], [-110.572174, 43.89436], [-110.572525, 43.894878], [-110.572723, 43.89513], [-110.573135, 43.89563], [-110.573792, 43.896362], [-110.574249, 43.896835], [-110.574738, 43.897301], [-110.575768, 43.898193], [-110.576859, 43.89904], [-110.5780211, 43.8997963], [-110.5783058, 43.8999913], [-110.5796091, 43.9007866], [-110.5801734, 43.9010895], [-110.5812, 43.901604], [-110.581879, 43.901913], [-110.583267, 43.902493], [-110.584709, 43.903008], [-110.5858458, 43.9033657], [-110.5868452, 43.9036367]]}, "properties": {"attribution": "US National Park Service", "hgv": "designated", "hgv:national_network": "yes", "highway": "primary", "import": "tetonroad_20090805", "lanes": "2", "maxspeed": "45 mph", "name": "North Park Road", "nfs:teton:OBJECTID": "339;4250;4331;4546;4545;5005;5007;5008", "ref": "US 89;US 191;US 287", "source:hgv:national_network": "https://hepgis-usdot.hub.arcgis.com/apps/usdot::national-network-conventional-combination-trucks-map/explore", "surface": "paved", "wydot_ml_number": "10", "osm_id": 106472585}}, {"type": "Feature", "geometry": {"type": "LineString", "coordinates": [[-110.5175253, 43.8480288], [-110.517593, 43.848644], [-110.517731, 43.849781], [-110.5177925, 43.850388]]}, "properties": {"attribution": "US National Park Service", "hgv": "designated", "hgv:national_network": "yes", "highway": "primary", "import": "tetonroad_20090805", "lanes": "2", "maxspeed": "45 mph", "name": "North Park Road", "nfs:teton:OBJECTID": "339;4250;4331;4546;4545;5005;5007;5008", "ref": "US 89;US 191;US 287", "source:hgv:national_network": "https://hepgis-usdot.hub.arcgis.com/apps/usdot::national-network-conventional-combination-trucks-map/explore", "surface": "asphalt", "wydot_ml_number": "10", "osm_id": 106472587}}, {"type": "Feature", "geometry": {"type": "LineString", "coordinates": [[-110.5705622, 43.8660653], [-110.5711709, 43.8664746], [-110.5713575, 43.8666182], [-110.5715538, 43.8667976], [-110.5716812, 43.866941], [-110.5720334, 43.8674212], [-110.5721896, 43.8676862], [-110.5724656, 43.8682484], [-110.5728359, 43.8689395], [-110.5730918, 43.8694547], [-110.5731731, 43.8696776], [-110.5732837, 43.8700533], [-110.573341, 43.870468], [-110.5734099, 43.8710412], [-110.5733864, 43.8714768], [-110.5733397, 43.8717599], [-110.5732807, 43.872007], [-110.5732099, 43.8722166], [-110.5731381, 43.8724061], [-110.572975, 43.872746], [-110.5724767, 43.8737031], [-110.5721724, 43.8743635], [-110.571898, 43.8749355], [-110.5716725, 43.87552], [-110.5715181, 43.8760972], [-110.571449, 43.876339], [-110.571423, 43.8766058]]}, "properties": {"attribution": "US National Park Service", "hgv": "designated", "hgv:national_network": "yes", "highway": "primary", "import": "tetonroad_20090805", "lanes": "2", "maxspeed": "35 mph", "name": "North Park Road", "nfs:teton:OBJECTID": "339;4250;4331;4546;4545;5005;5007;5008", "ref": "US 89;US 191;US 287", "source:hgv:national_network": "https://hepgis-usdot.hub.arcgis.com/apps/usdot::national-network-conventional-combination-trucks-map/explore", "surface": "paved", "wydot_ml_number": "10", "osm_id": 106472590}}, {"type": "Feature", "geometry": {"type": "LineString", "coordinates": [[-110.5123608, 43.8387057], [-110.512504, 43.8385573], [-110.5126903, 43.8383458], [-110.5128452, 43.8381324]]}, "properties": {"NHS": "yes", "bridge": "yes", "hgv": "designated", "hgv:national_network": "yes", "highway": "trunk", "lanes": "2", "maxspeed": "45 mph", "name": "North Highway 89", "ref": "US 26;US 89;US 191", "source:hgv:national_network": "https://hepgis-usdot.hub.arcgis.com/apps/usdot::national-network-conventional-combination-trucks-map/explore", "surface": "concrete", "wydot_ml_number": "10", "osm_id": 106472596}}, {"type": "Feature", "geometry": {"type": "LineString", "coordinates": [[-110.5178415, 43.8508716], [-110.517937, 43.851814], [-110.51799, 43.8521], [-110.518089, 43.852383], [-110.518227, 43.85265], [-110.518402, 43.852913], [-110.518616, 43.853153], [-110.51886, 43.853378], [-110.51915, 43.853584], [-110.519463, 43.853764], [-110.520462, 43.854248], [-110.521461, 43.854725], [-110.524162, 43.855988], [-110.525459, 43.85667], [-110.529762, 43.859268], [-110.53804, 43.864307], [-110.538658, 43.864677], [-110.539314, 43.865009], [-110.5394762, 43.8650742], [-110.540024, 43.865276], [-110.540398, 43.865383], [-110.540779, 43.865475], [-110.541161, 43.865547], [-110.541557, 43.865608], [-110.5457124, 43.8661084], [-110.547104, 43.866276], [-110.54789, 43.866371], [-110.549873, 43.866608], [-110.550262, 43.866692], [-110.550629, 43.866814], [-110.551682, 43.867229], [-110.552048, 43.867344], [-110.5525306, 43.8674137], [-110.5528187, 43.8674316], [-110.5530372, 43.8674257], [-110.553566, 43.867374], [-110.55394, 43.867264], [-110.555305, 43.866661], [-110.555679, 43.86655], [-110.556068, 43.866482], [-110.556473, 43.866451], [-110.55687, 43.866451], [-110.559265, 43.866554], [-110.560066, 43.866566], [-110.56086, 43.866531], [-110.561256, 43.866497], [-110.56205, 43.866402], [-110.562828, 43.866264], [-110.566299, 43.865528], [-110.567085, 43.865414], [-110.5678049, 43.8653878]]}, "properties": {"attribution": "US National Park Service", "hgv": "designated", "hgv:national_network": "yes", "highway": "primary", "import": "tetonroad_20090805", "lanes": "2", "maxspeed": "45 mph", "name": "North Park Road", "nfs:teton:OBJECTID": "339;4250;4331;4546;4545;5005;5007;5008", "ref": "US 89;US 191;US 287", "source:hgv:national_network": "https://hepgis-usdot.hub.arcgis.com/apps/usdot::national-network-conventional-combination-trucks-map/explore", "surface": "asphalt", "wydot_ml_number": "10", "osm_id": 106472598}}, {"type": "Feature", "geometry": {"type": "LineString", "coordinates": [[-110.571423, 43.8766058], [-110.571365, 43.877201], [-110.571365, 43.877785], [-110.5714013, 43.8781297]]}, "properties": {"attribution": "US National Park Service", "bridge": "yes", "hgv": "designated", "hgv:national_network": "yes", "highway": "primary", "import": "tetonroad_20090805", "lanes": "2", "layer": "1", "maxspeed": "35 mph", "name": "North Park Road", "nfs:teton:OBJECTID": "339;4250;4331;4546;4545;5005;5007;5008", "ref": "US 89;US 191;US 287", "source:hgv:national_network": "https://hepgis-usdot.hub.arcgis.com/apps/usdot::national-network-conventional-combination-trucks-map/explore", "surface": "paved", "wydot_ml_number": "10", "osm_id": 106472599}}, {"type": "Feature", "geometry": {"type": "LineString", "coordinates": [[-110.5127247, 43.8443891], [-110.5126223, 43.8441247], [-110.5122799, 43.8437704], [-110.5120013, 43.8435318], [-110.5118273, 43.8434819]]}, "properties": {"attribution": "US National Park Service", "hgv": "designated", "hgv:national_network": "yes", "highway": "primary", "import": "tetonroad_20090805", "lanes": "1", "maxspeed": "15 mph", "name": "North Park Road", "nfs:teton:OBJECTID": "339;4250;4331;4546;4545;5005;5007;5008", "oneway": "yes", "ref": "US 89;US 191;US 287", "source:hgv:national_network": "https://hepgis-usdot.hub.arcgis.com/apps/usdot::national-network-conventional-combination-trucks-map/explore", "surface": "asphalt", "wydot_ml_number": "10", "osm_id": 106472600}}, {"type": "Feature", "geometry": {"type": "LineString", "coordinates": [[-110.5118273, 43.8434819], [-110.5118786, 43.8436288], [-110.5121855, 43.843938], [-110.512439, 43.8441661], [-110.5127247, 43.8443891]]}, "properties": {"attribution": "US National Park Service", "hgv": "designated", "hgv:national_network": "yes", "highway": "primary", "import": "tetonroad_20090805", "lanes": "3", "maxspeed": "15 mph", "name": "North Park Road", "nfs:teton:OBJECTID": "339;4250;4331;4546;4545;5005;5007;5008", "oneway": "yes", "ref": "US 89;US 191;US 287", "source:hgv:national_network": "https://hepgis-usdot.hub.arcgis.com/apps/usdot::national-network-conventional-combination-trucks-map/explore", "surface": "asphalt", "toll": "yes", "wydot_ml_number": "10", "osm_id": 106472604}}, {"type": "Feature", "geometry": {"type": "LineString", "coordinates": [[-110.7166561, 43.7524593], [-110.7153228, 43.7541032], [-110.715263, 43.754177], [-110.714905, 43.754696], [-110.714218, 43.755741], [-110.713585, 43.756805], [-110.713005, 43.757885], [-110.712608, 43.758705], [-110.712128, 43.759811], [-110.7117796, 43.760729], [-110.711403, 43.761772], [-110.711067, 43.762611], [-110.710663, 43.763428], [-110.710205, 43.764233], [-110.709679, 43.765018], [-110.708733, 43.766293], [-110.708565, 43.76656], [-110.708336, 43.767109], [-110.708252, 43.767391], [-110.708199, 43.767677], [-110.708176, 43.767963], [-110.708176, 43.768253], [-110.708214, 43.768543], [-110.708382, 43.769112], [-110.708496, 43.769386], [-110.708824, 43.769913], [-110.70903, 43.770164], [-110.709259, 43.770401], [-110.709503, 43.770626], [-110.710289, 43.771282], [-110.7108, 43.771732], [-110.711014, 43.771976], [-110.711197, 43.77224], [-110.711324, 43.7724637], [-110.7114244, 43.7726399], [-110.7114708, 43.7728106], [-110.7114794, 43.7728405], [-110.7115189, 43.7730686], [-110.7115344, 43.7733721], [-110.7115189, 43.7735524], [-110.7114794, 43.7737448], [-110.7113934, 43.7739423], [-110.711273, 43.77422], [-110.711121, 43.774487], [-110.71077, 43.775005], [-110.710617, 43.775269], [-110.710503, 43.775543], [-110.710442, 43.775829], [-110.710434, 43.776115], [-110.710472, 43.776402], [-110.710564, 43.776684], [-110.711349, 43.778332], [-110.711456, 43.778614], [-110.711525, 43.778896], [-110.711555, 43.779186], [-110.711525, 43.779476], [-110.711441, 43.779762], [-110.711311, 43.780033], [-110.711143, 43.7803], [-110.710274, 43.781265], [-110.710075, 43.781517], [-110.70974, 43.78204], [-110.709602, 43.78231], [-110.709488, 43.782589], [-110.709084, 43.78371], [-110.708855, 43.784267], [-110.708557, 43.784809], [-110.708374, 43.785069], [-110.707962, 43.785564], [-110.707474, 43.786022], [-110.706383, 43.786865], [-110.705872, 43.787312], [-110.705437, 43.7878], [-110.705032, 43.7883], [-110.704803, 43.78854], [-110.704544, 43.788761], [-110.704247, 43.78896], [-110.703934, 43.789131], [-110.702911, 43.789585], [-110.702606, 43.789768], [-110.702324, 43.789978], [-110.7021169, 43.790169], [-110.701851, 43.79044], [-110.701195, 43.791168], [-110.700729, 43.791645], [-110.700195, 43.792076], [-110.699898, 43.792271], [-110.699577, 43.79245], [-110.698898, 43.792747], [-110.698532, 43.792873], [-110.698158, 43.792976], [-110.69738, 43.793129], [-110.6965461, 43.7932461], [-110.6963513, 43.7932735], [-110.696196, 43.7932957], [-110.695816, 43.79335], [-110.695435, 43.79343], [-110.694695, 43.793652], [-110.693611, 43.794025], [-110.69323, 43.794128], [-110.692841, 43.794201], [-110.692444, 43.794231], [-110.692039, 43.794231], [-110.691246, 43.794155], [-110.690849, 43.794136], [-110.690453, 43.794159], [-110.690063, 43.794224], [-110.689697, 43.794331], [-110.689362, 43.794483], [-110.689056, 43.794674], [-110.688805, 43.794895], [-110.68795, 43.795883], [-110.687698, 43.796108], [-110.686836, 43.796711], [-110.686569, 43.796928], [-110.686104, 43.797398], [-110.685905, 43.797649], [-110.68573, 43.797909], [-110.685585, 43.79818], [-110.685471, 43.798454], [-110.685303, 43.799019], [-110.685089, 43.799877], [-110.68499, 43.800159], [-110.684845, 43.800434], [-110.684654, 43.800694], [-110.684433, 43.80093], [-110.684166, 43.801151], [-110.683868, 43.801342], [-110.68354, 43.80151], [-110.6833377, 43.8015867], [-110.682816, 43.80175], [-110.682426, 43.801823], [-110.68203, 43.801857], [-110.6818578, 43.801857], [-110.681625, 43.801857], [-110.681433, 43.801842], [-110.681229, 43.801826], [-110.68045, 43.801693], [-110.679291, 43.801472], [-110.678894, 43.801437], [-110.678497, 43.801449], [-110.677704, 43.801537], [-110.677307, 43.801559], [-110.676903, 43.801537], [-110.676514, 43.801468], [-110.67614, 43.801357], [-110.675812, 43.801201], [-110.674629, 43.800423], [-110.674309, 43.800255], [-110.673958, 43.800125], [-110.673576, 43.800034], [-110.672012, 43.799759], [-110.671631, 43.799679], [-110.671257, 43.799568], [-110.670906, 43.799423], [-110.670586, 43.799248], [-110.670288, 43.799053], [-110.669724, 43.798634], [-110.669144, 43.798244], [-110.668831, 43.798069], [-110.668503, 43.797913], [-110.668152, 43.797775], [-110.667786, 43.797657], [-110.665901, 43.7971927], [-110.6654981, 43.7970989], [-110.6651119, 43.7970548], [-110.664726, 43.7970417], [-110.6643027, 43.7970796], [-110.6637843, 43.7971961], [-110.6632164, 43.7973579], [-110.6610692, 43.7980406], [-110.6590979, 43.7986526], [-110.6589275, 43.7987056], [-110.6587496, 43.7987616], [-110.6581767, 43.7989424], [-110.6580155, 43.7989934], [-110.6578707, 43.799039], [-110.6566108, 43.7994376], [-110.6558717, 43.7997084], [-110.6555246, 43.7998737], [-110.6539818, 43.8006899], [-110.6536022, 43.8008617], [-110.65331, 43.8009616], [-110.652974, 43.8010418], [-110.6526588, 43.8010863], [-110.6523956, 43.8010986], [-110.64994, 43.801047], [-110.6488108, 43.8010227], [-110.6480533, 43.8010617], [-110.6476468, 43.8011004], [-110.6468652, 43.801265], [-110.6461396, 43.8014716], [-110.6422714, 43.8028008], [-110.6422235, 43.8028171], [-110.6420656, 43.8028715], [-110.6418153, 43.8029585], [-110.6408257, 43.8033035], [-110.640636, 43.8033696], [-110.6404989, 43.8034172], [-110.6327864, 43.8060945], [-110.6287844, 43.8074586], [-110.6285935, 43.8075239], [-110.6283875, 43.8075913], [-110.6244006, 43.8089004], [-110.6240538, 43.8090349], [-110.623402, 43.8093115], [-110.6227521, 43.8096864], [-110.6224941, 43.8098496], [-110.622178, 43.8100831], [-110.6218686, 43.8103183], [-110.6216519, 43.8104895], [-110.619186, 43.812435], [-110.618965, 43.812679], [-110.618782, 43.812935], [-110.618645, 43.813206], [-110.6166504, 43.8184719], [-110.6150117, 43.8229619], [-110.614693, 43.823849], [-110.614662, 43.824135], [-110.61467, 43.8267122], [-110.6147167, 43.8282069], [-110.6146905, 43.8286151], [-110.6146451, 43.8289392], [-110.6145462, 43.8292788], [-110.6144151, 43.8295964], [-110.6141821, 43.8300668], [-110.6113547, 43.8353703], [-110.6112313, 43.8355445], [-110.6111294, 43.8358115], [-110.6110275, 43.8360166], [-110.6109738, 43.8361868], [-110.610947, 43.8363416], [-110.6109095, 43.8366008], [-110.6109095, 43.8367711], [-110.6109256, 43.8368833], [-110.6109524, 43.8370187], [-110.6109685, 43.8371619], [-110.6110221, 43.8373283], [-110.6111133, 43.8375372], [-110.6113354, 43.8379165], [-110.6114156, 43.8380885], [-110.6114844, 43.8382619], [-110.6115328, 43.8384099], [-110.6115716, 43.8385516], [-110.6115857, 43.8387005], [-110.6115928, 43.8388503], [-110.6115892, 43.8389899], [-110.6115672, 43.8391612], [-110.6114417, 43.8396227]]}, "properties": {"attribution": "US National Park Service", "highway": "secondary", "import": "tetonroad_20090805", "maxspeed": "45 mph", "name": "Teton Park Road", "network": "JHGrandTetonNP", "nfs:teton:OBJECTID": "1411;1408;5530", "piste:difficulty": "intermediate", "piste:grooming": "classic;skating", "piste:lit": "no", "piste:name": "Taggart to Signal Mtn", "piste:oneway": "no", "piste:priority": "3", "piste:type": "nordic;hike", "osm_id": 107498190}}, {"type": "Feature", "geometry": {"type": "LineString", "coordinates": [[-110.5915646, 43.8542557], [-110.5913938, 43.8544208], [-110.590754, 43.8549023], [-110.5900387, 43.8554018], [-110.5898542, 43.8555618], [-110.5896877, 43.855736], [-110.5895523, 43.8559328], [-110.589478, 43.856163], [-110.58947, 43.856453], [-110.5894978, 43.8566031], [-110.589523, 43.856739], [-110.589551, 43.8568428], [-110.589567, 43.8569023], [-110.5895858, 43.8569691], [-110.5895915, 43.8570034], [-110.589608, 43.8570466], [-110.5896846, 43.8572399]]}, "properties": {"attribution": "US National Park Service", "highway": "secondary", "import": "tetonroad_20090805", "maxspeed": "25 mph", "name": "Teton Park Road", "nfs:teton:OBJECTID": "1411; 1408;5530", "osm_id": 107498192}}, {"type": "Feature", "geometry": {"type": "LineString", "coordinates": [[-110.6101405, 43.8432407], [-110.6099042, 43.8436329], [-110.6097286, 43.8438205], [-110.6095167, 43.8440032], [-110.6092919, 43.8441597], [-110.6088659, 43.8443703], [-110.6086382, 43.8444529], [-110.6084041, 43.8445188], [-110.6081471, 43.8445679], [-110.607709, 43.8446117], [-110.6072054, 43.8446052], [-110.6059814, 43.8445462], [-110.6056917, 43.8445452], [-110.605132, 43.8445718], [-110.6018994, 43.8450166], [-110.601418, 43.84507], [-110.599838, 43.845291], [-110.599068, 43.845436], [-110.598686, 43.845531], [-110.59832, 43.845642], [-110.59761, 43.845905], [-110.5972929, 43.8460697], [-110.5966487, 43.8464253], [-110.5957393, 43.8470847], [-110.5946091, 43.8480917], [-110.5944968, 43.8481925], [-110.5940336, 43.8486231], [-110.5938217, 43.8488717], [-110.5936433, 43.8491068], [-110.5934939, 43.8493632], [-110.5934217, 43.8495057], [-110.5933921, 43.8495755], [-110.5932585, 43.8498988], [-110.5928476, 43.8511733], [-110.59246, 43.8523287], [-110.5922477, 43.8528888], [-110.5920604, 43.853333], [-110.5918443, 43.8537841], [-110.5917032, 43.8540365], [-110.5915646, 43.8542557]]}, "properties": {"attribution": "US National Park Service", "highway": "secondary", "import": "tetonroad_20090805", "maxspeed": "45 mph", "name": "Teton Park Road", "nfs:teton:OBJECTID": "1411; 1408;5530", "osm_id": 107498193}}, {"type": "Feature", "geometry": {"type": "LineString", "coordinates": [[-110.6114417, 43.8396227], [-110.6110772, 43.8406749], [-110.6109295, 43.8411012]]}, "properties": {"attribution": "US National Park Service", "highway": "secondary", "import": "tetonroad_20090805", "lanes": "2", "lit": "no", "maxspeed": "35 mph", "name": "Teton Park Road", "nfs:teton:OBJECTID": "1411;1408;5530", "piste:difficulty": "intermediate", "piste:grooming": "classic;skating", "piste:lit": "no", "piste:name": "Jenny Lake to Signal Mtn", "piste:oneway": "no", "piste:priority": "3", "piste:type": "nordic;hike", "surface": "asphalt", "osm_id": 107498194}}, {"type": "Feature", "geometry": {"type": "LineString", "coordinates": [[-110.587578, 43.861713], [-110.587189, 43.861774], [-110.586784, 43.861801], [-110.586388, 43.861794], [-110.585991, 43.861763], [-110.583214, 43.8615], [-110.582817, 43.861481], [-110.582016, 43.861504], [-110.581619, 43.861546], [-110.580055, 43.861809], [-110.579659, 43.861858], [-110.5761955, 43.8621536], [-110.575691, 43.862228], [-110.57531, 43.862316], [-110.574936, 43.862419], [-110.574577, 43.862541], [-110.574226, 43.862686], [-110.573898, 43.862846], [-110.573578, 43.863022], [-110.573288, 43.863216], [-110.573006, 43.863426], [-110.572754, 43.863651], [-110.572525, 43.863888], [-110.570651, 43.8659659], [-110.5705622, 43.8660653]]}, "properties": {"attribution": "US National Park Service", "highway": "secondary", "import": "tetonroad_20090805", "maxspeed": "45 mph", "name": "Teton Park Road", "nfs:teton:OBJECTID": "1785;4735;5117;5118;4998;4999", "osm_id": 107498196}}, {"type": "Feature", "geometry": {"type": "LineString", "coordinates": [[-110.5384377, 43.7906598], [-110.538826, 43.789558], [-110.539162, 43.788719], [-110.5396993, 43.7875301], [-110.5400115, 43.7868979], [-110.540199, 43.786518], [-110.540649, 43.785717], [-110.54097, 43.785191], [-110.541824, 43.783878], [-110.542564, 43.782848], [-110.543152, 43.782093], [-110.543762, 43.781345], [-110.544189, 43.780853], [-110.544853, 43.780128], [-110.545776, 43.779179], [-110.546509, 43.778488], [-110.547516, 43.777596], [-110.548035, 43.777157], [-110.548843, 43.776512], [-110.549416, 43.7761], [-110.550003, 43.775707], [-110.550911, 43.775143], [-110.551544, 43.774788], [-110.552528, 43.774288], [-110.553207, 43.773979], [-110.553902, 43.773685], [-110.55485, 43.7733197], [-110.555687, 43.773026], [-110.5566544, 43.7727405], [-110.55793, 43.772411], [-110.559868, 43.772049], [-110.560654, 43.771938], [-110.56144, 43.771847], [-110.5637374, 43.7716542], [-110.564621, 43.77158], [-110.565407, 43.771477], [-110.566185, 43.771343], [-110.566948, 43.771175], [-110.567703, 43.770977], [-110.568443, 43.77076], [-110.569168, 43.770512], [-110.569519, 43.77037], [-110.5702221, 43.7700449], [-110.570839, 43.769722], [-110.571144, 43.769535], [-110.571709, 43.769119], [-110.57196, 43.768894], [-110.572197, 43.768661], [-110.572617, 43.768166], [-110.573692, 43.766617], [-110.574112, 43.766121], [-110.574341, 43.765884], [-110.574577, 43.765652], [-110.575096, 43.765209], [-110.575371, 43.764996], [-110.576958, 43.7638901], [-110.5770218, 43.7638431], [-110.5775219, 43.7634744], [-110.578217, 43.762962], [-110.579552, 43.76189], [-110.580574, 43.760998], [-110.582779, 43.758926], [-110.583595, 43.758289], [-110.584175, 43.757889], [-110.585106, 43.757339], [-110.585777, 43.757027], [-110.5858759, 43.7569906], [-110.586494, 43.756763], [-110.586868, 43.756657], [-110.587631, 43.756493], [-110.588028, 43.756432], [-110.588814, 43.756344], [-110.589218, 43.756329], [-110.589615, 43.756329], [-110.590012, 43.756348], [-110.591995, 43.756531], [-110.592392, 43.756554], [-110.592789, 43.756561], [-110.593185, 43.75655], [-110.59359, 43.756519], [-110.593979, 43.756466], [-110.594368, 43.75639], [-110.594742, 43.756294], [-110.595116, 43.756184], [-110.595467, 43.756046], [-110.596146, 43.755726], [-110.597382, 43.75499], [-110.598038, 43.75465], [-110.598373, 43.754501], [-110.598732, 43.754368], [-110.599464, 43.754131], [-110.600601, 43.753853], [-110.601768, 43.753639], [-110.602547, 43.75354], [-110.603745, 43.753448], [-110.604942, 43.753422], [-110.605339, 43.753429], [-110.60614, 43.753471], [-110.6068763, 43.7535424], [-110.606934, 43.753548], [-110.608109, 43.753719], [-110.609268, 43.75396], [-110.610016, 43.754154], [-110.612595, 43.754948], [-110.6139166, 43.7553368], [-110.61483, 43.755581], [-110.615601, 43.755733], [-110.616394, 43.755817], [-110.616798, 43.755833], [-110.617599, 43.755817], [-110.617996, 43.755791], [-110.618393, 43.755745], [-110.618782, 43.75568], [-110.619164, 43.755596], [-110.619919, 43.75539], [-110.620285, 43.755268], [-110.620636, 43.755131], [-110.620979, 43.754974], [-110.62162, 43.754631], [-110.621925, 43.75444], [-110.622749, 43.753807], [-110.625076, 43.751816], [-110.626396, 43.750729], [-110.6272631, 43.7499743], [-110.628418, 43.748928], [-110.629623, 43.747772], [-110.630569, 43.746834], [-110.631935, 43.745403], [-110.633034, 43.74419], [-110.633888, 43.74321], [-110.636765, 43.739723], [-110.637627, 43.738747], [-110.638512, 43.737782], [-110.639648, 43.736591], [-110.640587, 43.735657], [-110.642036, 43.734268], [-110.644051, 43.732464], [-110.646156, 43.730721], [-110.647522, 43.729664], [-110.648911, 43.728622], [-110.655106, 43.724094], [-110.655647, 43.723671], [-110.656166, 43.723228], [-110.65641, 43.722996], [-110.656868, 43.722519], [-110.657288, 43.722027], [-110.657669, 43.721519], [-110.658012, 43.720997], [-110.658318, 43.720459], [-110.658585, 43.719913], [-110.65892, 43.719078], [-110.6592116, 43.7184388], [-110.659607, 43.717716], [-110.6600607, 43.7170585], [-110.660347, 43.716694], [-110.660774, 43.716202], [-110.662193, 43.714798], [-110.662422, 43.714561], [-110.662849, 43.714069], [-110.663239, 43.713558], [-110.663589, 43.713039], [-110.663895, 43.712502], [-110.664162, 43.711956], [-110.664391, 43.711399], [-110.664482, 43.711117], [-110.664642, 43.710548], [-110.664757, 43.709976], [-110.664833, 43.709396], [-110.664864, 43.708817], [-110.664864, 43.707363], [-110.6648865, 43.7070767], [-110.664932, 43.706497], [-110.665016, 43.705921], [-110.665192, 43.705063], [-110.665344, 43.704494], [-110.665527, 43.70393], [-110.665741, 43.703373], [-110.666115, 43.702545], [-110.666702, 43.701466], [-110.667213, 43.700684], [-110.667595, 43.700172], [-110.667992, 43.699669], [-110.668549, 43.6990367], [-110.6685825, 43.6989987], [-110.6687316, 43.6988374], [-110.669754, 43.697735], [-110.670364, 43.696987], [-110.670723, 43.696465], [-110.670883, 43.696201], [-110.67131, 43.695389], [-110.671646, 43.694553], [-110.671883, 43.693703], [-110.67202, 43.692837], [-110.672066, 43.691967], [-110.6720616, 43.6915972], [-110.67205, 43.690807], [-110.6721075, 43.6900864], [-110.672226, 43.689365], [-110.672455, 43.688511], [-110.672661, 43.68795], [-110.673141, 43.686844], [-110.673355, 43.686283], [-110.673538, 43.685719], [-110.673683, 43.685146], [-110.67392, 43.684002], [-110.674088, 43.683437], [-110.674202, 43.683159], [-110.674492, 43.682621], [-110.674803, 43.6821868], [-110.674858, 43.68211], [-110.675072, 43.681862], [-110.675545, 43.6814], [-110.675812, 43.681187], [-110.676392, 43.680786], [-110.677292, 43.680222], [-110.678474, 43.679443], [-110.679314, 43.678822], [-110.679848, 43.678391], [-110.680611, 43.677715], [-110.68132, 43.677017], [-110.681969, 43.676285], [-110.683174, 43.674782], [-110.683807, 43.674042], [-110.684509, 43.673336], [-110.685005, 43.672882], [-110.685791, 43.672222], [-110.686623, 43.671597], [-110.6875, 43.671001], [-110.689011, 43.670055], [-110.689598, 43.669666], [-110.69017, 43.669258], [-110.69072, 43.668839], [-110.691246, 43.668404], [-110.69175, 43.667953], [-110.6937791, 43.6659849], [-110.694736, 43.6650538], [-110.6985664, 43.6613283], [-110.699875, 43.660053], [-110.701035, 43.658875], [-110.70237, 43.657433], [-110.703232, 43.656452], [-110.703865, 43.655712], [-110.704475, 43.654964], [-110.7077541, 43.6509316], [-110.71006, 43.647934], [-110.712242, 43.645168], [-110.712807, 43.644402], [-110.71315, 43.643875], [-110.713615, 43.643074], [-110.714134, 43.641979], [-110.714638, 43.640575], [-110.7152863, 43.638494], [-110.716708, 43.6339954], [-110.717041, 43.632942], [-110.7195963, 43.6248747], [-110.720261, 43.62278], [-110.720596, 43.621643], [-110.72081, 43.620789], [-110.721092, 43.61935], [-110.7219372, 43.61421], [-110.7221146, 43.6131177], [-110.7239, 43.602371], [-110.7242096, 43.6007573], [-110.724525, 43.598633], [-110.724731, 43.597775], [-110.725006, 43.596928], [-110.7254427, 43.5958847], [-110.729988, 43.58622], [-110.730476, 43.585114], [-110.730904, 43.584], [-110.731094, 43.583435], [-110.7321324, 43.5801753], [-110.7326259, 43.578547], [-110.7328512, 43.5777465], [-110.733025, 43.576912]]}, "properties": {"NHS": "yes", "hgv": "designated", "hgv:national_network": "yes", "highway": "trunk", "lanes": "2", "maxspeed": "55 mph", "name": "North Highway 89", "ref": "US 26;US 89;US 191", "source:hgv:national_network": "https://hepgis-usdot.hub.arcgis.com/apps/usdot::national-network-conventional-combination-trucks-map/explore", "surface": "paved", "osm_id": 108531900}}, {"type": "Feature", "geometry": {"type": "LineString", "coordinates": [[-110.7110597, 43.6523415], [-110.7139302, 43.6535418]]}, "properties": {"attribution": "US National Park Service", "highway": "secondary", "import": "tetonroad_20090805", "lanes": "2", "maxspeed": "25 mph", "name": "Teton Park Road", "nfs:teton:OBJECTID": "1411; 1408;5530", "smoothness": "excellent", "surface": "asphalt", "osm_id": 108707358}}, {"type": "Feature", "geometry": {"type": "LineString", "coordinates": [[-110.7219833, 43.6609603], [-110.7221474, 43.6613816], [-110.7223059, 43.6618751]]}, "properties": {"attribution": "US National Park Service", "highway": "secondary", "import": "tetonroad_20090805", "maxspeed": "15 mph", "name": "Teton Park Road", "nfs:teton:OBJECTID": "1411; 1408;5530", "surface": "asphalt", "osm_id": 108707370}}, {"type": "Feature", "geometry": {"type": "LineString", "coordinates": [[-110.7223059, 43.6618751], [-110.7224338, 43.6626068], [-110.7224791, 43.6634861], [-110.7224339, 43.6640147], [-110.7223261, 43.6646196], [-110.7222625, 43.6648815], [-110.7221128, 43.6653314], [-110.7220264, 43.6655718], [-110.721705, 43.666238], [-110.7210991, 43.6673753], [-110.7209099, 43.6678299], [-110.7208466, 43.6680513], [-110.7208028, 43.6682822], [-110.720528, 43.67078], [-110.72052, 43.671066], [-110.720581, 43.671646], [-110.720726, 43.672215], [-110.72094, 43.672771], [-110.721237, 43.673309], [-110.721603, 43.673824], [-110.7244289, 43.6765715], [-110.7253521, 43.6774469], [-110.7281685, 43.6801683], [-110.729523, 43.681477], [-110.729973, 43.681953], [-110.730171, 43.682205], [-110.730545, 43.68272], [-110.730713, 43.682987], [-110.731003, 43.683529], [-110.731125, 43.683804], [-110.731232, 43.684082], [-110.7314, 43.684647], [-110.7315161, 43.6853535], [-110.7317305, 43.6873922]]}, "properties": {"attribution": "US National Park Service", "highway": "secondary", "import": "tetonroad_20090805", "lanes": "2", "maxspeed": "45 mph", "name": "Teton Park Road", "nfs:teton:OBJECTID": "1411; 1408;5530", "shoulder": "both", "smoothness": "excellent", "surface": "asphalt", "osm_id": 108707373}}, {"type": "Feature", "geometry": {"type": "LineString", "coordinates": [[-110.7267913, 43.6991974], [-110.726624, 43.699352], [-110.726212, 43.699844], [-110.725899, 43.700378], [-110.725777, 43.700657], [-110.725685, 43.700939], [-110.725586, 43.701511], [-110.7255795, 43.7022201], [-110.725578, 43.702381], [-110.725578, 43.702969], [-110.7255778, 43.7031237], [-110.725571, 43.707603], [-110.725609, 43.708183], [-110.725708, 43.708755], [-110.7258076, 43.7091369], [-110.7260543, 43.7098139], [-110.726349, 43.710426], [-110.727158, 43.711761], [-110.727295, 43.712032], [-110.7274435, 43.7124047], [-110.7274942, 43.7125316], [-110.7275678, 43.7127869], [-110.727676, 43.713161], [-110.727719, 43.7134554], [-110.7277536, 43.7136885], [-110.7277757, 43.7139165], [-110.727844, 43.714603], [-110.727966, 43.715176], [-110.728134, 43.71574], [-110.728592, 43.716846], [-110.7286749, 43.717268], [-110.7286862, 43.7173244], [-110.7286877, 43.7173567], [-110.728706, 43.717712], [-110.728683, 43.718002], [-110.728539, 43.718571], [-110.728416, 43.718849], [-110.728088, 43.719379], [-110.727348, 43.720402], [-110.726845, 43.721184], [-110.726433, 43.722], [-110.726212, 43.722557], [-110.726028, 43.723122], [-110.725883, 43.723694], [-110.725792, 43.724274], [-110.725723, 43.72514], [-110.725746, 43.725716], [-110.7258, 43.726295], [-110.725899, 43.726871], [-110.7260591, 43.7275992], [-110.7260938, 43.7277535], [-110.7263222, 43.7287135], [-110.7263526, 43.728846], [-110.726425, 43.72916], [-110.726585, 43.730022], [-110.726654, 43.730598], [-110.7267, 43.731472], [-110.726685, 43.732342], [-110.726601, 43.733212], [-110.726448, 43.734074], [-110.726379, 43.734364], [-110.726234, 43.734928], [-110.726051, 43.735493], [-110.725845, 43.736053], [-110.7257218, 43.7363308], [-110.7255179, 43.7368468], [-110.725204, 43.737431], [-110.7250067, 43.7378749], [-110.7249577, 43.7380323], [-110.72477, 43.738544], [-110.724632, 43.739113], [-110.7246047, 43.7393005], [-110.724548, 43.739689], [-110.724525, 43.740269], [-110.724556, 43.740845], [-110.724648, 43.741714], [-110.724655, 43.742294], [-110.724632, 43.742584], [-110.724541, 43.74316], [-110.724382, 43.7439561]]}, "properties": {"attribution": "US National Park Service", "highway": "secondary", "import": "tetonroad_20090805", "maxspeed": "45 mph", "name": "Teton Park Road", "network": "JHGrandTetonNP", "nfs:teton:OBJECTID": "1411;1408;5530", "piste:difficulty": "easy", "piste:grooming": "classic;skating", "piste:lit": "no", "piste:name": "Taggart to Jenny Lake", "piste:oneway": "no", "piste:priority": "3", "piste:type": "nordic;hike", "osm_id": 108707390}}, {"type": "Feature", "geometry": {"type": "LineString", "coordinates": [[-110.7317305, 43.6873922], [-110.7319578, 43.6894879], [-110.7322288, 43.6925182], [-110.7322872, 43.6932066], [-110.7323041, 43.6934356]]}, "properties": {"attribution": "US National Park Service", "highway": "secondary", "import": "tetonroad_20090805", "maxspeed": "30 mph", "name": "Teton Park Road", "nfs:teton:OBJECTID": "1411; 1408;5530", "osm_id": 108707399}}, {"type": "Feature", "geometry": {"type": "LineString", "coordinates": [[-110.9562814, 43.4987543], [-110.956378, 43.4989255], [-110.9565362, 43.4991103], [-110.9566408, 43.4992018], [-110.9568366, 43.4993146], [-110.9571049, 43.49941], [-110.957408, 43.4994567], [-110.9577352, 43.4994469], [-110.9579659, 43.4994119], [-110.9583253, 43.4993127], [-110.9589502, 43.4990578], [-110.9592667, 43.4989566], [-110.9595162, 43.4988866], [-110.9598541, 43.4988632], [-110.9601304, 43.498871], [-110.9604254, 43.4989372], [-110.9606695, 43.4990384], [-110.9608921, 43.4992037], [-110.961045, 43.49939], [-110.96113, 43.499532], [-110.961241, 43.499825], [-110.961434, 43.500737], [-110.9614688, 43.5008711], [-110.9615842, 43.5010871], [-110.9616986, 43.5012017], [-110.9618336, 43.5012914], [-110.9620804, 43.5013789], [-110.9622842, 43.5013809], [-110.962429, 43.5013653], [-110.9626463, 43.5013011], [-110.9629118, 43.5011649], [-110.9631693, 43.5009256], [-110.9634751, 43.5005404], [-110.9636816, 43.500338], [-110.9638962, 43.5002077], [-110.964161, 43.500116], [-110.964507, 43.500073], [-110.964882, 43.500107], [-110.9651381, 43.5001707], [-110.9657443, 43.5003672], [-110.9662002, 43.5004839], [-110.9665731, 43.5005267], [-110.966975, 43.500523], [-110.967295, 43.500514], [-110.967632, 43.500485], [-110.967731, 43.5004712], [-110.9677872, 43.5004633], [-110.9699821, 43.5001785], [-110.9719402, 43.4999606], [-110.973343, 43.4998341], [-110.974904, 43.4997427], [-110.9752983, 43.4997446], [-110.975669, 43.499798], [-110.976007, 43.499871], [-110.97616, 43.499929], [-110.976442, 43.500095], [-110.97664, 43.500309], [-110.976712, 43.500426], [-110.976787, 43.500662], [-110.97678, 43.500912], [-110.97669, 43.501158], [-110.976615, 43.501271], [-110.976423, 43.50147], [-110.97631, 43.501565], [-110.975581, 43.502081], [-110.975256, 43.502364], [-110.975099, 43.502578], [-110.97503, 43.502815], [-110.975057, 43.503037], [-110.975173, 43.503246], [-110.975384, 43.503433], [-110.97551, 43.50351], [-110.975809, 43.50362], [-110.976131, 43.503662], [-110.976436, 43.503628], [-110.976586, 43.503585], [-110.9768191, 43.5034762], [-110.9770498, 43.5033186], [-110.9772965, 43.5030132], [-110.9776345, 43.5025443], [-110.9780797, 43.5019898], [-110.9782836, 43.5017875], [-110.9784848, 43.5016377], [-110.9787503, 43.5014645], [-110.979097, 43.50129], [-110.97941, 43.501176], [-110.979711, 43.501135], [-110.980013, 43.501174], [-110.980157, 43.501231], [-110.980409, 43.501384], [-110.980607, 43.501589], [-110.980736, 43.50183], [-110.981098, 43.502827], [-110.981241, 43.503351], [-110.981351, 43.504009], [-110.9813708, 43.5042875], [-110.981374, 43.50465], [-110.981344, 43.5055267], [-110.9813735, 43.5057952], [-110.9814459, 43.5060539], [-110.9815478, 43.5062757], [-110.981683, 43.506487], [-110.982001, 43.506843], [-110.983317, 43.5080355], [-110.9833892, 43.5081009], [-110.984838, 43.509401], [-110.985187, 43.509662], [-110.9860723, 43.5101511]]}, "properties": {"check_date": "2024-06-27", "highway": "primary", "maxspeed": "55 mph", "name": "West Highway 22", "note": "road opened june 27 per wyoming dept of transportation", "ref": "WY 22", "source": "GPS survey", "source:construction": "https://www.wyoroad.info/pls/Browse/WRR.RoutesResults?SelectedRoute=WY22", "osm_id": 108816028}}, {"type": "Feature", "geometry": {"type": "LineString", "coordinates": [[-110.7911523, 43.4767263], [-110.7907004, 43.4759923], [-110.7903924, 43.4754919], [-110.7902665, 43.4752873], [-110.7900848, 43.4750491], [-110.7899358, 43.4748884], [-110.789751, 43.4747192], [-110.7894725, 43.4745014], [-110.7890886, 43.4742287], [-110.7890078, 43.4741703], [-110.7889077, 43.4740868], [-110.788802, 43.4739847], [-110.7887759, 43.4739525]]}, "properties": {"highway": "primary", "maxspeed": "30 mph", "name": "West Highway 22", "note": "intersection redesign 2018", "ref": "WY 22", "tiger:county": "Teton, WY", "wydot_ml_number": "2000", "osm_id": 108816051}}, {"type": "Feature", "geometry": {"type": "LineString", "coordinates": [[-110.792815, 43.479087], [-110.7926377, 43.4789018], [-110.7924866, 43.4787408], [-110.7922405, 43.4784288]]}, "properties": {"highway": "primary", "maxspeed": "30 mph", "name": "West Highway 22", "ref": "WY 22", "tiger:county": "Teton, WY", "wydot_ml_number": "2000", "osm_id": 108816082}}, {"type": "Feature", "geometry": {"type": "LineString", "coordinates": [[-110.8718359, 43.4980445], [-110.8714555, 43.4980285], [-110.8710364, 43.4980163], [-110.8706225, 43.4980187], [-110.8706159, 43.4980187], [-110.8699378, 43.4980124], [-110.8692866, 43.4980141], [-110.8692227, 43.4980149], [-110.8684664, 43.4980249], [-110.8681783, 43.498028], [-110.8670318, 43.498041]]}, "properties": {"highway": "primary", "maxspeed": "40 mph", "name": "West Highway 22", "ref": "WY 22", "tiger:county": "Teton, WY", "wydot_ml_number": "2000", "osm_id": 108816087}}, {"type": "Feature", "geometry": {"type": "LineString", "coordinates": [[-110.8989492, 43.4997796], [-110.89953, 43.499731], [-110.899917, 43.499668], [-110.900315, 43.499583], [-110.9005719, 43.4995248], [-110.9009555, 43.4994041], [-110.901325, 43.49925], [-110.901715, 43.499068], [-110.902247, 43.498752], [-110.902566, 43.498513], [-110.9035894, 43.4976881], [-110.9039565, 43.4973865], [-110.9043457, 43.4971628], [-110.9052462, 43.4966607], [-110.9059891, 43.4962424], [-110.906851, 43.4958046], [-110.907484, 43.4954836], [-110.9081123, 43.4951556], [-110.9084389, 43.4949855], [-110.9095757, 43.494394], [-110.9102064, 43.4940787], [-110.9105766, 43.4938472], [-110.9107751, 43.4937129], [-110.910981, 43.493467], [-110.9111989, 43.4931117], [-110.9115717, 43.4924598], [-110.911805, 43.492175], [-110.9120464, 43.4919947], [-110.9122074, 43.4918858], [-110.91254, 43.4917029], [-110.9128296, 43.4916056], [-110.9132078, 43.4915336], [-110.9135807, 43.4915063], [-110.9138972, 43.491518], [-110.9142995, 43.4915783], [-110.9150264, 43.4917282], [-110.916966, 43.492207], [-110.917541, 43.492373], [-110.918262, 43.492648], [-110.918603, 43.492816], [-110.919233, 43.493186], [-110.9203318, 43.4938822], [-110.920718, 43.4940826], [-110.9210345, 43.4942616], [-110.9219353, 43.4948518], [-110.9243417, 43.4962833], [-110.924581, 43.49648], [-110.9248674, 43.496686], [-110.9250981, 43.4969176], [-110.9252483, 43.4971102], [-110.9253904, 43.4973301], [-110.9254923, 43.4975635], [-110.9255701, 43.4978457], [-110.925616, 43.498077], [-110.925627, 43.498232], [-110.925602, 43.498537], [-110.925571, 43.498688], [-110.92546, 43.498984], [-110.925296, 43.499277], [-110.925097, 43.499559], [-110.924746, 43.499933], [-110.923991, 43.500637], [-110.923655, 43.501021], [-110.923378, 43.501429], [-110.9230891, 43.5019159], [-110.9229389, 43.5023225], [-110.9228718, 43.5026688], [-110.922837, 43.5029606], [-110.9228048, 43.5032816], [-110.922778, 43.5035209], [-110.9226948, 43.5037252], [-110.922581, 43.503964], [-110.922399, 43.504209], [-110.922106, 43.504554], [-110.9219921, 43.5048341], [-110.9219652, 43.5049898], [-110.9219947, 43.5051045], [-110.9220725, 43.5052388], [-110.9221852, 43.5053613], [-110.9224212, 43.505482], [-110.9226412, 43.5055287], [-110.9228826, 43.5055539], [-110.9232903, 43.5055851], [-110.9237301, 43.5056201], [-110.9239662, 43.5056784], [-110.9242183, 43.5057718]]}, "properties": {"check_date": "2024-06-27", "highway": "primary", "maxspeed": "55 mph", "name": "West Highway 22", "note": "road opened june 27 per wyoming dept of transportation", "ref": "WY 22", "source": "GPS survey", "source:construction": "https://www.wyoroad.info/pls/Browse/WRR.RoutesResults?SelectedRoute=WY22", "osm_id": 108816137}}, {"type": "Feature", "geometry": {"type": "LineString", "coordinates": [[-110.9266028, 43.5060247], [-110.9267652, 43.5057705], [-110.9269516, 43.5055234], [-110.9270695, 43.5054119], [-110.9272869, 43.5051986], [-110.9274074, 43.5051104], [-110.927586, 43.505003], [-110.927901, 43.504818], [-110.9282014, 43.5046746], [-110.9288022, 43.5044587], [-110.9303659, 43.5039859], [-110.9307414, 43.5038711], [-110.93105, 43.503752], [-110.9320021, 43.5032291], [-110.9322837, 43.5031377], [-110.9324876, 43.5031007], [-110.9327102, 43.5030929], [-110.932914, 43.5031221], [-110.9330696, 43.503161], [-110.933826, 43.5034412], [-110.934054, 43.5035054], [-110.9342364, 43.5035248], [-110.9344402, 43.5035209], [-110.934741, 43.503454], [-110.935029, 43.50333], [-110.93539, 43.503074], [-110.9368435, 43.5019237], [-110.9373263, 43.5016104], [-110.9378439, 43.5012933], [-110.93797, 43.5011591], [-110.938135, 43.500909], [-110.9382167, 43.5006571], [-110.938434, 43.5000014], [-110.9385547, 43.4997524], [-110.938879, 43.499421], [-110.939146, 43.499213], [-110.939294, 43.499122], [-110.939617, 43.498962], [-110.9400407, 43.4988166], [-110.9409177, 43.4985325], [-110.941462, 43.498304], [-110.94176, 43.498144], [-110.943015, 43.497338], [-110.943438, 43.497094], [-110.943742, 43.496952], [-110.944226, 43.496786], [-110.944549, 43.496724], [-110.945064, 43.496682], [-110.945429, 43.496692], [-110.945796, 43.496737], [-110.946163, 43.496806], [-110.946527, 43.496894], [-110.948193, 43.497382], [-110.9487069, 43.4975168], [-110.949256, 43.49761], [-110.9507266, 43.4977056], [-110.9514347, 43.4977095], [-110.9520972, 43.4976803], [-110.9528616, 43.497583], [-110.9537847, 43.4974612]]}, "properties": {"check_date": "2024-06-27", "highway": "primary", "maxspeed": "55 mph", "name": "West Highway 22", "note": "road opened june 27 per wyoming dept of transportation", "ref": "WY 22", "source": "GPS survey", "source:construction": "https://www.wyoroad.info/pls/Browse/WRR.RoutesResults?SelectedRoute=WY22", "osm_id": 108816155}}, {"type": "Feature", "geometry": {"type": "LineString", "coordinates": [[-110.8294985, 43.4964082], [-110.82925, 43.4962593], [-110.8290109, 43.4960971], [-110.8287849, 43.4959212], [-110.8285592, 43.4957223], [-110.8283659, 43.4955256], [-110.8281887, 43.4953191], [-110.8280056, 43.4950809], [-110.8278594, 43.4948446], [-110.8277405, 43.4946065], [-110.8276366, 43.4943561], [-110.8275646, 43.4941294], [-110.8275017, 43.4938883], [-110.8274597, 43.4936429], [-110.8274365, 43.4933864], [-110.8274211, 43.4930987], [-110.8274004, 43.4914373], [-110.8273467, 43.4865666], [-110.8273442, 43.4864114], [-110.8273382, 43.4862715], [-110.8273265, 43.4861295], [-110.827311, 43.4859944], [-110.8272873, 43.4858521], [-110.8272585, 43.4857049], [-110.8272249, 43.4855649], [-110.8271744, 43.4854038], [-110.8271057, 43.4852256], [-110.8270324, 43.4850617], [-110.8269497, 43.4848973], [-110.8268641, 43.4847433], [-110.826757, 43.4845886], [-110.8266195, 43.4844141], [-110.8264339, 43.4842106], [-110.82618, 43.483961], [-110.8259032, 43.4837375], [-110.8257999, 43.4836538], [-110.825418, 43.483419], [-110.825008, 43.48322], [-110.824557, 43.4830425], [-110.8240245, 43.4828709], [-110.822416, 43.4824382], [-110.8153014, 43.4805305], [-110.8142811, 43.4802552], [-110.8123469, 43.4797381], [-110.8110778, 43.4793965], [-110.8098169, 43.4790564], [-110.8091828, 43.4788869], [-110.8087804, 43.4787733], [-110.80828, 43.4786382], [-110.8079559, 43.4785541], [-110.8076163, 43.4784722], [-110.8072149, 43.4783867], [-110.8068217, 43.4783183], [-110.8063756, 43.478262], [-110.8059769, 43.4782264], [-110.8055654, 43.4782082], [-110.8051618, 43.4782051], [-110.8048174, 43.4782166], [-110.8045125, 43.4782386], [-110.8041059, 43.4782851], [-110.8036512, 43.4783483], [-110.8031345, 43.4784524], [-110.802693, 43.4785692], [-110.8022123, 43.4787258], [-110.8017926, 43.4788852], [-110.8013557, 43.4790773], [-110.8002894, 43.4795584], [-110.7994751, 43.47992], [-110.7990337, 43.4800909], [-110.7986614, 43.4802092], [-110.7982797, 43.4803072], [-110.7979311, 43.4803732], [-110.7976083, 43.4804189], [-110.7972899, 43.4804496], [-110.7969542, 43.4804653], [-110.7966016, 43.4804644], [-110.7962712, 43.4804461], [-110.7959188, 43.4804104], [-110.7955657, 43.4803587], [-110.7952676, 43.480301], [-110.7950175, 43.4802409], [-110.7947627, 43.4801682], [-110.7945113, 43.4800845], [-110.7943168, 43.4800124], [-110.7940808, 43.4799069], [-110.7938658, 43.4798033], [-110.7936426, 43.4796802], [-110.7934544, 43.4795708], [-110.7933522, 43.4795064]]}, "properties": {"highway": "primary", "maxspeed": "50 mph", "name": "West Highway 22", "ref": "WY 22", "tiger:county": "Teton, WY", "wydot_ml_number": "2000", "osm_id": 108816168}}, {"type": "Feature", "geometry": {"type": "LineString", "coordinates": [[-110.8618288, 43.4980609], [-110.8560365, 43.4980968], [-110.8536486, 43.498119], [-110.8535613, 43.498119], [-110.8519491, 43.4981324], [-110.8517314, 43.4981385], [-110.8514966, 43.4981495], [-110.8513871, 43.4981569], [-110.8513106, 43.498162], [-110.8512528, 43.4981667], [-110.8510838, 43.4981803], [-110.8508168, 43.4982124], [-110.8506439, 43.4982343], [-110.8503459, 43.4982817], [-110.8501288, 43.4983229], [-110.8499167, 43.4983674], [-110.8497055, 43.4984178], [-110.84951, 43.4984706], [-110.8492872, 43.4985357], [-110.848869, 43.4986722], [-110.8458431, 43.4997479]]}, "properties": {"highway": "primary", "maxspeed": "45 mph", "name": "West Highway 22", "ref": "WY 22", "tiger:county": "Teton, WY", "wydot_ml_number": "2000", "osm_id": 108816172}}, {"type": "Feature", "geometry": {"type": "LineString", "coordinates": [[-110.8766355, 43.4980566], [-110.8763476, 43.4980996], [-110.876173, 43.4981242], [-110.8759798, 43.4981449], [-110.8757978, 43.4981581], [-110.8756051, 43.498166], [-110.8754889, 43.4981683], [-110.8753699, 43.4981686], [-110.8752409, 43.4981674], [-110.8751132, 43.4981652], [-110.8750082, 43.4981633], [-110.8749215, 43.498161], [-110.8748642, 43.4981591], [-110.8748097, 43.4981573], [-110.8747851, 43.4981565], [-110.8746512, 43.4981512], [-110.8744561, 43.4981433], [-110.8743072, 43.4981361], [-110.8739287, 43.4981208]]}, "properties": {"highway": "primary", "maxspeed": "25 mph", "name": "West Highway 22", "ref": "WY 22", "tiger:county": "Teton, WY", "wydot_ml_number": "2000", "osm_id": 108816230}}, {"type": "Feature", "geometry": {"type": "LineString", "coordinates": [[-110.7723577, 43.4769441], [-110.7728428, 43.4766033], [-110.7733083, 43.4762808], [-110.7734537, 43.4761825], [-110.773622, 43.4760686], [-110.7738052, 43.4759586], [-110.7740695, 43.4757999], [-110.7742691, 43.4757064], [-110.774375, 43.4756568], [-110.7747567, 43.4754922], [-110.7750717, 43.475383], [-110.7753537, 43.4753034], [-110.7756888, 43.4752179], [-110.7759653, 43.4751699], [-110.776119, 43.4751476], [-110.7773685, 43.4749759], [-110.7775054, 43.4749579], [-110.778559, 43.4748196], [-110.7791487, 43.474747], [-110.7808008, 43.4745347], [-110.782509, 43.4743153], [-110.7826771, 43.4742934], [-110.7841436, 43.4741019]]}, "properties": {"NHS": "yes", "hgv": "designated", "hgv:national_network": "yes", "highway": "trunk", "lanes": "5", "lanes:backward": "2", "lanes:both_ways": "1", "lanes:forward": "2", "maxspeed": "30 mph", "name": "West Broadway Avenue", "postal_code": "83001", "ref": "US 26;US 89;US 189;US 191", "source:hgv:national_network": "https://hepgis-usdot.hub.arcgis.com/apps/usdot::national-network-conventional-combination-trucks-map/explore", "surface": "asphalt", "turn:lanes:both_ways": "left", "wydot_ml_number": "10", "osm_id": 108816245}}, {"type": "Feature", "geometry": {"type": "LineString", "coordinates": [[-110.8725344, 43.4980685], [-110.8718359, 43.4980445]]}, "properties": {"bridge": "yes", "highway": "primary", "layer": "1", "maxspeed": "25 mph", "name": "West Highway 22", "ref": "WY 22", "tiger:county": "Teton, WY", "wydot_ml_number": "2000", "osm_id": 108816249}}, {"type": "Feature", "geometry": {"type": "LineString", "coordinates": [[-111.1113361, 43.6052565], [-111.1113379, 43.6056655], [-111.1113186, 43.6058488], [-111.111296, 43.6059861], [-111.1112675, 43.6061327], [-111.1112235, 43.6063118], [-111.111059, 43.606808], [-111.1109435, 43.607171], [-111.1108831, 43.6073908], [-111.1108455, 43.607555]]}, "properties": {"highway": "primary", "name": "North Main Street", "ref": "ID 33", "surface": "asphalt", "tiger:cfcc": "A31", "tiger:county": "Teton, ID", "tiger:name_base": "Main", "tiger:name_base_1": "State Highway 33", "tiger:name_base_2": "State Highway 33 (Scenic)", "tiger:name_direction_prefix": "S", "tiger:name_type": "St", "osm_id": 108816281}}, {"type": "Feature", "geometry": {"type": "LineString", "coordinates": [[-110.9545175, 43.4973701], [-110.954895, 43.4973417], [-110.9550898, 43.4973613], [-110.9552496, 43.4973787], [-110.955336, 43.4974007], [-110.9554929, 43.4974624], [-110.955624, 43.4975402], [-110.9557745, 43.497653], [-110.9558925, 43.4977698], [-110.9559649, 43.4979118], [-110.9560162, 43.4980576], [-110.9562814, 43.4987543]]}, "properties": {"check_date": "2024-06-27", "highway": "primary", "maxspeed": "55 mph", "name": "West Highway 22", "note": "road opened june 27 per wyoming dept of transportation", "ref": "WY 22", "source": "Bing imagery", "source:construction": "https://www.wyoroad.info/pls/Browse/WRR.RoutesResults?SelectedRoute=WY22", "osm_id": 108816373}}, {"type": "Feature", "geometry": {"type": "LineString", "coordinates": [[-110.8989492, 43.4997796], [-110.8976926, 43.4998282], [-110.896664, 43.499868], [-110.895993, 43.499919], [-110.8954033, 43.5000404], [-110.895111, 43.5001257], [-110.89485, 43.500235], [-110.894606, 43.500331], [-110.8941427, 43.5005579], [-110.893375, 43.500997], [-110.8929223, 43.5012058], [-110.892616, 43.501319], [-110.891977, 43.50147], [-110.891452, 43.501551], [-110.8900387, 43.5016768], [-110.8892742, 43.5017412], [-110.8888644, 43.5017751], [-110.8885648, 43.5017991], [-110.8883824, 43.5018129], [-110.8881338, 43.5018357], [-110.8878821, 43.5018551], [-110.8876366, 43.5018679], [-110.8875234, 43.5018691], [-110.8873974, 43.5018673], [-110.8872684, 43.5018632], [-110.8871252, 43.5018528], [-110.8869446, 43.5018364], [-110.8867369, 43.5018085], [-110.8865839, 43.5017799], [-110.8864333, 43.5017463], [-110.8862464, 43.5017011], [-110.8861011, 43.5016557], [-110.8859511, 43.5016052], [-110.8857282, 43.5015178], [-110.8855041, 43.5014227], [-110.8853406, 43.5013469], [-110.8850534, 43.5012173], [-110.8847476, 43.5010845], [-110.884132, 43.5008046], [-110.8834989, 43.5005188], [-110.8831674, 43.5003671], [-110.8829935, 43.5002927], [-110.8828592, 43.5002383], [-110.8827307, 43.500193], [-110.8826166, 43.5001526], [-110.8824923, 43.5001138], [-110.8823401, 43.5000665], [-110.8821208, 43.5000031], [-110.881857, 43.4999293], [-110.8817363, 43.4998978], [-110.8816287, 43.4998679], [-110.8815283, 43.4998428], [-110.8813771, 43.4998], [-110.8811865, 43.4997438], [-110.8810408, 43.4996969], [-110.8808768, 43.4996359], [-110.8806159, 43.4995287], [-110.8804491, 43.4994511], [-110.8802812, 43.4993639], [-110.8800607, 43.4992327], [-110.8799094, 43.4991372], [-110.8797454, 43.4990249], [-110.8793718, 43.4987312], [-110.8790957, 43.4985162], [-110.8788241, 43.4983191]]}, "properties": {"highway": "primary", "maxspeed": "55 mph", "name": "West Highway 22", "ref": "WY 22", "tiger:county": "Teton, WY", "wydot_ml_number": "2000", "osm_id": 108816392}}, {"type": "Feature", "geometry": {"type": "LineString", "coordinates": [[-110.9266028, 43.5060247], [-110.9264575, 43.5061983], [-110.9263158, 43.5063185], [-110.926128, 43.5064333], [-110.9259644, 43.5064955], [-110.9257954, 43.506513], [-110.9255604, 43.5065189], [-110.9253548, 43.5064871], [-110.925171, 43.5064237], [-110.9249452, 43.5062971], [-110.9247977, 43.5061862], [-110.9246233, 43.5060461], [-110.92439, 43.5058691], [-110.9242183, 43.5057718]]}, "properties": {"check_date": "2024-06-27", "highway": "primary", "maxspeed": "55 mph", "name": "West Highway 22", "note": "road opened june 27 per wyoming dept of transportation", "ref": "WY 22", "source": "Bing imagery", "source:construction": "https://www.wyoroad.info/pls/Browse/WRR.RoutesResults?SelectedRoute=WY22", "osm_id": 108816421}}, {"type": "Feature", "geometry": {"type": "LineString", "coordinates": [[-111.124718, 43.599106], [-111.124127, 43.599739], [-111.123787, 43.600103], [-111.122942, 43.600978], [-111.122337, 43.601549], [-111.12203, 43.601758], [-111.121703, 43.601953], [-111.121445, 43.602069], [-111.1212129, 43.6021679]]}, "properties": {"highway": "primary", "lanes": "2", "maxspeed": "35 mph", "name": "West State Highway 31", "name_1": "State Highway 31 (Scenic)", "ref": "ID 31", "surface": "asphalt", "tiger:cfcc": "A31", "tiger:county": "Teton, ID", "tiger:name_base": "State Highway 31", "tiger:name_base_1": "State Highway 31 (Scenic)", "tiger:name_direction_prefix": "W", "osm_id": 108816443}}, {"type": "Feature", "geometry": {"type": "LineString", "coordinates": [[-110.7721612, 43.4129098], [-110.7724538, 43.4134082], [-110.7727083, 43.4139346], [-110.7730551, 43.4147298], [-110.7740617, 43.4169643], [-110.7746437, 43.4182652], [-110.774913, 43.4188594], [-110.7753892, 43.4199051], [-110.7756553, 43.4205088], [-110.7762239, 43.4217814], [-110.7764391, 43.422249], [-110.7768258, 43.4231048], [-110.7770865, 43.4236802], [-110.7773633, 43.424298], [-110.7777697, 43.4251923], [-110.7780674, 43.4258332], [-110.7781908, 43.4261108], [-110.778451, 43.4267011], [-110.7787245, 43.4273], [-110.7787604, 43.42738], [-110.7793844, 43.4287756], [-110.7795571, 43.4291609], [-110.7797201, 43.4294887], [-110.7798994, 43.4298275], [-110.7800925, 43.4301644], [-110.7806764, 43.4309672], [-110.7810286, 43.4313624], [-110.7813692, 43.4316954], [-110.7816991, 43.4319857], [-110.7821631, 43.4323889], [-110.7838047, 43.4337425], [-110.7841158, 43.4340269], [-110.7844606, 43.4343753], [-110.7847703, 43.4346969], [-110.785186, 43.4352053], [-110.7854167, 43.4355052], [-110.785583, 43.4357623], [-110.7858646, 43.4361966], [-110.786064, 43.436547], [-110.7861455, 43.4366898], [-110.7863842, 43.437206], [-110.786632, 43.437832], [-110.7868972, 43.4385357], [-110.7872432, 43.4395446], [-110.7875812, 43.4404132], [-110.7882223, 43.4418933], [-110.7888499, 43.4433363], [-110.7891691, 43.4440978], [-110.7895285, 43.4450715], [-110.789727, 43.445683], [-110.7900918, 43.4468825], [-110.7904082, 43.4478183], [-110.7910788, 43.4495269], [-110.7920766, 43.4518129], [-110.7924119, 43.4526697], [-110.792715, 43.4536296], [-110.792851, 43.4541466], [-110.7929905, 43.4547634]]}, "properties": {"NHS": "yes", "hgv": "designated", "hgv:national_network": "yes", "highway": "trunk", "lanes": "5", "lanes:backward": "2", "lanes:both_ways": "1", "lanes:forward": "2", "maxspeed": "55 mph", "name": "South Highway 89", "postal_code": "83001", "ref": "US 26;US 89;US 189;US 191", "source:hgv:national_network": "https://hepgis-usdot.hub.arcgis.com/apps/usdot::national-network-conventional-combination-trucks-map/explore", "surface": "asphalt", "tiger:name_base_1": "Broadway", "turn:lanes:both_ways": "left", "wydot_ml_number": "10", "osm_id": 118860970}}, {"type": "Feature", "geometry": {"type": "LineString", "coordinates": [[-110.4578693, 43.8401877], [-110.4571357, 43.8401732]]}, "properties": {"NHS": "yes", "attribution": "US National Park Service", "bridge": "yes", "hgv": "designated", "hgv:national_network": "yes", "highway": "trunk", "import": "tetonroad_20090805", "lanes": "2", "layer": "1", "name": "East Highway 287", "nfs:teton:OBJECTID": "918;906;905;904;902;901;900;899;898;897;896;895;893;890;889;885;881;903", "ref": "US 26;US 287", "source": "TIGER/Line\u00ae 2008 Place Shapefiles (http://www.census.gov/geo/www/tiger/)", "source:hgv:national_network": "https://hepgis-usdot.hub.arcgis.com/apps/usdot::national-network-conventional-combination-trucks-map/explore", "wydot_ml_number": "30", "osm_id": 125188918}}, {"type": "Feature", "geometry": {"type": "LineString", "coordinates": [[-110.441431, 43.8382612], [-110.4399733, 43.838123]]}, "properties": {"NHS": "yes", "attribution": "US National Park Service", "bridge": "yes", "hgv": "designated", "hgv:national_network": "yes", "highway": "trunk", "import": "tetonroad_20090805", "lanes": "2", "layer": "1", "name": "East Highway 287", "nfs:teton:OBJECTID": "918;906;905;904;902;901;900;899;898;897;896;895;893;890;889;885;881;903", "ref": "US 26;US 287", "source": "Bing", "source:hgv:national_network": "https://hepgis-usdot.hub.arcgis.com/apps/usdot::national-network-conventional-combination-trucks-map/explore", "wydot_ml_number": "30", "osm_id": 125188921}}, {"type": "Feature", "geometry": {"type": "LineString", "coordinates": [[-110.4399733, 43.838123], [-110.4388481, 43.8379921], [-110.4384782, 43.8379214], [-110.438045, 43.8378365], [-110.437464, 43.837661], [-110.4368536, 43.8374788], [-110.4357128, 43.8370574], [-110.4343535, 43.8365621], [-110.4317214, 43.8355677], [-110.4290977, 43.8346113], [-110.4257189, 43.8333624], [-110.4249714, 43.8330921], [-110.4245417, 43.8329549], [-110.423991, 43.8327962], [-110.4232851, 43.8326033], [-110.4228095, 43.83249], [-110.4218147, 43.8322531], [-110.421123, 43.8321194], [-110.4202072, 43.8319687], [-110.4195362, 43.8318737], [-110.4189056, 43.8318079], [-110.4177021, 43.8317176], [-110.4168015, 43.8316594], [-110.4128137, 43.8315632], [-110.4083029, 43.8314942], [-110.406003, 43.8314609], [-110.4049165, 43.8315195], [-110.4042841, 43.8315734], [-110.4039379, 43.8316359], [-110.4037599, 43.8316636], [-110.4033345, 43.8317543], [-110.4025773, 43.8319793], [-110.4022948, 43.8320633], [-110.4018688, 43.8322183], [-110.400501, 43.8327543], [-110.3999756, 43.8329659], [-110.3995, 43.8331349], [-110.3985889, 43.833416], [-110.3973813, 43.8337313], [-110.3962434, 43.8339754], [-110.3955908, 43.8340791], [-110.394088, 43.8342856], [-110.3932678, 43.834367], [-110.392764, 43.8343929], [-110.3922207, 43.8344186], [-110.3913319, 43.8344425], [-110.390483, 43.8344237], [-110.3896345, 43.8343691], [-110.3887468, 43.8342857], [-110.3873762, 43.834114], [-110.3867455, 43.8340034], [-110.3852567, 43.8336671], [-110.3845097, 43.833484], [-110.3838107, 43.8332944], [-110.3830825, 43.8330618], [-110.382435, 43.8328075], [-110.3817747, 43.8325545], [-110.3806672, 43.8320405], [-110.3787796, 43.8310088], [-110.3780444, 43.8304974], [-110.3770062, 43.8297056], [-110.3760771, 43.8288715], [-110.3756758, 43.8285334], [-110.3752447, 43.8282237], [-110.3748329, 43.8279571], [-110.3740967, 43.8275528], [-110.3731924, 43.8271762], [-110.3721592, 43.8268633], [-110.3716668, 43.8267533], [-110.3705432, 43.8265828], [-110.3700034, 43.8265302], [-110.3692217, 43.826454], [-110.3645165, 43.8260926], [-110.362682, 43.8259675], [-110.3615773, 43.8258777]]}, "properties": {"NHS": "yes", "attribution": "US National Park Service", "hgv": "designated", "hgv:national_network": "yes", "highway": "trunk", "import": "tetonroad_20090805", "lanes": "2", "name": "East Highway 287", "nfs:teton:OBJECTID": "918;906;905;904;902;901;900;899;898;897;896;895;893;890;889;885;881;903", "ref": "US 26;US 287", "source": "Bing", "source:hgv:national_network": "https://hepgis-usdot.hub.arcgis.com/apps/usdot::national-network-conventional-combination-trucks-map/explore", "wydot_ml_number": "30", "osm_id": 125188924}}, {"type": "Feature", "geometry": {"type": "LineString", "coordinates": [[-110.4571357, 43.8401732], [-110.4560548, 43.8401142], [-110.4551193, 43.8400316], [-110.4538669, 43.8398612], [-110.452466, 43.8396731], [-110.4508003, 43.8394034], [-110.4490274, 43.8390927], [-110.4480833, 43.8389496], [-110.4461467, 43.8387522], [-110.4448849, 43.8386239], [-110.4433182, 43.8384544]]}, "properties": {"NHS": "yes", "attribution": "US National Park Service", "hgv": "designated", "hgv:national_network": "yes", "highway": "trunk", "import": "tetonroad_20090805", "lanes": "2", "name": "East Highway 287", "nfs:teton:OBJECTID": "918;906;905;904;902;901;900;899;898;897;896;895;893;890;889;885;881;903", "ref": "US 26;US 287", "source": "Bing", "source:hgv:national_network": "https://hepgis-usdot.hub.arcgis.com/apps/usdot::national-network-conventional-combination-trucks-map/explore", "wydot_ml_number": "30", "osm_id": 125188931}}, {"type": "Feature", "geometry": {"type": "LineString", "coordinates": [[-110.3495926, 43.8240354], [-110.350129, 43.8240412]]}, "properties": {"NHS": "yes", "bridge": "yes", "hgv": "designated", "hgv:national_network": "yes", "highway": "trunk", "lanes": "2", "layer": "1", "name": "East Highway 287", "ref": "US 26;US 287", "source": "Bing", "source:hgv:national_network": "https://hepgis-usdot.hub.arcgis.com/apps/usdot::national-network-conventional-combination-trucks-map/explore", "tiger:cfcc": "A21", "tiger:county": "Fremont, WY:Teton, WY", "tiger:name_base": "Highway 26:United States Highway 26:United States Highway 287", "tiger:name_base_1": "United States Highway 26:United States Highway 287", "tiger:name_base_2": "United States Highway 287", "wydot_ml_number": "30", "osm_id": 125188948}}, {"type": "Feature", "geometry": {"type": "LineString", "coordinates": [[-109.9636871, 43.6998413], [-109.9633481, 43.7004949], [-109.9632676, 43.7006499], [-109.9631448, 43.7009197], [-109.9630487, 43.7012358], [-109.9630211, 43.7014207], [-109.9629989, 43.7018319], [-109.9630137, 43.7022071], [-109.9631748, 43.702668], [-109.9634113, 43.7031415], [-109.9636145, 43.7035516], [-109.9636444, 43.703612], [-109.9639289, 43.7042464], [-109.9642105, 43.7047947], [-109.9646693, 43.7055256], [-109.9654067, 43.7060819]]}, "properties": {"NHS": "yes", "hgv": "designated", "hgv:national_network": "yes", "highway": "trunk", "lanes": "2", "ref": "US 26;US 287", "source": "Bing", "source:hgv:national_network": "https://hepgis-usdot.hub.arcgis.com/apps/usdot::national-network-conventional-combination-trucks-map/explore", "tiger:cfcc": "A21", "tiger:county": "Fremont, WY:Teton, WY", "tiger:name_base": "Highway 26:United States Highway 26:United States Highway 287", "tiger:name_base_1": "United States Highway 26:United States Highway 287", "tiger:name_base_2": "United States Highway 287", "wydot_ml_number": "30", "osm_id": 125188951}}, {"type": "Feature", "geometry": {"type": "LineString", "coordinates": [[-110.350129, 43.8240412], [-110.3506467, 43.8240954], [-110.3514192, 43.8242193], [-110.352425, 43.824375], [-110.3529971, 43.8244738], [-110.3546885, 43.8247658], [-110.355772, 43.8249454], [-110.3577712, 43.8253021], [-110.358251, 43.8253889], [-110.3592602, 43.8255641], [-110.3602515, 43.8257422], [-110.3608847, 43.8258273], [-110.3615773, 43.8258777]]}, "properties": {"NHS": "yes", "hgv": "designated", "hgv:national_network": "yes", "highway": "trunk", "lanes": "2", "name": "East Highway 287", "ref": "US 26;US 287", "source": "Bing", "source:hgv:national_network": "https://hepgis-usdot.hub.arcgis.com/apps/usdot::national-network-conventional-combination-trucks-map/explore", "tiger:cfcc": "A21", "tiger:county": "Fremont, WY:Teton, WY", "tiger:name_base": "Highway 26:United States Highway 26:United States Highway 287", "tiger:name_base_1": "United States Highway 26:United States Highway 287", "tiger:name_base_2": "United States Highway 287", "wydot_ml_number": "30", "osm_id": 125188985}}, {"type": "Feature", "geometry": {"type": "LineString", "coordinates": [[-110.7933516, 43.4616668], [-110.7933503, 43.4618328]]}, "properties": {"NHS": "yes", "bridge": "yes", "hgv": "designated", "hgv:national_network": "yes", "highway": "trunk", "lanes": "5", "lanes:backward": "2", "lanes:both_ways": "1", "lanes:forward": "2", "layer": "1", "maxspeed": "40 mph", "name": "South Highway 89", "postal_code": "83001", "ref": "US 26;US 89;US 189;US 191", "source:hgv:national_network": "https://hepgis-usdot.hub.arcgis.com/apps/usdot::national-network-conventional-combination-trucks-map/explore", "surface": "asphalt", "tiger:name_base_1": "Broadway", "turn:lanes:both_ways": "left", "wydot_ml_number": "10", "osm_id": 143113501}}, {"type": "Feature", "geometry": {"type": "LineString", "coordinates": [[-110.7933503, 43.4618328], [-110.793348, 43.4622354], [-110.7933467, 43.4624663], [-110.7933474, 43.4625802], [-110.7933512, 43.4631612], [-110.7933524, 43.4633535], [-110.7933513, 43.4634374], [-110.7933562, 43.4639792], [-110.7933602, 43.4643007], [-110.7933619, 43.4643969], [-110.7933732, 43.4650184], [-110.793374, 43.4650709], [-110.7933699, 43.4653741], [-110.7933692, 43.4654319], [-110.7933586, 43.4657293], [-110.7933492, 43.465875], [-110.793343, 43.4659706], [-110.7933279, 43.4660909], [-110.7932947, 43.4663042], [-110.7932613, 43.4665189], [-110.7932142, 43.4667919], [-110.7932115, 43.4668058], [-110.7932075, 43.4668259], [-110.7931867, 43.4669148], [-110.7931358, 43.4670791], [-110.7930731, 43.4672893], [-110.7929947, 43.4675119], [-110.7928437, 43.4678737], [-110.792312, 43.4690132], [-110.7920853, 43.4695169], [-110.7916855, 43.4703726], [-110.7913609, 43.4711127], [-110.7912023, 43.4714239], [-110.7911044, 43.4716108]]}, "properties": {"NHS": "yes", "hgv": "designated", "hgv:national_network": "yes", "highway": "trunk", "lanes": "5", "lanes:backward": "2", "lanes:both_ways": "1", "lanes:forward": "2", "maxspeed": "40 mph", "name": "South Highway 89", "postal_code": "83001", "ref": "US 26;US 89;US 189;US 191", "source:hgv:national_network": "https://hepgis-usdot.hub.arcgis.com/apps/usdot::national-network-conventional-combination-trucks-map/explore", "surface": "asphalt", "turn:lanes:both_ways": "left", "wydot_ml_number": "10", "osm_id": 143113541}}, {"type": "Feature", "geometry": {"type": "LineString", "coordinates": [[-110.7623583, 43.4887373], [-110.7623379, 43.4889448], [-110.7623147, 43.4891167]]}, "properties": {"NHS": "yes", "bridge": "yes", "hgv": "designated", "hgv:national_network": "yes", "highway": "trunk", "lanes": "3", "layer": "1", "maxspeed": "25 mph", "name": "North Cache Street", "ref": "US 26;US 89;US 191", "sidewalk:left": "separate", "sidewalk:right": "no", "source:hgv:national_network": "https://hepgis-usdot.hub.arcgis.com/apps/usdot::national-network-conventional-combination-trucks-map/explore", "surface": "asphalt", "wydot_ml_number": "10", "osm_id": 143113556}}, {"type": "Feature", "geometry": {"type": "LineString", "coordinates": [[-110.7712615, 43.4777005], [-110.7714279, 43.4775841]]}, "properties": {"NHS": "yes", "bridge": "yes", "cycleway": "lane", "hgv": "designated", "hgv:national_network": "yes", "highway": "trunk", "lanes": "5", "lanes:backward": "2", "lanes:both_ways": "1", "lanes:forward": "2", "layer": "1", "maxspeed": "25 mph", "name": "West Broadway Avenue", "postal_code": "83001", "ref": "US 26;US 89;US 189;US 191", "source:hgv:national_network": "https://hepgis-usdot.hub.arcgis.com/apps/usdot::national-network-conventional-combination-trucks-map/explore", "surface": "asphalt", "turn:lanes:both_ways": "left", "wydot_ml_number": "10", "osm_id": 143113582}}, {"type": "Feature", "geometry": {"type": "LineString", "coordinates": [[-110.7623147, 43.4891167], [-110.7622129, 43.4896762], [-110.7621472, 43.4899681], [-110.7620975, 43.4901763]]}, "properties": {"NHS": "yes", "hgv": "designated", "hgv:national_network": "yes", "highway": "trunk", "lanes": "3", "maxspeed": "25 mph", "name": "North Cache Street", "ref": "US 26;US 89;US 191", "source:hgv:national_network": "https://hepgis-usdot.hub.arcgis.com/apps/usdot::national-network-conventional-combination-trucks-map/explore", "surface": "asphalt", "wydot_ml_number": "10", "osm_id": 143113610}}, {"type": "Feature", "geometry": {"type": "LineString", "coordinates": [[-110.7331598, 43.5698752], [-110.7331486, 43.5696367]]}, "properties": {"NHS": "yes", "attribution": "US National Park Service", "bridge": "yes", "hgv": "designated", "hgv:national_network": "yes", "highway": "trunk", "import": "tetonroad_20090805", "lanes": "2", "layer": "1", "maxspeed": "45 mph", "name": "North Highway 89", "nfs:teton:OBJECTID": "2897", "ref": "US 26;US 89;US 191", "source:hgv:national_network": "https://hepgis-usdot.hub.arcgis.com/apps/usdot::national-network-conventional-combination-trucks-map/explore", "surface": "paved", "wydot_ml_number": "10", "osm_id": 143114492}}, {"type": "Feature", "geometry": {"type": "LineString", "coordinates": [[-110.7329884, 43.559902], [-110.7329589, 43.5581728], [-110.7328173, 43.5485009], [-110.7328225, 43.5480922], [-110.7328688, 43.5476411], [-110.732943, 43.5471482], [-110.7330524, 43.546674], [-110.7332367, 43.5461171], [-110.7334233, 43.5456681], [-110.7347822, 43.5429326], [-110.734787, 43.542923], [-110.7358534, 43.5408421], [-110.7360391, 43.5404139], [-110.7362215, 43.5399113], [-110.7365074, 43.5389523], [-110.7365816, 43.5387035], [-110.736811, 43.5378928], [-110.7369683, 43.5374517], [-110.7371973, 43.5369752], [-110.7388642, 43.5341867], [-110.7391364, 43.5336457], [-110.7393503, 43.5331477], [-110.7394469, 43.5328218], [-110.7395339, 43.5324211], [-110.7395709, 43.5319012], [-110.7395735, 43.5312937], [-110.7394954, 43.5301492], [-110.739485, 43.5297751], [-110.7395175, 43.5293819], [-110.7395663, 43.5290961], [-110.7396311, 43.528803], [-110.7397379, 43.5284261], [-110.7398831, 43.5280429], [-110.7400401, 43.5277111], [-110.7405834, 43.526828], [-110.7413034, 43.5257386], [-110.7417509, 43.5250562], [-110.7419623, 43.5247589], [-110.7423419, 43.5243135], [-110.7427682, 43.5238751], [-110.7435477, 43.5230406], [-110.7443074, 43.5222204], [-110.7452152, 43.5212361], [-110.7460537, 43.5203517], [-110.746776, 43.5195308], [-110.7475885, 43.5186517], [-110.7482066, 43.5179683], [-110.7485704, 43.5174959], [-110.7488733, 43.5170745], [-110.749051, 43.5167992], [-110.751761, 43.5120814], [-110.7520136, 43.5116975], [-110.7523077, 43.5113171], [-110.7524641, 43.511137]]}, "properties": {"NHS": "yes", "attribution": "US National Park Service", "hgv": "designated", "hgv:national_network": "yes", "highway": "trunk", "import": "tetonroad_20090805", "lanes": "2", "maxspeed": "55 mph", "name": "North Highway 89", "nfs:teton:OBJECTID": "2897", "ref": "US 26;US 89;US 191", "source:hgv:national_network": "https://hepgis-usdot.hub.arcgis.com/apps/usdot::national-network-conventional-combination-trucks-map/explore", "surface": "paved", "wydot_ml_number": "10", "osm_id": 143114497}}, {"type": "Feature", "geometry": {"type": "LineString", "coordinates": [[-110.7331177, 43.5670153], [-110.733103, 43.5663147]]}, "properties": {"NHS": "yes", "attribution": "US National Park Service", "bridge": "yes", "hgv": "designated", "hgv:national_network": "yes", "highway": "trunk", "import": "tetonroad_20090805", "lanes": "2", "layer": "1", "maxspeed": "45 mph", "name": "North Highway 89", "nfs:teton:OBJECTID": "2897", "ref": "US 26;US 89;US 191", "source:hgv:national_network": "https://hepgis-usdot.hub.arcgis.com/apps/usdot::national-network-conventional-combination-trucks-map/explore", "surface": "paved", "wydot_ml_number": "10", "osm_id": 143114506}}, {"type": "Feature", "geometry": {"type": "LineString", "coordinates": [[-110.7331486, 43.5696367], [-110.7331177, 43.5670153]]}, "properties": {"NHS": "yes", "attribution": "US National Park Service", "hgv": "designated", "hgv:national_network": "yes", "highway": "trunk", "import": "tetonroad_20090805", "lanes": "2", "maxspeed": "45 mph", "name": "North Highway 89", "nfs:teton:OBJECTID": "2897", "ref": "US 26;US 89;US 191", "source:hgv:national_network": "https://hepgis-usdot.hub.arcgis.com/apps/usdot::national-network-conventional-combination-trucks-map/explore", "surface": "paved", "wydot_ml_number": "10", "osm_id": 143114512}}, {"type": "Feature", "geometry": {"type": "LineString", "coordinates": [[-110.8420228, 43.4997026], [-110.8384525, 43.4988251]]}, "properties": {"bridge": "yes", "highway": "primary", "lanes": "2", "layer": "1", "maxspeed": "45 mph", "name": "West Highway 22", "ref": "WY 22", "surface": "asphalt", "tiger:county": "Teton, WY", "wydot_ml_number": "2000", "osm_id": 179188781}}, {"type": "Feature", "geometry": {"type": "LineString", "coordinates": [[-110.7356143, 43.6015883], [-110.7355785, 43.6016331], [-110.7354296, 43.601812], [-110.735273, 43.6020072], [-110.7351602, 43.6021716], [-110.7350528, 43.6023281], [-110.7350022, 43.6024039], [-110.7349431, 43.6024925], [-110.7348299, 43.602654], [-110.7347194, 43.6028127], [-110.7346111, 43.6029698], [-110.7345015, 43.6031283], [-110.7344075, 43.6032702], [-110.7343962, 43.6033162], [-110.7343923, 43.6033528], [-110.7344032, 43.6033929], [-110.7344346, 43.6034306], [-110.7344771, 43.6034664], [-110.7345362, 43.6034987], [-110.7346094, 43.6035245], [-110.7354992, 43.6037562], [-110.7355805, 43.6037755], [-110.7356266, 43.6037747], [-110.7356624, 43.6037636], [-110.7356703, 43.6037576], [-110.7356873, 43.6037446], [-110.7357893, 43.6035454], [-110.7359164, 43.603297], [-110.7360422, 43.6030511], [-110.736308, 43.6025315], [-110.7363331, 43.6024962], [-110.7364535, 43.6023271], [-110.73649, 43.6022765], [-110.7365797, 43.6021176], [-110.7366214, 43.6020311], [-110.7367031, 43.6018613], [-110.7365565, 43.6017419], [-110.7365213, 43.6017292], [-110.7364611, 43.601702], [-110.7363872, 43.6016758], [-110.7359673, 43.6015519]]}, "properties": {"bicycle": "yes", "highway": "secondary", "oneway": "yes", "osm_id": 179560352}}, {"type": "Feature", "geometry": {"type": "LineString", "coordinates": [[-110.7354992, 43.6037562], [-110.7355311, 43.6036928], [-110.7356269, 43.6035025], [-110.73575, 43.6032547], [-110.7358732, 43.6030066], [-110.7359375, 43.6028771], [-110.7359773, 43.6027969], [-110.736308, 43.6025315]]}, "properties": {"highway": "secondary", "oneway": "yes", "osm_id": 179560357}}, {"type": "Feature", "geometry": {"type": "LineString", "coordinates": [[-110.7222529, 43.3450016], [-110.722161, 43.3458237], [-110.7221304, 43.3460457], [-110.7220306, 43.3465696], [-110.7219206, 43.3471173], [-110.7214646, 43.3482892], [-110.7213515, 43.3485307], [-110.7211852, 43.3488412], [-110.720554, 43.350054], [-110.7203543, 43.350515], [-110.720211, 43.3509342], [-110.72013, 43.351317], [-110.72007, 43.3517554], [-110.72005, 43.352175], [-110.7200485, 43.3526818], [-110.720113, 43.353179], [-110.720182, 43.353501], [-110.7204348, 43.3542597], [-110.720703, 43.3548077], [-110.7209417, 43.3552543], [-110.7213655, 43.3558121], [-110.721674, 43.3561748], [-110.7221353, 43.3566312], [-110.7226959, 43.3570797], [-110.7232001, 43.3574347], [-110.7237956, 43.3578578], [-110.7248148, 43.3585989], [-110.7252198, 43.3589636], [-110.7256812, 43.3594219], [-110.7259709, 43.3598236], [-110.7263222, 43.3603072], [-110.7268828, 43.3610834], [-110.7271644, 43.3614383], [-110.7274139, 43.3617288], [-110.7276928, 43.3620233], [-110.7280067, 43.362308], [-110.7283071, 43.3625654], [-110.7287926, 43.3629398], [-110.729233, 43.363292], [-110.7294551, 43.3634644], [-110.732543, 43.365832], [-110.7338286, 43.3668456], [-110.7347631, 43.3675417], [-110.7359368, 43.3683306], [-110.7364851, 43.3686921], [-110.737156, 43.369109], [-110.737414, 43.369276], [-110.7380201, 43.3696365], [-110.7380641, 43.3696605], [-110.7397995, 43.3706559], [-110.7405621, 43.3710942], [-110.7418495, 43.3718312], [-110.7424396, 43.3722212], [-110.742991, 43.372654], [-110.7432872, 43.3729435], [-110.7436708, 43.3733208], [-110.7439497, 43.3736795], [-110.7440972, 43.3738901], [-110.7444513, 43.3744887], [-110.74469, 43.3750345], [-110.7448295, 43.3754869], [-110.744926, 43.3760581], [-110.7449582, 43.3766332], [-110.7449475, 43.3770777], [-110.744867, 43.3775612], [-110.7445157, 43.3790078], [-110.7442421, 43.3801463], [-110.7441133, 43.380733], [-110.7440677, 43.3812789], [-110.7440865, 43.381776], [-110.7441589, 43.3822205], [-110.7442877, 43.3826942], [-110.7444567, 43.3831795], [-110.7447061, 43.3836435], [-110.7448643, 43.3839125]]}, "properties": {"NHS": "yes", "hgv": "designated", "hgv:national_network": "yes", "highway": "trunk", "lanes": "5", "lanes:backward": "2", "lanes:both_ways": "1", "lanes:forward": "2", "maxspeed": "55 mph", "name": "South Highway 89", "ref": "US 26;US 89;US 189;US 191", "source:hgv:national_network": "https://hepgis-usdot.hub.arcgis.com/apps/usdot::national-network-conventional-combination-trucks-map/explore", "tiger:cfcc": "A21", "tiger:name_base": "United States Highway 191", "tiger:name_base_1": "Broadway", "tiger:name_base_2": "United States Highway 26", "tiger:name_base_3": "United States Highway 89", "tiger:name_base_4": "United States Highway 189", "tiger:name_direction_prefix_1": "W", "turn:lanes:both_ways": "left", "wydot_ml_number": "10", "osm_id": 199211778}}, {"type": "Feature", "geometry": {"type": "LineString", "coordinates": [[-110.7323041, 43.6934356], [-110.7323692, 43.6940866], [-110.7323746, 43.6942071], [-110.7323645, 43.6943988], [-110.7323524, 43.6945906], [-110.7323205, 43.6947849], [-110.7322472, 43.695077], [-110.7321475, 43.6953558], [-110.7320277, 43.6956254], [-110.73174, 43.6961042], [-110.7314857, 43.6963942], [-110.7313573, 43.6965259], [-110.7312187, 43.6966606], [-110.7309568, 43.6968845], [-110.7307374, 43.6970512], [-110.7306384, 43.6971223], [-110.730505, 43.6972051], [-110.7304336, 43.6972487], [-110.7302288, 43.6973743], [-110.7301045, 43.6974385], [-110.729918, 43.6975354], [-110.7297573, 43.6976062], [-110.7292756, 43.6978186]]}, "properties": {"attribution": "US National Park Service", "highway": "secondary", "import": "tetonroad_20090805", "maxspeed": "30 mph", "name": "Teton Park Road", "network": "JHGrandTetonNP", "nfs:teton:OBJECTID": "1411; 1408;5530", "piste:difficulty": "easy", "piste:grooming": "skating;classic", "piste:name": "Taggart to Jenny Lake", "piste:type": "nordic", "osm_id": 207799647}}, {"type": "Feature", "geometry": {"type": "LineString", "coordinates": [[-110.7292756, 43.6978186], [-110.7290319, 43.6979229]]}, "properties": {"attribution": "US National Park Service", "bridge": "yes", "highway": "secondary", "import": "tetonroad_20090805", "layer": "1", "maxspeed": "30 mph", "name": "Teton Park Road", "network": "JHGrandTetonNP", "nfs:teton:OBJECTID": "1411; 1408;5530", "piste:difficulty": "easy", "piste:grooming": "skating;classic", "piste:name": "Taggart to Jenny Lake", "piste:type": "nordic", "osm_id": 239355943}}, {"type": "Feature", "geometry": {"type": "LineString", "coordinates": [[-110.728705, 43.6980698], [-110.7280578, 43.6983617], [-110.727409, 43.698696], [-110.727135, 43.698902], [-110.7267913, 43.6991974]]}, "properties": {"attribution": "US National Park Service", "highway": "secondary", "import": "tetonroad_20090805", "maxspeed": "30 mph", "name": "Teton Park Road", "network": "JHGrandTetonNP", "nfs:teton:OBJECTID": "1411;1408;5530", "piste:difficulty": "easy", "piste:grooming": "classic;skating", "piste:lit": "no", "piste:name": "Taggart to Jenny Lake", "piste:oneway": "no", "piste:priority": "3", "piste:type": "nordic;hike", "osm_id": 239355946}}, {"type": "Feature", "geometry": {"type": "LineString", "coordinates": [[-110.6654714, 44.1067463], [-110.665573, 44.109509], [-110.665565, 44.110378], [-110.66555, 44.110668]]}, "properties": {"attribution": "US National Park Service", "hgv": "designated", "hgv:national_network": "yes", "highway": "primary", "import": "tetonroad_20090805", "lanes": "2", "maxspeed": "35 mph", "name": "John D. Rockefeller Jr. Memorial Parkway", "nfs:teton:OBJECTID": "4256;4257;4330;4475;4476;5036;5037;5423;5424;77;4329;4332", "ref": "US 89;US 191;US 287", "shoulder": "yes", "source:hgv:national_network": "https://hepgis-usdot.hub.arcgis.com/apps/usdot::national-network-conventional-combination-trucks-map/explore", "surface": "asphalt", "wydot_ml_number": "10", "osm_id": 256346605}}, {"type": "Feature", "geometry": {"type": "LineString", "coordinates": [[-110.4433182, 43.8384544], [-110.441431, 43.8382612]]}, "properties": {"NHS": "yes", "attribution": "US National Park Service", "hgv": "designated", "hgv:national_network": "yes", "highway": "trunk", "import": "tetonroad_20090805", "lanes": "2", "name": "East Highway 287", "nfs:teton:OBJECTID": "918;906;905;904;902;901;900;899;898;897;896;895;893;890;889;885;881;903", "ref": "US 26;US 287", "source": "Bing", "source:hgv:national_network": "https://hepgis-usdot.hub.arcgis.com/apps/usdot::national-network-conventional-combination-trucks-map/explore", "wydot_ml_number": "30", "osm_id": 256346607}}, {"type": "Feature", "geometry": {"type": "LineString", "coordinates": [[-110.1997288, 43.8182586], [-110.2003803, 43.8180496], [-110.2031019, 43.8171764], [-110.2062798, 43.8162225], [-110.2065797, 43.8161605], [-110.2071467, 43.8160434], [-110.2093881, 43.8157176], [-110.2101655, 43.8156228], [-110.2131354, 43.8152198], [-110.2158993, 43.8148517], [-110.2200913, 43.814284], [-110.2225298, 43.8139499], [-110.2237786, 43.8138557], [-110.2250258, 43.8138457], [-110.2258845, 43.813888], [-110.226743, 43.813968], [-110.2284013, 43.8141995], [-110.2291815, 43.814372], [-110.229958, 43.8145832], [-110.2312554, 43.8150035], [-110.2338094, 43.8159075], [-110.2344259, 43.8161087], [-110.235117, 43.8162759], [-110.2362675, 43.81649], [-110.2389096, 43.8169321], [-110.240402, 43.8171706], [-110.2419341, 43.8173627], [-110.2428621, 43.8173859], [-110.2438814, 43.8173434], [-110.2448416, 43.8172621], [-110.2457535, 43.8171034], [-110.2466226, 43.8168905], [-110.2475292, 43.8166234], [-110.248704, 43.8161396], [-110.2507371, 43.8151254], [-110.2521908, 43.8143512], [-110.2536446, 43.813728], [-110.2543634, 43.8134841], [-110.2552646, 43.8132403], [-110.2560254, 43.8130725], [-110.2568571, 43.8129648], [-110.2581272, 43.8128788], [-110.2594355, 43.8129057], [-110.2606344, 43.8130854], [-110.261777, 43.8133099], [-110.2638184, 43.8138196], [-110.2647922, 43.8139419], [-110.2653106, 43.8139781], [-110.2659993, 43.8140078], [-110.2672297, 43.8139995], [-110.2677216, 43.8140171], [-110.2679081, 43.8140397], [-110.2682298, 43.8140787], [-110.2687308, 43.8141692], [-110.2692949, 43.8143222], [-110.2698315, 43.8145275], [-110.2716788, 43.8153948], [-110.2723074, 43.8156334], [-110.2730147, 43.81583], [-110.2735829, 43.8159064], [-110.2742344, 43.8159209], [-110.2748686, 43.8158799], [-110.2766341, 43.8156475], [-110.2773821, 43.8156518], [-110.2779239, 43.8157138], [-110.2786052, 43.8158221], [-110.279206, 43.8159847], [-110.2798015, 43.8162325], [-110.2805901, 43.8166118], [-110.2821082, 43.8173085], [-110.283106, 43.8178078], [-110.2838838, 43.8182375], [-110.2845866, 43.8187445], [-110.2857345, 43.8196967], [-110.2862495, 43.8201495], [-110.2868128, 43.8204785], [-110.2874429, 43.8207844], [-110.2879715, 43.8209778], [-110.2884489, 43.8210785], [-110.2887976, 43.8211597], [-110.2893823, 43.821241], [-110.2900447, 43.8212596], [-110.2906841, 43.8212279], [-110.2954763, 43.8208849], [-110.296222, 43.8208617], [-110.2967745, 43.8208617], [-110.2974075, 43.8209004], [-110.2980244, 43.8209623], [-110.298754, 43.8210939], [-110.2996928, 43.8213107], [-110.3000414, 43.8214307], [-110.3006802, 43.8216529], [-110.303114, 43.8227535], [-110.3038584, 43.8230564], [-110.3039769, 43.8231046], [-110.3048571, 43.8233955], [-110.3059262, 43.8236252], [-110.3070527, 43.8238148], [-110.3087157, 43.8240819], [-110.3091073, 43.8241128], [-110.3095418, 43.8240819], [-110.310148, 43.8239851], [-110.3106308, 43.8238651], [-110.3110975, 43.8236097], [-110.3122864, 43.8228077], [-110.3124762, 43.8226615], [-110.3130072, 43.822406], [-110.3136295, 43.8221931], [-110.3143805, 43.8219841], [-110.3151583, 43.821779], [-110.3157214, 43.82169], [-110.3161186, 43.8216629], [-110.3167194, 43.8217248], [-110.3172398, 43.8218332], [-110.3177708, 43.8220112], [-110.3185648, 43.822437], [-110.320378, 43.823393], [-110.3209519, 43.8236484], [-110.3214938, 43.8238342], [-110.3221295, 43.8239615], [-110.3227428, 43.8240343], [-110.3233265, 43.8240491], [-110.3237575, 43.8240432], [-110.3242564, 43.8239967], [-110.3251684, 43.8238109], [-110.3257268, 43.8237322], [-110.326425, 43.8236894], [-110.3269627, 43.823697], [-110.3276843, 43.8237568], [-110.3304201, 43.8241902], [-110.3313732, 43.8243551], [-110.3319758, 43.824407], [-110.3324533, 43.8244108], [-110.3329468, 43.8243799], [-110.3338105, 43.8242637], [-110.3350067, 43.8241206], [-110.336995, 43.823861], [-110.3377265, 43.8237568], [-110.3383595, 43.8236832], [-110.3389657, 43.8236716], [-110.3395772, 43.8237181], [-110.3400707, 43.8238264], [-110.3407306, 43.8239735], [-110.3413153, 43.824198], [-110.3418893, 43.824407], [-110.3425598, 43.8245773], [-110.3429836, 43.824643], [-110.3435254, 43.8246663], [-110.3440297, 43.8246585], [-110.344432, 43.8246198], [-110.3452152, 43.824496], [-110.3463149, 43.8242986], [-110.3470445, 43.8241747], [-110.347691, 43.824084], [-110.348289, 43.8240393], [-110.3490293, 43.8240315], [-110.3495926, 43.8240354]]}, "properties": {"NHS": "yes", "hgv": "designated", "hgv:national_network": "yes", "highway": "trunk", "lanes": "2", "name": "East Highway 287", "ref": "US 26;US 287", "source": "Bing", "source:hgv:national_network": "https://hepgis-usdot.hub.arcgis.com/apps/usdot::national-network-conventional-combination-trucks-map/explore", "tiger:cfcc": "A21", "tiger:county": "Fremont, WY:Teton, WY", "tiger:name_base": "Highway 26:United States Highway 26:United States Highway 287", "tiger:name_base_1": "United States Highway 26:United States Highway 287", "tiger:name_base_2": "United States Highway 287", "wydot_ml_number": "30", "osm_id": 257991999}}, {"type": "Feature", "geometry": {"type": "LineString", "coordinates": [[-110.0768361, 43.7673633], [-110.0771874, 43.7673323], [-110.0777507, 43.7672742], [-110.0782818, 43.7671735], [-110.0788879, 43.7670534], [-110.0793922, 43.7669953], [-110.0799501, 43.7669798], [-110.0806958, 43.7670922], [-110.0816506, 43.7672859], [-110.0821012, 43.7674563], [-110.082407, 43.7676616], [-110.0827235, 43.7679754], [-110.0830776, 43.7683706], [-110.0836945, 43.7688548], [-110.0842577, 43.7691337], [-110.0850946, 43.7693855], [-110.0859422, 43.7695598], [-110.0866073, 43.7696257], [-110.0872833, 43.7695792], [-110.0879538, 43.7694514], [-110.0888228, 43.7691686], [-110.0894612, 43.7689516], [-110.0900888, 43.768816], [-110.0907648, 43.7687502], [-110.0916231, 43.7687502], [-110.0925833, 43.7689245], [-110.0932914, 43.7690601], [-110.0937367, 43.7691143], [-110.0943536, 43.7691337], [-110.0962418, 43.769033], [-110.0990582, 43.7688587], [-110.1003993, 43.7687889], [-110.1011074, 43.7687386], [-110.1017625, 43.7686217], [-110.1032263, 43.7683396], [-110.1041812, 43.7682001], [-110.1048195, 43.7681846], [-110.105474, 43.7682427], [-110.1061606, 43.7683977], [-110.1069101, 43.7686471], [-110.1074106, 43.7689323], [-110.1084399, 43.769657], [-110.1097973, 43.7705571], [-110.1111922, 43.771452], [-110.1118544, 43.7718964], [-110.1128986, 43.7724924], [-110.1156809, 43.7738417], [-110.1173673, 43.7746489], [-110.1189938, 43.7754345], [-110.1190355, 43.7754546], [-110.12071, 43.7762346], [-110.1211646, 43.7764291], [-110.1218194, 43.7766562], [-110.1225088, 43.7768487], [-110.1232463, 43.7770823], [-110.123933, 43.7773573], [-110.1257461, 43.7781823], [-110.1288809, 43.7795736], [-110.1298974, 43.7800476], [-110.1304397, 43.7803832], [-110.1309812, 43.780782], [-110.1316792, 43.7813466], [-110.1321459, 43.7816758], [-110.1327496, 43.7820288], [-110.1332292, 43.7822432], [-110.1336891, 43.7823886], [-110.1342005, 43.7825434], [-110.1350319, 43.7828067], [-110.1355898, 43.7830585], [-110.1362228, 43.7835465], [-110.1367217, 43.7839996], [-110.1373209, 43.7844586], [-110.1380097, 43.784806], [-110.1401309, 43.7856032], [-110.1410888, 43.7859526], [-110.1426917, 43.7865908], [-110.1432647, 43.7870516], [-110.1437613, 43.7877067], [-110.1444596, 43.7886644], [-110.144775, 43.789131], [-110.1463649, 43.7912576], [-110.147107, 43.7920364], [-110.1479242, 43.7927298], [-110.1487909, 43.7934876], [-110.1489823, 43.793655], [-110.1494147, 43.794033], [-110.1501998, 43.7947194], [-110.1514159, 43.7957635], [-110.1524034, 43.7966113], [-110.1544665, 43.7984491], [-110.1554905, 43.7993369], [-110.1561249, 43.7998971], [-110.1578518, 43.8013972], [-110.1597263, 43.803058], [-110.1605224, 43.8037278], [-110.1616286, 43.8045798], [-110.1624361, 43.8050963], [-110.164836, 43.8064832], [-110.1663144, 43.8072909], [-110.1681347, 43.808325], [-110.169929, 43.809352], [-110.1726336, 43.8108418], [-110.17382, 43.8113708], [-110.1751305, 43.8117134], [-110.1762447, 43.8118981], [-110.1772342, 43.81208], [-110.1788848, 43.8123834], [-110.1802874, 43.8127795], [-110.1809312, 43.8130032], [-110.1815138, 43.8132225], [-110.1817974, 43.8133243], [-110.1828487, 43.813716], [-110.1843476, 43.8144317], [-110.1857795, 43.8152526], [-110.1866536, 43.8158711], [-110.1872753, 43.8163111], [-110.18875, 43.817404], [-110.189301, 43.817797], [-110.1901251, 43.8183967], [-110.1908213, 43.8188825], [-110.190898, 43.818936], [-110.1914627, 43.8192679], [-110.1921047, 43.8195437], [-110.1925685, 43.8196668], [-110.1930175, 43.8197375], [-110.1936946, 43.8197988], [-110.194406, 43.8197871], [-110.1952075, 43.8196376], [-110.1969347, 43.8191418], [-110.1994235, 43.8183516], [-110.1997288, 43.8182586]]}, "properties": {"NHS": "yes", "hgv": "designated", "hgv:national_network": "yes", "highway": "trunk", "lanes": "2", "name": "East Highway 287", "ref": "US 26;US 287", "source": "Bing", "source:hgv:national_network": "https://hepgis-usdot.hub.arcgis.com/apps/usdot::national-network-conventional-combination-trucks-map/explore", "tiger:cfcc": "A21", "tiger:county": "Fremont, WY:Teton, WY", "tiger:name_base": "Highway 26:United States Highway 26:United States Highway 287", "tiger:name_base_1": "United States Highway 26:United States Highway 287", "tiger:name_base_2": "United States Highway 287", "wydot_ml_number": "30", "osm_id": 257992000}}, {"type": "Feature", "geometry": {"type": "LineString", "coordinates": [[-110.0131385, 43.7188581], [-110.0143122, 43.719543], [-110.0151201, 43.7200505], [-110.0155768, 43.7202483], [-110.0160245, 43.7203692], [-110.0163382, 43.7204253], [-110.0167582, 43.720457], [-110.0171006, 43.7204897], [-110.017578, 43.7204354], [-110.0185865, 43.7203424], [-110.0193697, 43.7202881], [-110.0200832, 43.7203695], [-110.0207752, 43.7205207], [-110.0213438, 43.7207184], [-110.0218535, 43.7209666], [-110.0225079, 43.7214628], [-110.0238115, 43.7226724], [-110.0250131, 43.7237695], [-110.0257105, 43.7243821], [-110.0263488, 43.7248279], [-110.0273359, 43.7253939], [-110.028618, 43.7260219], [-110.0290847, 43.726239], [-110.0297338, 43.7264289], [-110.030238, 43.7265142], [-110.0309032, 43.7265724], [-110.031665, 43.7265258], [-110.034079, 43.7263436], [-110.0349641, 43.7263126], [-110.0355381, 43.7263747], [-110.0361443, 43.7265452], [-110.0366217, 43.7267546], [-110.0370669, 43.7270453], [-110.0373513, 43.7273128], [-110.0375927, 43.7276423], [-110.0377804, 43.7280532], [-110.0378341, 43.7286114], [-110.0378931, 43.729627], [-110.0379199, 43.7301736], [-110.037995, 43.7305961], [-110.0381345, 43.7311349], [-110.0383973, 43.7317435], [-110.0387889, 43.732418], [-110.0393146, 43.7331777], [-110.0399905, 43.7338793], [-110.0408167, 43.7347475], [-110.0412004, 43.7353731], [-110.0418812, 43.7365274], [-110.0420978, 43.736897], [-110.0422837, 43.7371971], [-110.0429731, 43.7382777], [-110.0435081, 43.7391448], [-110.0436505, 43.7393756], [-110.0437738, 43.7395707], [-110.043966, 43.7397574], [-110.0445045, 43.7401555], [-110.0449473, 43.7403481], [-110.0454676, 43.7404799], [-110.0461435, 43.7405536], [-110.0476724, 43.7404295], [-110.0484556, 43.7403869], [-110.0488043, 43.740414], [-110.0493354, 43.7405303], [-110.0500274, 43.7407938], [-110.0505906, 43.7409993], [-110.0514221, 43.7413636]]}, "properties": {"NHS": "yes", "hgv": "designated", "hgv:national_network": "yes", "highway": "trunk", "lanes": "2", "ref": "US 26;US 287", "source": "Bing", "source:hgv:national_network": "https://hepgis-usdot.hub.arcgis.com/apps/usdot::national-network-conventional-combination-trucks-map/explore", "tiger:cfcc": "A21", "tiger:county": "Fremont, WY:Teton, WY", "tiger:name_base": "Highway 26:United States Highway 26:United States Highway 287", "tiger:name_base_1": "United States Highway 26:United States Highway 287", "tiger:name_base_2": "United States Highway 287", "wydot_ml_number": "30", "osm_id": 257992001}}, {"type": "Feature", "geometry": {"type": "LineString", "coordinates": [[-109.7945822, 43.6024246], [-109.7951923, 43.602955], [-109.7956467, 43.60345], [-109.7959578, 43.6039006], [-109.7961953, 43.6042563], [-109.7963762, 43.6045843], [-109.7969277, 43.6058068], [-109.7974369, 43.6069889], [-109.7993242, 43.6111931], [-109.799729, 43.6121003], [-109.8005712, 43.6139451], [-109.8011645, 43.6150825], [-109.8030513, 43.6184659], [-109.8034981, 43.6192475], [-109.8039924, 43.6200032], [-109.8044828, 43.6205814], [-109.8050522, 43.6211282], [-109.8054555, 43.621423], [-109.8059577, 43.621758], [-109.8064915, 43.6220671], [-109.8075157, 43.6225566], [-109.8085043, 43.6230261], [-109.8090539, 43.6233037], [-109.8094059, 43.6235077], [-109.8097323, 43.6237162], [-109.8101493, 43.6240084], [-109.8108334, 43.6245608], [-109.8111023, 43.6248099], [-109.8113238, 43.625036], [-109.8119077, 43.6256419], [-109.812419, 43.6261789], [-109.8129471, 43.6267072], [-109.813228, 43.6269591], [-109.8134705, 43.6271572], [-109.8137105, 43.627324], [-109.8142075, 43.6276281], [-109.81463, 43.6278523], [-109.8150669, 43.6280626], [-109.8156647, 43.6282954], [-109.816164, 43.6284431], [-109.8166561, 43.6285561], [-109.8171147, 43.6286395], [-109.8175732, 43.628702], [-109.8179765, 43.6287368], [-109.8183894, 43.6287559], [-109.8188599, 43.6287646], [-109.8195345, 43.6287316], [-109.8200002, 43.6286846], [-109.8222184, 43.6284535], [-109.8238756, 43.6282765], [-109.8252873, 43.6282078], [-109.8260782, 43.6281935], [-109.8268849, 43.6281992], [-109.827648, 43.6282193], [-109.8319001, 43.6284063], [-109.8361458, 43.6285908], [-109.8391146, 43.628702], [-109.8398964, 43.6287285], [-109.8401982, 43.6287486], [-109.8415661, 43.6287563], [-109.843508, 43.6287175], [-109.8454074, 43.628631], [-109.8462694, 43.6285966], [-109.847685, 43.6285308], [-109.8525607, 43.6283247], [-109.8535769, 43.6283218], [-109.8545576, 43.6283505], [-109.855566, 43.6284048], [-109.8565466, 43.628485], [-109.8596514, 43.628775], [-109.8611732, 43.6289172], [-109.8662347, 43.6293608], [-109.866427, 43.6293766], [-109.8670374, 43.6294267], [-109.8679231, 43.629524], [-109.868888, 43.6296843], [-109.8698845, 43.6298732], [-109.8708493, 43.6300907], [-109.871743, 43.6303282], [-109.8739534, 43.6310266], [-109.8744517, 43.6311411], [-109.874942, 43.6312184], [-109.8753335, 43.631247], [-109.8757645, 43.6312584], [-109.8771485, 43.6312069], [-109.8786907, 43.6311354], [-109.8840488, 43.6309064], [-109.8851639, 43.6309236], [-109.8864648, 43.6310638], [-109.8873783, 43.6312126], [-109.8919099, 43.632057], [-109.8932306, 43.6322888], [-109.8940057, 43.6323975], [-109.8947056, 43.6324863], [-109.8982249, 43.6329528], [-109.8997078, 43.6332161], [-109.9015617, 43.6337457], [-109.9029454, 43.6342261], [-109.9037291, 43.6345395], [-109.9050445, 43.6351495], [-109.9066786, 43.6359825], [-109.9083585, 43.6369215], [-109.9093938, 43.6375738], [-109.910177, 43.6380668], [-109.9109173, 43.6385793], [-109.9117327, 43.6391771], [-109.912469, 43.639739], [-109.9132669, 43.640334], [-109.9135673, 43.6405359], [-109.9140447, 43.6408115], [-109.9145561, 43.6410565], [-109.9151981, 43.6413046], [-109.9162448, 43.6416583]]}, "properties": {"NHS": "yes", "hgv": "designated", "hgv:national_network": "yes", "highway": "trunk", "lanes": "2", "ref": "US 26;US 287", "source:hgv:national_network": "https://hepgis-usdot.hub.arcgis.com/apps/usdot::national-network-conventional-combination-trucks-map/explore", "tiger:cfcc": "A21", "tiger:county": "Fremont, WY:Teton, WY", "tiger:name_base": "Highway 26:United States Highway 26:United States Highway 287", "tiger:name_base_1": "United States Highway 26:United States Highway 287", "tiger:name_base_2": "United States Highway 287", "wydot_ml_number": "30", "osm_id": 257992002}}, {"type": "Feature", "geometry": {"type": "LineString", "coordinates": [[-110.8420228, 43.4997026], [-110.8423553, 43.4997811], [-110.8425866, 43.499835], [-110.842849, 43.4998895], [-110.8431718, 43.4999476], [-110.8433134, 43.4999703], [-110.8434592, 43.499987], [-110.8435971, 43.4999994], [-110.8438154, 43.5000138], [-110.8440378, 43.5000222], [-110.8442895, 43.500021], [-110.844501, 43.5000138], [-110.8447002, 43.4999983], [-110.8448718, 43.4999778], [-110.8450301, 43.4999525], [-110.8452016, 43.4999191], [-110.8453743, 43.4998805], [-110.8455366, 43.4998393], [-110.8456877, 43.4997973], [-110.8458431, 43.4997479]]}, "properties": {"highway": "primary", "lanes": "2", "maxspeed": "45 mph", "name": "West Highway 22", "oneway": "no", "ref": "WY 22", "source": "Bing imagery", "surface": "asphalt", "tiger:county": "Teton, WY", "wydot_ml_number": "2000", "osm_id": 315933410}}, {"type": "Feature", "geometry": {"type": "LineString", "coordinates": [[-110.822029, 43.5464482], [-110.8220605, 43.5466769]]}, "properties": {"bridge": "yes", "highway": "secondary", "lanes": "2", "layer": "1", "maxspeed": "45 mph", "maxspeed:conditional": "35 mph @ (dusk-dawn)", "name": "Moose-Wilson Road", "ref": "WY 390", "surface": "asphalt", "wydot_ml_number": "2001", "osm_id": 315949681}}, {"type": "Feature", "geometry": {"type": "LineString", "coordinates": [[-110.8222448, 43.5496382], [-110.8222401, 43.5526975], [-110.8222321, 43.5551463], [-110.8222282, 43.5563928], [-110.822222, 43.5568225], [-110.8222105, 43.5572133], [-110.8221899, 43.5576998], [-110.8221416, 43.5583528], [-110.8221239, 43.5586695], [-110.8220812, 43.559201], [-110.8220503, 43.5597301], [-110.8220368, 43.5600563], [-110.8220221, 43.5607886], [-110.8220272, 43.5617439], [-110.8220262, 43.562905], [-110.8220268, 43.5633381], [-110.8220253, 43.563655], [-110.8220263, 43.5639637], [-110.8220294, 43.5644954], [-110.8220314, 43.5651386], [-110.8220281, 43.5657732], [-110.8220304, 43.5663052], [-110.8220332, 43.5668313], [-110.8220297, 43.5672961], [-110.8220352, 43.567999], [-110.8220363, 43.5685248], [-110.8220408, 43.5691729], [-110.8220459, 43.5698008], [-110.8220503, 43.5704447], [-110.8220516, 43.5707615], [-110.822054, 43.570968], [-110.822054, 43.5711728], [-110.8220585, 43.5718225], [-110.8220626, 43.5726622], [-110.8220665, 43.573299], [-110.8220686, 43.5740725], [-110.8220747, 43.5745636], [-110.8220762, 43.575001], [-110.8220808, 43.5757408], [-110.8220863, 43.5765783], [-110.8220884, 43.5770395], [-110.8220931, 43.5775326], [-110.8221, 43.5781005], [-110.8221041, 43.5784044], [-110.8221034, 43.5786136], [-110.8220914, 43.5802703], [-110.822085, 43.5810279], [-110.8220802, 43.5818473], [-110.8220729, 43.5820014], [-110.8220598, 43.5821478], [-110.8220372, 43.5823117], [-110.8220062, 43.582473], [-110.8219669, 43.5826241], [-110.8219171, 43.5827984], [-110.821847, 43.5830189], [-110.821762, 43.583237], [-110.8216772, 43.5834251], [-110.8215653, 43.5836553], [-110.8214117, 43.583921], [-110.8212622, 43.5841553], [-110.8211158, 43.5843493], [-110.8209585, 43.5845394], [-110.8207639, 43.5847412], [-110.8204036, 43.58508], [-110.8191162, 43.5862323], [-110.8180626, 43.5871771], [-110.8173149, 43.5878505], [-110.8167098, 43.5883856], [-110.8159738, 43.5890409], [-110.8152244, 43.5897114], [-110.8145232, 43.5903362], [-110.814288, 43.5905529], [-110.8135635, 43.59119], [-110.8131409, 43.59154], [-110.8129848, 43.5916623], [-110.8127772, 43.5918219], [-110.812579, 43.5919703], [-110.8123722, 43.5921213], [-110.8120571, 43.5923445], [-110.8117348, 43.5925632], [-110.8111918, 43.5929121], [-110.8108529, 43.5931183], [-110.8100687, 43.5935945], [-110.8095066, 43.59393], [-110.8089386, 43.594265], [-110.8083769, 43.5946036], [-110.807937, 43.5948663], [-110.8073789, 43.5952022], [-110.806912, 43.5954797], [-110.8066806, 43.5956117], [-110.8064773, 43.5957166]]}, "properties": {"highway": "secondary", "lanes": "2", "maxspeed": "55 mph", "name": "Moose-Wilson Road", "ref": "WY 390", "surface": "asphalt", "wydot_ml_number": "2001", "osm_id": 315949682}}, {"type": "Feature", "geometry": {"type": "LineString", "coordinates": [[-110.7840481, 43.6259977], [-110.7839549, 43.625881], [-110.7838342, 43.6257334], [-110.7837296, 43.6255936], [-110.7836893, 43.625516], [-110.783658, 43.6253898], [-110.7836464, 43.6251374], [-110.78373, 43.624863], [-110.7838476, 43.624584], [-110.7838824, 43.6244733], [-110.784004, 43.624325], [-110.784302, 43.62413], [-110.784615, 43.623951], [-110.784927, 43.623772], [-110.785248, 43.6236], [-110.785599, 43.623474], [-110.7859638, 43.6233142], [-110.7861516, 43.623289], [-110.7863286, 43.6232754], [-110.7865003, 43.6232967], [-110.7866371, 43.6233064], [-110.7867075, 43.6233021], [-110.7867719, 43.6232744], [-110.786813, 43.6232235], [-110.7868429, 43.6231164], [-110.786859, 43.6230865], [-110.7869122, 43.6229879], [-110.7869716, 43.6228736], [-110.7870015, 43.6227665], [-110.7870217, 43.6226164], [-110.787027, 43.6225743], [-110.7870521, 43.6223735], [-110.7870893, 43.6222599], [-110.7870919, 43.622252], [-110.7871612, 43.6221235], [-110.787254, 43.6219725], [-110.7873908, 43.6218502], [-110.7874846, 43.6217201], [-110.7875863, 43.6215454], [-110.7876457, 43.621424], [-110.7876756, 43.6213383], [-110.7877056, 43.621174], [-110.7877126, 43.6208813], [-110.7877269, 43.6207166], [-110.7877867, 43.6205166], [-110.7878146, 43.6203201], [-110.7878655, 43.6201318], [-110.7879459, 43.619988], [-110.7880742, 43.6198739], [-110.7881926, 43.6197812], [-110.7884785, 43.6195959], [-110.788735, 43.6194106], [-110.7889089, 43.6192444], [-110.7890564, 43.6191318], [-110.7891476, 43.6190017], [-110.789298, 43.6187612], [-110.7894462, 43.6185828], [-110.7896829, 43.6183903], [-110.7897007, 43.6183705], [-110.7898113, 43.6182476], [-110.7900785, 43.617805], [-110.7902467, 43.6175194], [-110.7904807, 43.6171026], [-110.7906228, 43.6168366], [-110.7907033, 43.6166696], [-110.7908696, 43.6164812], [-110.7909796, 43.6162618], [-110.7910091, 43.6160914], [-110.7910439, 43.615988], [-110.7911056, 43.6158559], [-110.791111, 43.6157744], [-110.7910815, 43.6156656], [-110.7910842, 43.6155375], [-110.7911591, 43.6153841], [-110.7912387, 43.615127], [-110.791279, 43.6148626], [-110.7913287, 43.6147055], [-110.7914165, 43.6145935], [-110.7914737, 43.6145119], [-110.7915107, 43.6144441], [-110.7915563, 43.6143056], [-110.7916061, 43.6141342], [-110.791656, 43.6139177], [-110.7916824, 43.6137577], [-110.7916954, 43.6136372], [-110.7917164, 43.6135412], [-110.7918152, 43.6134056], [-110.7918955, 43.613247], [-110.7919056, 43.6131493], [-110.7918274, 43.6127052], [-110.7918181, 43.6125694], [-110.791848, 43.6124408], [-110.7919042, 43.6123335], [-110.7919456, 43.612204], [-110.79198, 43.6119968], [-110.7920176, 43.611755], [-110.7920579, 43.6115898], [-110.792117, 43.6114478], [-110.7921775, 43.6112957], [-110.7922862, 43.6108764], [-110.7923262, 43.6106906], [-110.7923069, 43.6105905], [-110.7922187, 43.6104975], [-110.7920813, 43.6104115], [-110.7919877, 43.6103341], [-110.791954, 43.610281], [-110.7919364, 43.6102064], [-110.7919743, 43.6100539], [-110.7920338, 43.6099111], [-110.7920772, 43.6097737], [-110.7921139, 43.6095882], [-110.7921338, 43.6094467], [-110.7921631, 43.6092881], [-110.792214, 43.6091999], [-110.7922608, 43.6091154], [-110.7923319, 43.6090325], [-110.7923797, 43.6089214], [-110.7924015, 43.6088254], [-110.7924019, 43.6087039], [-110.7923825, 43.6086109], [-110.7923824, 43.6085425], [-110.7923981, 43.6084831], [-110.7924872, 43.6083681], [-110.7925411, 43.6082753], [-110.7925709, 43.6081753], [-110.7926024, 43.6080591], [-110.7926602, 43.6079156], [-110.7926855, 43.6078409], [-110.792693, 43.6077905], [-110.7927145, 43.607695], [-110.7927107, 43.6075609], [-110.7927111, 43.6074638], [-110.7927115, 43.6073394], [-110.7927121, 43.607175]]}, "properties": {"attribution": "US National Park Service", "bicycle:conditional": "no @ (Nov 1-May)", "cycleway": "shared_lane", "highway": "secondary", "import": "tetonroad_20090805", "maxlength": "23'", "maxwidth": "8'", "motor_vehicle:conditional": "no @ (Nov 1-May)", "name": "Moose-Wilson Road", "nfs:teton:OBJECTID": "1459;1460;2037;1996;1989;1988;1986;1969;1967;5421;5412;5408;5396;5403;5402;5470;5469;1882;1881;1868;1850;1849;1848;1846;1845;5422", "surface": "asphalt", "trailer": "no", "osm_id": 315955703}}, {"type": "Feature", "geometry": {"type": "LineString", "coordinates": [[-110.7840503, 43.6261425], [-110.7840481, 43.6259977]]}, "properties": {"attribution": "US National Park Service", "bicycle:conditional": "no @ (Nov 1-May)", "bridge": "yes", "cycleway": "shared_lane", "highway": "secondary", "import": "tetonroad_20090805", "lanes": "1", "maxspeed": "5 mph", "motor_vehicle:conditional": "no @ (Nov 1-May)", "name": "Moose-Wilson Road", "nfs:teton:OBJECTID": "1459;1460;2037;1996;1989;1988;1986;1969;1967;5421;5412;5408;5396;5403;5402;5470;5469;1882;1881;1868;1850;1849;1848;1846;1845;5422", "surface": "asphalt", "osm_id": 315955704}}, {"type": "Feature", "geometry": {"type": "LineString", "coordinates": [[-110.793434, 43.6047515], [-110.7933259, 43.6046028], [-110.7931345, 43.6043356], [-110.7930279, 43.6041648], [-110.7929395, 43.6039521], [-110.7929204, 43.603802], [-110.792932, 43.6035466], [-110.7929796, 43.6033657], [-110.7930744, 43.6031917], [-110.793348, 43.6028401], [-110.7935682, 43.6025973], [-110.7938058, 43.6024115], [-110.7938485, 43.6023874], [-110.7947562, 43.6018756], [-110.7952067, 43.6016165], [-110.7953868, 43.6015265], [-110.7964599, 43.6012068], [-110.7967652, 43.6010858], [-110.7969427, 43.6009432], [-110.7972191, 43.6006435], [-110.797387, 43.6004223], [-110.7974959, 43.6002009], [-110.7976046, 43.600051], [-110.7977431, 43.5998755], [-110.797776, 43.5998338]]}, "properties": {"attribution": "US National Park Service", "cycleway": "shared_lane", "highway": "secondary", "import": "tetonroad_20090805", "maxlength": "23'", "maxwidth": "8'", "name": "Moose-Wilson Road", "nfs:teton:OBJECTID": "1459;1460;2037;1996;1989;1988;1986;1969;1967;5421;5412;5408;5396;5403;5402;5470;5469;1882;1881;1868;1850;1849;1848;1846;1845;5422", "tracktype": "grade3", "trailer": "no", "osm_id": 315961450}}, {"type": "Feature", "geometry": {"type": "LineString", "coordinates": [[-110.7935091, 43.6048486], [-110.793434, 43.6047515]]}, "properties": {"attribution": "US National Park Service", "bridge": "yes", "cycleway": "shared_lane", "highway": "secondary", "import": "tetonroad_20090805", "name": "Moose-Wilson Road", "nfs:teton:OBJECTID": "1459;1460;2037;1996;1989;1988;1986;1969;1967;5421;5412;5408;5396;5403;5402;5470;5469;1882;1881;1868;1850;1849;1848;1846;1845;5422", "tracktype": "grade3", "osm_id": 315961451}}, {"type": "Feature", "geometry": {"type": "LineString", "coordinates": [[-110.646027, 43.97364], [-110.6467105, 43.9739337], [-110.647079, 43.974068], [-110.647812, 43.974297], [-110.650154, 43.9749506], [-110.6510107, 43.9751927], [-110.652679, 43.975677], [-110.653763, 43.976067], [-110.654793, 43.976528], [-110.656082, 43.977215], [-110.656998, 43.977783], [-110.657845, 43.978401], [-110.658379, 43.97884], [-110.659904, 43.980186], [-110.6605538, 43.9806599], [-110.6630716, 43.9823464], [-110.663689, 43.982784], [-110.663948, 43.983006], [-110.664406, 43.983482], [-110.664597, 43.983742], [-110.665115, 43.984528], [-110.667953, 43.989017], [-110.668442, 43.989819], [-110.668625, 43.990074], [-110.668831, 43.990322], [-110.669075, 43.990547], [-110.670143, 43.991413], [-110.670395, 43.991646], [-110.670616, 43.99189], [-110.67099, 43.992401], [-110.6715438, 43.9932967], [-110.6724, 43.9947143], [-110.672607, 43.995056], [-110.672806, 43.995308], [-110.673035, 43.995548], [-110.673286, 43.99577], [-110.673561, 43.995983], [-110.674477, 43.996552], [-110.675064, 43.996948], [-110.675636, 43.997356], [-110.675911, 43.997574], [-110.676155, 43.997803], [-110.6766504, 43.9983871], [-110.6769079, 43.9988309], [-110.677101, 43.9993209], [-110.6772459, 43.9999345], [-110.6774068, 44.0007834], [-110.6781578, 44.0045379], [-110.678375, 44.005104], [-110.678535, 44.005363], [-110.678734, 44.005615], [-110.67897, 44.005852], [-110.67923, 44.006073], [-110.679512, 44.006279], [-110.679825, 44.006462], [-110.680153, 44.00663], [-110.680504, 44.006767], [-110.680878, 44.006886], [-110.681252, 44.006977], [-110.681641, 44.007042], [-110.682037, 44.007084], [-110.6825424, 44.0070972], [-110.682838, 44.007092], [-110.683235, 44.007053], [-110.683624, 44.006996], [-110.684395, 44.00684], [-110.685181, 44.006691], [-110.6855004, 44.0066499], [-110.68557, 44.006641], [-110.686065, 44.0065752], [-110.6864351, 44.0065868], [-110.6867999, 44.0066061], [-110.687229, 44.0066446], [-110.6876528, 44.0067527], [-110.6879908, 44.0068491], [-110.6883287, 44.0069688], [-110.6887525, 44.007154], [-110.6890315, 44.0073121], [-110.6893748, 44.0075514], [-110.6896377, 44.007752], [-110.6898791, 44.0079874], [-110.6900936, 44.0082497], [-110.6902331, 44.0084928], [-110.6903726, 44.0087976], [-110.6905335, 44.0090793], [-110.6921268, 44.0126905], [-110.6928563, 44.0144883], [-110.6932372, 44.0153949], [-110.693382, 44.0157344], [-110.6936985, 44.0162822], [-110.6944335, 44.0175205], [-110.6947339, 44.018022], [-110.6949055, 44.0185389], [-110.6949914, 44.0188823], [-110.6950504, 44.0192101], [-110.6950504, 44.0197193], [-110.6949967, 44.020217], [-110.6948787, 44.0206992], [-110.694766, 44.0210155], [-110.6945407, 44.0214629], [-110.6940848, 44.0222961], [-110.6936395, 44.023083], [-110.6934142, 44.0236424], [-110.6933069, 44.0239509], [-110.6931835, 44.0244562], [-110.6931192, 44.0249345], [-110.6930548, 44.0253318], [-110.693062, 44.02589], [-110.6932908, 44.027326], [-110.6935591, 44.0293316], [-110.6936234, 44.0299024], [-110.6936288, 44.0302341], [-110.6935966, 44.0305311], [-110.6935215, 44.0309901], [-110.6933981, 44.0314452], [-110.693323, 44.0316881], [-110.692917, 44.032482], [-110.692825, 44.032764], [-110.692703, 44.033337], [-110.6926511, 44.0336592], [-110.692652, 44.0337439], [-110.692657, 44.034203], [-110.692787, 44.035069], [-110.693687, 44.039661], [-110.69384, 44.040524], [-110.693871, 44.040813], [-110.693878, 44.041103], [-110.693855, 44.041393], [-110.693825, 44.041683], [-110.693764, 44.041965], [-110.693581, 44.042534], [-110.693451, 44.042812], [-110.693153, 44.043346], [-110.6927822, 44.0439578], [-110.6919044, 44.0454181], [-110.6916778, 44.0458567], [-110.6914538, 44.0463611]]}, "properties": {"attribution": "US National Park Service", "hgv": "designated", "hgv:national_network": "yes", "highway": "primary", "import": "tetonroad_20090805", "lanes": "2", "maxspeed": "45 mph", "name": "North Park Road", "nfs:teton:OBJECTID": "339;4250;4331;4546;4545", "ref": "US 89;US 191;US 287", "source:hgv:national_network": "https://hepgis-usdot.hub.arcgis.com/apps/usdot::national-network-conventional-combination-trucks-map/explore", "surface": "asphalt", "wydot_ml_number": "10", "osm_id": 326128210}}, {"type": "Feature", "geometry": {"type": "LineString", "coordinates": [[-110.5881357, 43.903957], [-110.588463, 43.904034], [-110.589233, 43.90419], [-110.590012, 43.904327], [-110.591187, 43.904503], [-110.5923366, 43.9046315], [-110.5930648, 43.9046925], [-110.593987, 43.904736], [-110.594788, 43.904755], [-110.595993, 43.904743], [-110.596794, 43.904709], [-110.597992, 43.904613], [-110.598785, 43.904526], [-110.6000524, 43.9043376], [-110.6007095, 43.9042221], [-110.601509, 43.904053], [-110.602272, 43.903873], [-110.604904, 43.903149], [-110.605659, 43.902973], [-110.606445, 43.902847], [-110.606842, 43.902802], [-110.607651, 43.902752], [-110.608047, 43.902752], [-110.608444, 43.90276], [-110.609245, 43.902821], [-110.610039, 43.902931], [-110.610435, 43.903011], [-110.610817, 43.903099], [-110.611572, 43.903316], [-110.613022, 43.903782], [-110.614136, 43.90411], [-110.614899, 43.904282], [-110.615677, 43.904411], [-110.61647, 43.904503], [-110.617264, 43.904545], [-110.618073, 43.904545], [-110.6198513, 43.9045145], [-110.620483, 43.904507], [-110.62088, 43.904518], [-110.62166, 43.904585], [-110.6223124, 43.9047058], [-110.6228306, 43.904842], [-110.6231896, 43.904968], [-110.6235406, 43.905109], [-110.6238686, 43.905273], [-110.6241817, 43.905457], [-110.6244716, 43.905655], [-110.6247456, 43.905865], [-110.6249976, 43.90609], [-110.6252266, 43.90633], [-110.6254326, 43.906578], [-110.6263636, 43.907856], [-110.6269656, 43.908611], [-110.6276146, 43.909344], [-110.6280796, 43.909821], [-110.6287864, 43.9105292]]}, "properties": {"attribution": "US National Park Service", "hgv": "designated", "hgv:national_network": "yes", "highway": "primary", "import": "tetonroad_20090805", "lanes": "2", "maxspeed": "45 mph", "name": "North Park Road", "nfs:teton:OBJECTID": "339;4250;4331;4546;4545;5005;5007;5008", "ref": "US 89;US 191;US 287", "source:hgv:national_network": "https://hepgis-usdot.hub.arcgis.com/apps/usdot::national-network-conventional-combination-trucks-map/explore", "surface": "paved", "wydot_ml_number": "10", "osm_id": 334237131}}, {"type": "Feature", "geometry": {"type": "LineString", "coordinates": [[-110.5868452, 43.9036367], [-110.5881357, 43.903957]]}, "properties": {"attribution": "US National Park Service", "bridge": "yes", "hgv": "designated", "hgv:national_network": "yes", "highway": "primary", "import": "tetonroad_20090805", "lanes": "2", "layer": "1", "maxspeed": "45 mph", "name": "North Park Road", "nfs:teton:OBJECTID": "339;4250;4331;4546;4545;5005;5007;5008", "ref": "US 89;US 191;US 287", "source:hgv:national_network": "https://hepgis-usdot.hub.arcgis.com/apps/usdot::national-network-conventional-combination-trucks-map/explore", "surface": "paved", "wydot_ml_number": "10", "osm_id": 334237132}}, {"type": "Feature", "geometry": {"type": "LineString", "coordinates": [[-110.7448643, 43.3839125], [-110.7456744, 43.3852868]]}, "properties": {"NHS": "yes", "bridge": "yes", "hgv": "designated", "hgv:national_network": "yes", "highway": "trunk", "lanes": "5", "lanes:backward": "2", "lanes:both_ways": "1", "lanes:forward": "2", "layer": "1", "maxspeed": "55 mph", "name": "South Highway 89", "ref": "US 26;US 89;US 189;US 191", "source:hgv:national_network": "https://hepgis-usdot.hub.arcgis.com/apps/usdot::national-network-conventional-combination-trucks-map/explore", "tiger:cfcc": "A21", "tiger:name_base": "United States Highway 191", "tiger:name_base_1": "Broadway", "tiger:name_base_2": "United States Highway 26", "tiger:name_base_3": "United States Highway 89", "tiger:name_base_4": "United States Highway 189", "tiger:name_direction_prefix_1": "W", "turn:lanes:both_ways": "left", "wydot_ml_number": "10", "osm_id": 335171124}}, {"type": "Feature", "geometry": {"type": "LineString", "coordinates": [[-110.7456744, 43.3852868], [-110.7458809, 43.3856376], [-110.7462055, 43.3862809], [-110.7463717, 43.3866864], [-110.7465139, 43.3871503], [-110.7466024, 43.3876356], [-110.7467043, 43.3881171], [-110.7468009, 43.3886122]]}, "properties": {"NHS": "yes", "hgv": "designated", "hgv:national_network": "yes", "highway": "trunk", "lanes": "5", "lanes:backward": "2", "lanes:both_ways": "1", "lanes:forward": "2", "maxspeed": "55 mph", "name": "South Highway 89", "ref": "US 26;US 89;US 189;US 191", "source:hgv:national_network": "https://hepgis-usdot.hub.arcgis.com/apps/usdot::national-network-conventional-combination-trucks-map/explore", "tiger:cfcc": "A21", "tiger:name_base": "United States Highway 191", "tiger:name_base_1": "Broadway", "tiger:name_base_2": "United States Highway 26", "tiger:name_base_3": "United States Highway 89", "tiger:name_base_4": "United States Highway 189", "tiger:name_direction_prefix_1": "W", "turn:lanes:both_ways": "left", "wydot_ml_number": "10", "osm_id": 335171125}}, {"type": "Feature", "geometry": {"type": "LineString", "coordinates": [[-110.7468009, 43.3886122], [-110.7468867, 43.3889981]]}, "properties": {"NHS": "yes", "bridge": "yes", "hgv": "designated", "hgv:national_network": "yes", "highway": "trunk", "lanes": "5", "lanes:backward": "2", "lanes:both_ways": "1", "lanes:forward": "2", "layer": "1", "maxspeed": "55 mph", "name": "South Highway 89", "ref": "US 26;US 89;US 189;US 191", "source:hgv:national_network": "https://hepgis-usdot.hub.arcgis.com/apps/usdot::national-network-conventional-combination-trucks-map/explore", "tiger:cfcc": "A21", "tiger:name_base": "United States Highway 191", "tiger:name_base_1": "Broadway", "tiger:name_base_2": "United States Highway 26", "tiger:name_base_3": "United States Highway 89", "tiger:name_base_4": "United States Highway 189", "tiger:name_direction_prefix_1": "W", "turn:lanes:both_ways": "left", "wydot_ml_number": "10", "osm_id": 335171128}}, {"type": "Feature", "geometry": {"type": "LineString", "coordinates": [[-110.7468867, 43.3889981], [-110.7474527, 43.3916704], [-110.7476056, 43.3924773], [-110.7477585, 43.3930757], [-110.7479964, 43.3938346], [-110.7482895, 43.3945511], [-110.7483995, 43.3947733], [-110.7488769, 43.3957439], [-110.7491425, 43.396235], [-110.7494, 43.3967573], [-110.7497299, 43.3973498], [-110.7499445, 43.3977006], [-110.7502368, 43.3981079], [-110.7505614, 43.3985094], [-110.7508211, 43.398804], [-110.7512641, 43.3992675], [-110.7516664, 43.3996378], [-110.7518032, 43.3997586], [-110.7523531, 43.400201], [-110.7526857, 43.4004816], [-110.7532811, 43.4008878], [-110.7537055, 43.4011933], [-110.756921, 43.403596], [-110.7590398, 43.4051176], [-110.7594824, 43.4054021], [-110.7598391, 43.4056029], [-110.760853, 43.406129], [-110.7622156, 43.406774], [-110.767654, 43.4093368], [-110.7684624, 43.4097183], [-110.7689506, 43.4099852], [-110.7693824, 43.4102482], [-110.7699806, 43.4106535], [-110.7704237, 43.4110139], [-110.7710534, 43.4115596], [-110.771378, 43.4118986], [-110.7716703, 43.4122415], [-110.7719144, 43.4125572], [-110.7721612, 43.4129098]]}, "properties": {"NHS": "yes", "hgv": "designated", "hgv:national_network": "yes", "highway": "trunk", "lanes": "5", "lanes:backward": "2", "lanes:both_ways": "1", "lanes:forward": "2", "maxspeed": "55 mph", "name": "South Highway 89", "ref": "US 26;US 89;US 189;US 191", "source:hgv:national_network": "https://hepgis-usdot.hub.arcgis.com/apps/usdot::national-network-conventional-combination-trucks-map/explore", "surface": "asphalt", "tiger:cfcc": "A21", "tiger:name_base": "United States Highway 191", "tiger:name_base_1": "Broadway", "tiger:name_base_2": "United States Highway 26", "tiger:name_base_3": "United States Highway 89", "tiger:name_base_4": "United States Highway 189", "tiger:name_direction_prefix_1": "W", "turn:lanes:both_ways": "left", "wydot_ml_number": "10", "osm_id": 335171130}}, {"type": "Feature", "geometry": {"type": "LineString", "coordinates": [[-109.7806862, 43.5989242], [-109.7808672, 43.5989814], [-109.781961, 43.5992246], [-109.7831225, 43.5994054], [-109.7839197, 43.5995398], [-109.7850944, 43.5997378], [-109.785726, 43.5998516]]}, "properties": {"NHS": "yes", "hgv": "designated", "hgv:national_network": "yes", "highway": "trunk", "lanes": "2", "ref": "US 26;US 287", "source:hgv:national_network": "https://hepgis-usdot.hub.arcgis.com/apps/usdot::national-network-conventional-combination-trucks-map/explore", "tiger:cfcc": "A21", "tiger:county": "Fremont, WY:Teton, WY", "tiger:name_base": "Highway 26:United States Highway 26:United States Highway 287", "tiger:name_base_1": "United States Highway 26:United States Highway 287", "tiger:name_base_2": "United States Highway 287", "wydot_ml_number": "30", "osm_id": 335184436}}, {"type": "Feature", "geometry": {"type": "LineString", "coordinates": [[-109.7800589, 43.5987119], [-109.7806862, 43.5989242]]}, "properties": {"NHS": "yes", "bridge": "yes", "hgv": "designated", "hgv:national_network": "yes", "highway": "trunk", "lanes": "2", "layer": "1", "ref": "US 26;US 287", "source:hgv:national_network": "https://hepgis-usdot.hub.arcgis.com/apps/usdot::national-network-conventional-combination-trucks-map/explore", "tiger:cfcc": "A21", "tiger:county": "Fremont, WY:Teton, WY", "tiger:name_base": "Highway 26:United States Highway 26:United States Highway 287", "tiger:name_base_1": "United States Highway 26:United States Highway 287", "tiger:name_base_2": "United States Highway 287", "wydot_ml_number": "30", "osm_id": 335184437}}, {"type": "Feature", "geometry": {"type": "LineString", "coordinates": [[-110.6734781, 44.1517702], [-110.6730514, 44.1514626]]}, "properties": {"attribution": "US National Park Service", "bridge": "yes", "bridge:structure": "arch", "hgv": "no", "highway": "secondary", "import": "tetonroad_20090805", "maxspeed": "35 mph", "name": "South Entrance Road", "nfs:teton:OBJECTID": "2;76;4752;5036", "nps:route_desc": "PRIMARY ROUTE", "source": "National Park Service", "unsigned_ref": "US 89;US 191;US 287", "osm_id": 336974803}}, {"type": "Feature", "geometry": {"type": "LineString", "coordinates": [[-109.9162448, 43.6416583], [-109.9174839, 43.6421308], [-109.91842, 43.642576], [-109.922167, 43.644932], [-109.9226876, 43.6452014], [-109.9237164, 43.6457374], [-109.9237744, 43.6457676], [-109.9241567, 43.6459668], [-109.9249184, 43.6463511], [-109.925441, 43.646646], [-109.9255798, 43.6467129], [-109.9267691, 43.6472866], [-109.9269575, 43.6473647], [-109.9273294, 43.6475189], [-109.927724, 43.6476825], [-109.9284214, 43.647962], [-109.9291885, 43.6482492], [-109.929902, 43.6485559], [-109.9309699, 43.6490024], [-109.9324074, 43.6496977], [-109.9339789, 43.6504578], [-109.9348587, 43.6509159], [-109.9354702, 43.6512341], [-109.9359369, 43.6515369], [-109.9363607, 43.651894], [-109.936747, 43.6522278], [-109.9370259, 43.6525266], [-109.9373156, 43.6528799], [-109.9393541, 43.6559189], [-109.9396437, 43.656307], [-109.9399388, 43.6566873], [-109.9404001, 43.657056], [-109.9408507, 43.6573471], [-109.9412853, 43.6576304], [-109.941818, 43.65799], [-109.9422187, 43.6583251], [-109.9425834, 43.6587249], [-109.9433798, 43.6598775], [-109.9443531, 43.6612989], [-109.9445175, 43.6615816], [-109.9446482, 43.6618723], [-109.944812, 43.662472], [-109.9448704, 43.6630849], [-109.944858, 43.6642162], [-109.9448985, 43.664712], [-109.9449843, 43.6649992], [-109.945097, 43.6654299], [-109.9452633, 43.6659965], [-109.9453491, 43.6662293], [-109.9453652, 43.6663729], [-109.9454051, 43.6666997], [-109.9454922, 43.6677558], [-109.9455476, 43.6681525], [-109.9456709, 43.6685738], [-109.9460017, 43.6691953], [-109.946451, 43.669767], [-109.9465092, 43.6698253], [-109.9466868, 43.6700033], [-109.9468781, 43.670238], [-109.9469944, 43.6703852], [-109.9470836, 43.6704981], [-109.9473118, 43.6707627], [-109.947681, 43.6711895], [-109.948019, 43.6716047], [-109.9484044, 43.6720289], [-109.9488594, 43.672668], [-109.9489739, 43.6728196], [-109.9492407, 43.6731448], [-109.9512202, 43.6758336], [-109.951713, 43.676513], [-109.9521536, 43.6772342], [-109.9523789, 43.6776843], [-109.9527919, 43.6786426], [-109.9530923, 43.6793215], [-109.9533874, 43.6798841], [-109.9535537, 43.6801867], [-109.9538541, 43.6806406], [-109.9542993, 43.6812885], [-109.955045, 43.6823825], [-109.955891, 43.6836041], [-109.9564773, 43.6844424], [-109.9574214, 43.6859592], [-109.9581349, 43.6873518], [-109.9584031, 43.6878406], [-109.9592882, 43.6893844], [-109.9596316, 43.6898111], [-109.96005, 43.690199], [-109.9609083, 43.6908352], [-109.9616164, 43.6913588], [-109.9621904, 43.6918204], [-109.9625605, 43.6921928], [-109.962843, 43.692566], [-109.9630541, 43.6929685], [-109.9632365, 43.6934766], [-109.963525, 43.694599], [-109.963957, 43.696202], [-109.9642342, 43.6971574], [-109.9643254, 43.6977663], [-109.9643093, 43.6982822], [-109.9642396, 43.6986429], [-109.9640143, 43.6992944], [-109.9636871, 43.6998413]]}, "properties": {"NHS": "yes", "hgv": "designated", "hgv:national_network": "yes", "highway": "trunk", "lanes": "2", "ref": "US 26;US 287", "source:hgv:national_network": "https://hepgis-usdot.hub.arcgis.com/apps/usdot::national-network-conventional-combination-trucks-map/explore", "tiger:cfcc": "A21", "tiger:county": "Fremont, WY:Teton, WY", "tiger:name_base": "Highway 26:United States Highway 26:United States Highway 287", "tiger:name_base_1": "United States Highway 26:United States Highway 287", "tiger:name_base_2": "United States Highway 287", "wydot_ml_number": "30", "osm_id": 354995271}}, {"type": "Feature", "geometry": {"type": "LineString", "coordinates": [[-110.735642, 43.6014068], [-110.7356168, 43.6014337], [-110.7356093, 43.601462], [-110.7356028, 43.6014968], [-110.7356015, 43.6015388], [-110.7356143, 43.6015883], [-110.7356742, 43.6016206], [-110.7357518, 43.6016509], [-110.7358157, 43.6016591], [-110.7358707, 43.6016511], [-110.7359247, 43.6016271], [-110.7359567, 43.6015957], [-110.7359652, 43.6015738], [-110.7359673, 43.6015519], [-110.7359528, 43.6015193], [-110.7359348, 43.6014791], [-110.7359161, 43.6014546], [-110.7358928, 43.6014318], [-110.7358431, 43.6014034], [-110.7357794, 43.6013892], [-110.7357204, 43.6013842], [-110.7356742, 43.6013921], [-110.735642, 43.6014068]]}, "properties": {"bicycle": "yes", "highway": "secondary", "junction": "roundabout", "name": "East Airport Road", "oneway": "yes", "tiger:county": "Teton, WY", "osm_id": 398954884}}, {"type": "Feature", "geometry": {"type": "LineString", "coordinates": [[-111.1105192, 43.6684669], [-111.1105187, 43.6685658]]}, "properties": {"bridge": "yes", "highway": "primary", "layer": "1", "ref": "ID 33", "tiger:cfcc": "A31", "tiger:county": "Teton, ID", "tiger:name_base": "State Highway 33", "tiger:name_base_1": "State Highway 33", "tiger:name_base_2": "Highway 33", "tiger:name_base_3": "State Highway 33 (Scenic)", "tiger:name_direction_prefix_1": "S", "tiger:name_direction_prefix_2": "S", "osm_id": 436322969}}, {"type": "Feature", "geometry": {"type": "LineString", "coordinates": [[-111.1105187, 43.6685658], [-111.110517, 43.66886], [-111.110503, 43.672174], [-111.110478, 43.676264], [-111.110473, 43.679521], [-111.110462, 43.683518], [-111.110468, 43.6850908], [-111.1104612, 43.6853029], [-111.110466, 43.6858426], [-111.1104533, 43.6894786], [-111.1104456, 43.690354], [-111.1104412, 43.6923091], [-111.110416, 43.694058], [-111.110401, 43.697021], [-111.110404, 43.698972], [-111.110398, 43.700909], [-111.110375, 43.703043], [-111.1103637, 43.7058481], [-111.1103762, 43.706761], [-111.1103967, 43.707198], [-111.1104473, 43.7075801], [-111.1105124, 43.7080487]]}, "properties": {"highway": "primary", "lanes": "2", "ref": "ID 33", "surface": "asphalt", "tiger:cfcc": "A31", "tiger:county": "Teton, ID", "tiger:name_base": "State Highway 33", "tiger:name_base_1": "State Highway 33", "tiger:name_base_2": "Highway 33", "tiger:name_direction_prefix_1": "S", "tiger:name_direction_prefix_2": "S", "osm_id": 436322970}}, {"type": "Feature", "geometry": {"type": "LineString", "coordinates": [[-111.160186, 43.818061], [-111.160187, 43.817955], [-111.1601893, 43.8176203], [-111.1601949, 43.8167917], [-111.1601971, 43.8164648], [-111.1601974, 43.8164221], [-111.160203, 43.8154713], [-111.1602033, 43.8153994], [-111.160204, 43.815256], [-111.1602067, 43.8145582], [-111.160207, 43.8144799]]}, "properties": {"highway": "primary", "name": "North Main Street", "ref": "SH 33", "surface": "asphalt", "tiger:cfcc": "A31", "tiger:county": "Fremont, ID:Madison, ID:Teton, ID", "tiger:name_base": "State Highway 33", "tiger:name_base_1": "Highway 33", "tiger:name_direction_prefix_1": "W", "osm_id": 436341879}}, {"type": "Feature", "geometry": {"type": "LineString", "coordinates": [[-111.0959474, 43.5863028], [-111.0960619, 43.586381]]}, "properties": {"bridge": "yes", "highway": "primary", "maxspeed": "55 mph", "ref": "ID 33", "surface": "asphalt", "tiger:cfcc": "A31", "tiger:county": "Teton, ID", "tiger:name_base": "State Highway 33", "osm_id": 436504502}}, {"type": "Feature", "geometry": {"type": "LineString", "coordinates": [[-111.0693265, 43.5646735], [-111.0694215, 43.5649063]]}, "properties": {"bridge": "yes", "highway": "primary", "maxspeed": "55 mph", "ref": "ID 33", "surface": "asphalt", "tiger:cfcc": "A31", "tiger:county": "Teton, ID", "tiger:name_base": "State Highway 33", "osm_id": 436504503}}, {"type": "Feature", "geometry": {"type": "LineString", "coordinates": [[-111.068664, 43.562788], [-111.0686934, 43.5628795]]}, "properties": {"bridge": "yes", "highway": "primary", "maxspeed": "55 mph", "ref": "ID 33", "surface": "asphalt", "tiger:cfcc": "A31", "tiger:county": "Teton, ID", "tiger:name_base": "State Highway 33", "osm_id": 436504504}}, {"type": "Feature", "geometry": {"type": "LineString", "coordinates": [[-111.0960619, 43.586381], [-111.097241, 43.587186], [-111.098646, 43.588181], [-111.1014032, 43.5900412], [-111.1047584, 43.5923523], [-111.1088751, 43.5952387], [-111.1098037, 43.5959046], [-111.1102537, 43.5963374], [-111.1105956, 43.5967494], [-111.1108404, 43.5971145], [-111.1110726, 43.5975582], [-111.1112661, 43.5981104]]}, "properties": {"highway": "primary", "lanes": "2", "maxspeed": "55 mph", "ref": "ID 33", "shoulder": "both", "smoothness": "excellent", "surface": "asphalt", "tiger:cfcc": "A31", "tiger:county": "Teton, ID", "tiger:name_base": "State Highway 33", "osm_id": 436504505}}, {"type": "Feature", "geometry": {"type": "LineString", "coordinates": [[-111.0686934, 43.5628795], [-111.068944, 43.563661], [-111.0690762, 43.564011], [-111.0693265, 43.5646735]]}, "properties": {"highway": "primary", "maxspeed": "55 mph", "ref": "ID 33", "surface": "asphalt", "tiger:cfcc": "A31", "tiger:county": "Teton, ID", "tiger:name_base": "State Highway 33", "osm_id": 436504506}}, {"type": "Feature", "geometry": {"type": "LineString", "coordinates": [[-111.045498, 43.54344], [-111.045621, 43.543509], [-111.0457151, 43.5435607], [-111.047495, 43.544539], [-111.048721, 43.545183], [-111.049366, 43.54554], [-111.051225, 43.546515], [-111.052249, 43.547065], [-111.053209, 43.547569], [-111.053942, 43.547943], [-111.055496, 43.548746], [-111.056321, 43.549181], [-111.057094, 43.549654], [-111.058062, 43.550238], [-111.058683, 43.550637], [-111.061398, 43.552678], [-111.061622, 43.552858], [-111.06246, 43.553536], [-111.062536, 43.553597], [-111.063278, 43.554135], [-111.064709, 43.555223], [-111.065113, 43.555516], [-111.065484, 43.555844], [-111.065694, 43.556066], [-111.065936, 43.556301], [-111.066243, 43.556687], [-111.066452, 43.556933], [-111.0668641, 43.5576019], [-111.0670358, 43.5579022], [-111.0672123, 43.5582899], [-111.0675335, 43.5590692], [-111.0675409, 43.5590998], [-111.0676177, 43.5593928], [-111.06791, 43.560396], [-111.068072, 43.560946], [-111.068477, 43.562228], [-111.068664, 43.562788]]}, "properties": {"highway": "primary", "maxspeed": "55 mph", "ref": "ID 33", "surface": "asphalt", "tiger:cfcc": "A31", "tiger:county": "Teton, ID", "tiger:name_base": "State Highway 33", "osm_id": 436504507}}, {"type": "Feature", "geometry": {"type": "LineString", "coordinates": [[-111.110562, 43.7082722], [-111.1107048, 43.7089758], [-111.1107223, 43.7090475], [-111.111026, 43.710423], [-111.111062, 43.710695], [-111.1111046, 43.7112501], [-111.1111062, 43.7122075], [-111.1110934, 43.7133455], [-111.111095, 43.715325], [-111.1110851, 43.7157265]]}, "properties": {"highway": "primary", "ref": "ID 33", "surface": "asphalt", "tiger:cfcc": "A31", "tiger:county": "Teton, ID", "tiger:name_base": "State Highway 33", "tiger:name_base_1": "State Highway 33", "tiger:name_base_2": "Highway 33", "tiger:name_base_3": "State Highway 33 (Scenic)", "tiger:name_direction_prefix_1": "S", "tiger:name_direction_prefix_2": "S", "osm_id": 437219676}}, {"type": "Feature", "geometry": {"type": "LineString", "coordinates": [[-111.1105124, 43.7080487], [-111.110562, 43.7082722]]}, "properties": {"bridge": "yes", "highway": "primary", "layer": "1", "ref": "ID 33", "tiger:cfcc": "A31", "tiger:county": "Teton, ID", "tiger:name_base": "State Highway 33", "tiger:name_base_1": "State Highway 33", "tiger:name_base_2": "Highway 33", "tiger:name_base_3": "State Highway 33 (Scenic)", "tiger:name_direction_prefix_1": "S", "tiger:name_direction_prefix_2": "S", "osm_id": 437219677}}, {"type": "Feature", "geometry": {"type": "LineString", "coordinates": [[-111.0266501, 43.7553662], [-111.0261489, 43.7554876], [-111.0258549, 43.7555528], [-111.0256461, 43.755593], [-111.025347, 43.7556406], [-111.0248875, 43.7557031], [-111.0245906, 43.755753], [-111.0243787, 43.7557927], [-111.0241934, 43.7558367], [-111.0235861, 43.756], [-111.0229744, 43.7561527], [-111.02265, 43.7562267], [-111.0222704, 43.7562968], [-111.0218435, 43.7563796], [-111.0214363, 43.756462], [-111.0211228, 43.7565362], [-111.0207134, 43.7566393], [-111.020325, 43.7567476], [-111.0196996, 43.7569309], [-111.0190688, 43.757125], [-111.0188359, 43.7571895], [-111.0186562, 43.757235], [-111.0184617, 43.7572805], [-111.0182472, 43.7573164], [-111.0179883, 43.7573484], [-111.0176278, 43.7573807], [-111.0173036, 43.7574088], [-111.0171005, 43.7574317], [-111.0169235, 43.7574588], [-111.0166252, 43.7575117], [-111.0159351, 43.7576438], [-111.0152925, 43.7577639], [-111.0149252, 43.7578443], [-111.0146304, 43.757922], [-111.0143875, 43.7579983], [-111.0141434, 43.7580831], [-111.0139261, 43.7581746], [-111.0137115, 43.7582695], [-111.0135322, 43.7583576], [-111.0133696, 43.7584507], [-111.0132355, 43.7585359], [-111.0131152, 43.758623], [-111.0130021, 43.7587219], [-111.0129116, 43.7588183], [-111.0128499, 43.7588967], [-111.012782, 43.7589938], [-111.0127185, 43.7591001], [-111.0126713, 43.7591882], [-111.0126252, 43.7592992], [-111.0125917, 43.7594164], [-111.0125756, 43.7595021], [-111.0125673, 43.7595868], [-111.0125696, 43.7596673], [-111.0125676, 43.7597569], [-111.012579, 43.7598876], [-111.012627, 43.7602321], [-111.0126353, 43.7603758], [-111.012634, 43.7605017], [-111.0126244, 43.7606016], [-111.0126105, 43.7606896], [-111.012591, 43.7607516], [-111.0125656, 43.7608163], [-111.0125347, 43.760879], [-111.0124918, 43.7609453], [-111.0124446, 43.7610109], [-111.0123959, 43.7610693], [-111.0123451, 43.7611233], [-111.0122792, 43.7611855], [-111.0122062, 43.7612446], [-111.0121117, 43.7613086], [-111.0120506, 43.7613463], [-111.0119967, 43.7613726], [-111.0119138, 43.7614151], [-111.0117783, 43.7614713], [-111.0115188, 43.7615676], [-111.0110305, 43.7617457]]}, "properties": {"bicycle": "designated", "cycleway": "lane", "highway": "secondary", "name": "Alta Ski Hill Road East", "name_1": "2215", "name_2": "Targhee Road", "tiger:cfcc": "A41", "tiger:county": "Teton, WY", "tiger:name_base": "Alta", "tiger:name_base_1": "2215", "tiger:name_base_2": "Targhee", "tiger:name_type": "Rd", "tiger:name_type_2": "Rd", "osm_id": 438649066}}, {"type": "Feature", "geometry": {"type": "LineString", "coordinates": [[-110.7650762, 43.4833722], [-110.7650934, 43.4833199], [-110.7650901, 43.482975], [-110.76509, 43.4829065], [-110.76509, 43.4828045], [-110.76509, 43.4827772], [-110.7650899, 43.4826137], [-110.765089, 43.4819397], [-110.765089, 43.4818469], [-110.7650897, 43.4817714], [-110.7650881, 43.4804098], [-110.765088, 43.4803303], [-110.765089, 43.480252], [-110.765088, 43.4796727], [-110.765087, 43.4795862]]}, "properties": {"access": "yes", "cycleway": "lane", "highway": "trunk", "lanes": "2", "lcn": "yes", "maxspeed": "25 mph", "name": "North Millward Street", "oneway": "no", "postal_code": "83001", "sidewalk": "both", "source": "survey 10/2016", "surface": "asphalt", "osm_id": 448185373}}, {"type": "Feature", "geometry": {"type": "LineString", "coordinates": [[-111.200516, 43.824889], [-111.198893, 43.824892], [-111.194992, 43.824899], [-111.192518, 43.824868], [-111.190516, 43.824836]]}, "properties": {"highway": "primary", "name": "West Highway 33", "ref": "SH 33", "surface": "asphalt", "tiger:cfcc": "A31", "tiger:county": "Fremont, ID:Madison, ID:Teton, ID", "tiger:name_base": "State Highway 33", "tiger:name_base_1": "Highway 33", "tiger:name_direction_prefix_1": "W", "osm_id": 451928593}}, {"type": "Feature", "geometry": {"type": "LineString", "coordinates": [[-111.1610614, 43.8236833], [-111.160701, 43.823242], [-111.160398, 43.822765], [-111.160271, 43.82245], [-111.160209, 43.822195], [-111.160191, 43.822118], [-111.160159, 43.821818], [-111.16015, 43.821228], [-111.16017, 43.819771], [-111.160171, 43.818682], [-111.160184, 43.818224], [-111.160186, 43.818061]]}, "properties": {"highway": "primary", "lane_markings": "yes", "lanes": "2", "name": "North Main Street", "ref": "SH 33", "surface": "asphalt", "tiger:cfcc": "A31", "tiger:county": "Fremont, ID:Madison, ID:Teton, ID", "tiger:name_base": "State Highway 33", "tiger:name_base_1": "Highway 33", "tiger:name_direction_prefix_1": "W", "osm_id": 451928598}}, {"type": "Feature", "geometry": {"type": "LineString", "coordinates": [[-111.190516, 43.824836], [-111.1851147, 43.8248482], [-111.1805695, 43.8248488], [-111.1779031, 43.8248555], [-111.1701967, 43.8248707], [-111.1688489, 43.8248779], [-111.165117, 43.8248683], [-111.1643575, 43.8248686], [-111.163962, 43.8248516], [-111.1635732, 43.8248053], [-111.1632306, 43.8247417], [-111.1626992, 43.8246021], [-111.1622897, 43.8244425], [-111.1619658, 43.8242927], [-111.1616161, 43.8240874], [-111.1613188, 43.8238832], [-111.1610614, 43.8236833]]}, "properties": {"bicycle": "designated", "highway": "primary", "lane_markings": "yes", "lanes": "2", "name": "West Highway 33", "ref": "SH 33", "surface": "asphalt", "tiger:cfcc": "A31", "tiger:county": "Fremont, ID:Madison, ID:Teton, ID", "tiger:name_base": "State Highway 33", "tiger:name_base_1": "Highway 33", "tiger:name_direction_prefix_1": "W", "osm_id": 451928599}}, {"type": "Feature", "geometry": {"type": "LineString", "coordinates": [[-109.7942363, 43.6021705], [-109.7945822, 43.6024246]]}, "properties": {"NHS": "yes", "bridge": "yes", "hgv": "designated", "hgv:national_network": "yes", "highway": "trunk", "lanes": "2", "layer": "1", "ref": "US 26;US 287", "source:hgv:national_network": "https://hepgis-usdot.hub.arcgis.com/apps/usdot::national-network-conventional-combination-trucks-map/explore", "tiger:cfcc": "A21", "tiger:county": "Fremont, WY:Teton, WY", "tiger:name_base": "Highway 26:United States Highway 26:United States Highway 287", "tiger:name_base_1": "United States Highway 26:United States Highway 287", "tiger:name_base_2": "United States Highway 287", "wydot_ml_number": "30", "osm_id": 475097726}}, {"type": "Feature", "geometry": {"type": "LineString", "coordinates": [[-109.785726, 43.5998516], [-109.7868968, 43.6000323], [-109.7878458, 43.6001974], [-109.7889673, 43.6003804], [-109.7900734, 43.6005656], [-109.7911517, 43.6007865], [-109.7922517, 43.6011479], [-109.7924177, 43.6012111], [-109.7927261, 43.6013286], [-109.7931637, 43.6015495], [-109.7936474, 43.601815], [-109.7937895, 43.6019008], [-109.7942363, 43.6021705]]}, "properties": {"NHS": "yes", "hgv": "designated", "hgv:national_network": "yes", "highway": "trunk", "lanes": "2", "ref": "US 26;US 287", "source:hgv:national_network": "https://hepgis-usdot.hub.arcgis.com/apps/usdot::national-network-conventional-combination-trucks-map/explore", "tiger:cfcc": "A21", "tiger:county": "Fremont, WY:Teton, WY", "tiger:name_base": "Highway 26:United States Highway 26:United States Highway 287", "tiger:name_base_1": "United States Highway 26:United States Highway 287", "tiger:name_base_2": "United States Highway 287", "wydot_ml_number": "30", "osm_id": 475097727}}, {"type": "Feature", "geometry": {"type": "LineString", "coordinates": [[-110.01208, 43.7182332], [-110.0131385, 43.7188581]]}, "properties": {"NHS": "yes", "hgv": "designated", "hgv:national_network": "yes", "highway": "trunk", "lanes": "2", "ref": "US 26;US 287", "source": "Bing", "source:hgv:national_network": "https://hepgis-usdot.hub.arcgis.com/apps/usdot::national-network-conventional-combination-trucks-map/explore", "tiger:cfcc": "A21", "tiger:county": "Fremont, WY:Teton, WY", "tiger:name_base": "Highway 26:United States Highway 26:United States Highway 287", "tiger:name_base_1": "United States Highway 26:United States Highway 287", "tiger:name_base_2": "United States Highway 287", "wydot_ml_number": "30", "osm_id": 560600311}}, {"type": "Feature", "geometry": {"type": "LineString", "coordinates": [[-109.9654067, 43.7060819], [-109.9656984, 43.7061912], [-109.9660356, 43.7063155], [-109.9667906, 43.706523], [-109.9672964, 43.7067424], [-109.967672, 43.707017], [-109.9679144, 43.7072604], [-109.9681553, 43.7076339], [-109.9685106, 43.70815], [-109.9688631, 43.7084904], [-109.9692031, 43.708737], [-109.9694214, 43.7088402], [-109.9698717, 43.7090531], [-109.9703014, 43.7091631], [-109.9706452, 43.7092034], [-109.9710997, 43.7092123], [-109.9716079, 43.7091397], [-109.9720321, 43.7090228], [-109.9724563, 43.7088595], [-109.9732976, 43.7083688], [-109.9741743, 43.7079293], [-109.9747688, 43.7077948], [-109.9750939, 43.7077212], [-109.9762392, 43.7078693], [-109.9769599, 43.7081376], [-109.9777707, 43.7088335], [-109.9780026, 43.7090946], [-109.9780906, 43.7091938], [-109.9802036, 43.7114434], [-109.9824091, 43.7137293], [-109.9844469, 43.7158528], [-109.9852532, 43.7165576], [-109.9861123, 43.7171812], [-109.988198, 43.7185911], [-109.989922, 43.7197929], [-109.9902826, 43.7199908], [-109.9912391, 43.720321], [-109.9919869, 43.720517], [-109.9921285, 43.7205541], [-109.9924451, 43.7206371], [-109.9931191, 43.7207949], [-109.9934163, 43.7208645], [-109.994029, 43.721008], [-109.9949068, 43.7212366], [-109.9954485, 43.7212887], [-109.9959999, 43.7212795], [-109.9965472, 43.7212264], [-109.9971812, 43.7210545], [-109.9975926, 43.7208744], [-109.998065, 43.7205999], [-109.9984762, 43.7201572], [-109.998733, 43.7197354], [-109.9988449, 43.7193162], [-109.9989155, 43.7179345], [-109.9989392, 43.7174702], [-109.99901, 43.7164395], [-109.99922, 43.7156269], [-109.999457, 43.715374], [-109.9999706, 43.714954], [-110.0006751, 43.7146437], [-110.0014739, 43.7144767], [-110.0021482, 43.7145011], [-110.0029441, 43.714596], [-110.0052547, 43.7148933], [-110.007718, 43.7152293], [-110.008925, 43.7155686], [-110.0095082, 43.7160196], [-110.010234, 43.7167466], [-110.0106747, 43.7171894], [-110.0109081, 43.7173978], [-110.0111692, 43.717596], [-110.01208, 43.7182332]]}, "properties": {"NHS": "yes", "hgv": "designated", "hgv:national_network": "yes", "highway": "trunk", "lanes": "2", "ref": "US 26;US 287", "source": "Bing", "source:hgv:national_network": "https://hepgis-usdot.hub.arcgis.com/apps/usdot::national-network-conventional-combination-trucks-map/explore", "tiger:cfcc": "A21", "tiger:county": "Fremont, WY:Teton, WY", "tiger:name_base": "Highway 26:United States Highway 26:United States Highway 287", "tiger:name_base_1": "United States Highway 26:United States Highway 287", "tiger:name_base_2": "United States Highway 287", "wydot_ml_number": "30", "osm_id": 560600312}}, {"type": "Feature", "geometry": {"type": "LineString", "coordinates": [[-110.733318, 43.57432], [-110.733369, 43.574285], [-110.7333869, 43.5742604], [-110.7334019, 43.5742399], [-110.733413, 43.5741895], [-110.7334006, 43.574138], [-110.7333846, 43.574117]]}, "properties": {"hgv": "designated", "hgv:national_network": "yes", "highway": "trunk", "junction": "roundabout", "lanes": "1", "maxspeed": "30 mph", "maxspeed:advisory": "15 mph", "name": "North Highway 89", "oneway": "yes", "ref": "US 26;US 89;US 191", "source:hgv:national_network": "https://hepgis-usdot.hub.arcgis.com/apps/usdot::national-network-conventional-combination-trucks-map/explore", "surface": "asphalt", "osm_id": 710715432}}, {"type": "Feature", "geometry": {"type": "LineString", "coordinates": [[-110.7332786, 43.5750486], [-110.733308, 43.5748543], [-110.7332543, 43.5744813], [-110.7332852, 43.5743934], [-110.733318, 43.57432]]}, "properties": {"NHS": "yes", "attribution": "US National Park Service", "hgv": "designated", "hgv:national_network": "yes", "highway": "trunk", "import": "tetonroad_20090805", "lanes": "2", "maxspeed": "45 mph", "name": "North Highway 89", "nfs:teton:OBJECTID": "2897", "oneway": "yes", "ref": "US 26;US 89;US 191", "source:hgv:national_network": "https://hepgis-usdot.hub.arcgis.com/apps/usdot::national-network-conventional-combination-trucks-map/explore", "surface": "paved", "wydot_ml_number": "10", "osm_id": 710715433}}, {"type": "Feature", "geometry": {"type": "LineString", "coordinates": [[-110.7332584, 43.573176], [-110.7332054, 43.5720419], [-110.7331598, 43.5698752]]}, "properties": {"NHS": "yes", "attribution": "US National Park Service", "hgv": "designated", "hgv:national_network": "yes", "highway": "trunk", "import": "tetonroad_20090805", "lanes": "2", "maxspeed": "45 mph", "name": "North Highway 89", "nfs:teton:OBJECTID": "2897", "ref": "US 26;US 89;US 191", "source:hgv:national_network": "https://hepgis-usdot.hub.arcgis.com/apps/usdot::national-network-conventional-combination-trucks-map/explore", "surface": "paved", "wydot_ml_number": "10", "osm_id": 710715434}}, {"type": "Feature", "geometry": {"type": "LineString", "coordinates": [[-110.7331033, 43.5740487], [-110.7330442, 43.5740788], [-110.7330021, 43.5741214], [-110.7329817, 43.5741715], [-110.7329848, 43.5742225], [-110.7330102, 43.57427], [-110.7330376, 43.5743091], [-110.7331155, 43.5743356], [-110.7331841, 43.5743468], [-110.7332541, 43.5743414], [-110.733318, 43.57432]]}, "properties": {"hgv": "designated", "hgv:national_network": "yes", "highway": "trunk", "junction": "roundabout", "lanes": "1", "maxspeed": "30 mph", "maxspeed:advisory": "15 mph", "name": "North Highway 89", "oneway": "yes", "ref": "US 26;US 89;US 191", "source:hgv:national_network": "https://hepgis-usdot.hub.arcgis.com/apps/usdot::national-network-conventional-combination-trucks-map/explore", "surface": "asphalt", "osm_id": 710715435}}, {"type": "Feature", "geometry": {"type": "LineString", "coordinates": [[-110.7333585, 43.5740846], [-110.7333349, 43.574034], [-110.7333107, 43.5739523], [-110.7333013, 43.5738999], [-110.733292, 43.5737493], [-110.7332826, 43.5734753], [-110.7332584, 43.573176]]}, "properties": {"NHS": "yes", "attribution": "US National Park Service", "hgv": "designated", "hgv:national_network": "yes", "highway": "trunk", "import": "tetonroad_20090805", "lanes": "2", "maxspeed": "30 mph", "name": "North Highway 89", "nfs:teton:OBJECTID": "2897", "oneway": "yes", "ref": "US 26;US 89;US 191", "source:hgv:national_network": "https://hepgis-usdot.hub.arcgis.com/apps/usdot::national-network-conventional-combination-trucks-map/explore", "surface": "paved", "wydot_ml_number": "10", "osm_id": 710715436}}, {"type": "Feature", "geometry": {"type": "LineString", "coordinates": [[-110.7333585, 43.5740846], [-110.7333161, 43.5740592], [-110.7332732, 43.5740466], [-110.7332262, 43.5740388], [-110.7331565, 43.5740408], [-110.7331033, 43.5740487]]}, "properties": {"hgv": "designated", "hgv:national_network": "yes", "highway": "trunk", "junction": "roundabout", "lanes": "1", "maxspeed": "30 mph", "maxspeed:advisory": "15 mph", "name": "North Highway 89", "oneway": "yes", "ref": "US 26;US 89;US 191", "source:hgv:national_network": "https://hepgis-usdot.hub.arcgis.com/apps/usdot::national-network-conventional-combination-trucks-map/explore", "surface": "asphalt", "osm_id": 710715437}}, {"type": "Feature", "geometry": {"type": "LineString", "coordinates": [[-110.7332584, 43.573176], [-110.7332115, 43.5734539], [-110.73319, 43.5735919], [-110.7331954, 43.5737114], [-110.7332115, 43.5738202], [-110.7332075, 43.573894], [-110.7331847, 43.5739475], [-110.7331619, 43.5739902], [-110.7331033, 43.5740487]]}, "properties": {"foot": "no", "hgv": "designated", "hgv:national_network": "yes", "highway": "trunk", "horse": "no", "lanes": "1", "maxspeed": "30 mph", "name": "North Highway 89", "oneway": "yes", "ref": "US 26;US 89;US 191", "source:hgv:national_network": "https://hepgis-usdot.hub.arcgis.com/apps/usdot::national-network-conventional-combination-trucks-map/explore", "surface": "asphalt", "osm_id": 710715439}}, {"type": "Feature", "geometry": {"type": "LineString", "coordinates": [[-110.7330376, 43.5743091], [-110.7330884, 43.5744551], [-110.733143, 43.574606], [-110.7331923, 43.574775], [-110.7332101, 43.5750741], [-110.7332021, 43.5755486]]}, "properties": {"fixme": "Survey.", "hgv": "designated", "hgv:national_network": "yes", "highway": "trunk", "lanes": "1", "maxspeed": "30 mph", "name": "North Highway 89", "oneway": "yes", "ref": "US 26;US 89;US 191", "source:hgv:national_network": "https://hepgis-usdot.hub.arcgis.com/apps/usdot::national-network-conventional-combination-trucks-map/explore", "surface": "asphalt", "osm_id": 710715440}}, {"type": "Feature", "geometry": {"type": "LineString", "coordinates": [[-110.7332021, 43.5755486], [-110.7332786, 43.5750486]]}, "properties": {"NHS": "yes", "attribution": "US National Park Service", "hgv": "designated", "hgv:national_network": "yes", "highway": "trunk", "import": "tetonroad_20090805", "lanes": "2", "maxspeed": "30 mph", "name": "North Highway 89", "nfs:teton:OBJECTID": "2897", "oneway": "yes", "ref": "US 26;US 89;US 191", "source:hgv:national_network": "https://hepgis-usdot.hub.arcgis.com/apps/usdot::national-network-conventional-combination-trucks-map/explore", "surface": "paved", "wydot_ml_number": "10", "osm_id": 710715441}}, {"type": "Feature", "geometry": {"type": "LineString", "coordinates": [[-110.7524641, 43.511137], [-110.7553793, 43.5077802], [-110.7566194, 43.5063646], [-110.7570227, 43.5059057], [-110.7578325, 43.5049466], [-110.7580679, 43.5045875], [-110.7584451, 43.5039687], [-110.7586337, 43.5034616], [-110.7587934, 43.5028116], [-110.7589853, 43.5014683], [-110.7591186, 43.5000535], [-110.7592902, 43.4988603], [-110.7593998, 43.4984674], [-110.7615413, 43.4918706]]}, "properties": {"NHS": "yes", "attribution": "US National Park Service", "hgv": "designated", "hgv:national_network": "yes", "highway": "trunk", "import": "tetonroad_20090805", "lanes": "2", "maxspeed": "55 mph", "name": "North Highway 89", "nfs:teton:OBJECTID": "2897", "ref": "US 26;US 89;US 191", "source:hgv:national_network": "https://hepgis-usdot.hub.arcgis.com/apps/usdot::national-network-conventional-combination-trucks-map/explore", "surface": "paved", "wydot_ml_number": "10", "osm_id": 710719159}}, {"type": "Feature", "geometry": {"type": "LineString", "coordinates": [[-110.7714279, 43.4775841], [-110.7717482, 43.4773636], [-110.7721626, 43.4770778], [-110.7723577, 43.4769441]]}, "properties": {"NHS": "yes", "cycleway:right": "lane", "hgv": "designated", "hgv:national_network": "yes", "highway": "trunk", "lanes": "5", "lanes:backward": "2", "lanes:both_ways": "1", "lanes:forward": "2", "maxspeed": "25 mph", "name": "West Broadway Avenue", "postal_code": "83001", "ref": "US 26;US 89;US 189;US 191", "source:hgv:national_network": "https://hepgis-usdot.hub.arcgis.com/apps/usdot::national-network-conventional-combination-trucks-map/explore", "surface": "asphalt", "turn:lanes:both_ways": "left", "wydot_ml_number": "10", "osm_id": 711546576}}, {"type": "Feature", "geometry": {"type": "LineString", "coordinates": [[-110.7841436, 43.4741019], [-110.7845298, 43.4740535], [-110.7858606, 43.4738903], [-110.786435, 43.4738195], [-110.7872873, 43.4737081], [-110.7879444, 43.4736107], [-110.7883002, 43.4735487], [-110.7884997, 43.4735049]]}, "properties": {"NHS": "yes", "hgv": "designated", "hgv:national_network": "yes", "highway": "trunk", "lanes": "5", "lanes:backward": "2", "lanes:both_ways": "1", "lanes:forward": "2", "maxspeed": "35 mph", "name": "West Broadway Avenue", "postal_code": "83001", "ref": "US 26;US 89;US 189;US 191", "source:hgv:national_network": "https://hepgis-usdot.hub.arcgis.com/apps/usdot::national-network-conventional-combination-trucks-map/explore", "surface": "asphalt", "turn:lanes:both_ways": "left", "wydot_ml_number": "10", "osm_id": 711546577}}, {"type": "Feature", "geometry": {"type": "LineString", "coordinates": [[-110.7911044, 43.4716108], [-110.7909273, 43.4718967], [-110.7907701, 43.4721051], [-110.7904888, 43.4724168], [-110.7903705, 43.4725313], [-110.7902317, 43.4726462], [-110.7900312, 43.472804], [-110.7897138, 43.4730055], [-110.7894544, 43.4731451], [-110.7891828, 43.4732588], [-110.7888998, 43.4733718], [-110.7887199, 43.4734362], [-110.7886542, 43.4734594], [-110.7884997, 43.4735049]]}, "properties": {"NHS": "yes", "hgv": "designated", "hgv:national_network": "yes", "highway": "trunk", "lanes": "5", "lanes:backward": "2", "lanes:both_ways": "1", "lanes:forward": "2", "maxspeed": "35 mph", "name": "South Highway 89", "postal_code": "83001", "ref": "US 26;US 89;US 189;US 191", "source:hgv:national_network": "https://hepgis-usdot.hub.arcgis.com/apps/usdot::national-network-conventional-combination-trucks-map/explore", "surface": "asphalt", "turn:lanes:both_ways": "left", "wydot_ml_number": "10", "osm_id": 711546578}}, {"type": "Feature", "geometry": {"type": "LineString", "coordinates": [[-110.7932591, 43.4565305], [-110.7933064, 43.4571371], [-110.7933313, 43.4581622], [-110.793334, 43.4582864], [-110.793348, 43.459125], [-110.7933489, 43.4594209], [-110.7933511, 43.4594887], [-110.7933463, 43.4601922], [-110.7933518, 43.461166], [-110.7933516, 43.4616668]]}, "properties": {"NHS": "yes", "hgv": "designated", "hgv:national_network": "yes", "highway": "trunk", "lanes": "5", "lanes:backward": "2", "lanes:both_ways": "1", "lanes:forward": "2", "maxspeed": "40 mph", "name": "South Highway 89", "postal_code": "83001", "ref": "US 26;US 89;US 189;US 191", "source:hgv:national_network": "https://hepgis-usdot.hub.arcgis.com/apps/usdot::national-network-conventional-combination-trucks-map/explore", "surface": "asphalt", "tiger:name_base_1": "Broadway", "turn:lanes:both_ways": "left", "wydot_ml_number": "10", "osm_id": 711546579}}, {"type": "Feature", "geometry": {"type": "LineString", "coordinates": [[-110.0514221, 43.7413636], [-110.0522965, 43.7417124], [-110.0532943, 43.7421387], [-110.053997, 43.7423828], [-110.0544959, 43.7424914], [-110.055086, 43.7425921], [-110.0559604, 43.7427665], [-110.0565022, 43.7429409], [-110.0568831, 43.7431347], [-110.0572372, 43.7433711], [-110.0576609, 43.7437083], [-110.0582725, 43.7442043], [-110.0594473, 43.7451693], [-110.0598067, 43.7455452], [-110.0601339, 43.7459754], [-110.0603696, 43.7466157], [-110.060687, 43.7476772], [-110.0609806, 43.7483122], [-110.0611693, 43.748597]]}, "properties": {"NHS": "yes", "hgv": "designated", "hgv:national_network": "yes", "highway": "trunk", "lanes": "2", "name": "East Highway 287", "ref": "US 26;US 287", "source": "Bing", "source:hgv:national_network": "https://hepgis-usdot.hub.arcgis.com/apps/usdot::national-network-conventional-combination-trucks-map/explore", "tiger:cfcc": "A21", "tiger:county": "Fremont, WY:Teton, WY", "tiger:name_base": "Highway 26:United States Highway 26:United States Highway 287", "tiger:name_base_1": "United States Highway 26:United States Highway 287", "tiger:name_base_2": "United States Highway 287", "wydot_ml_number": "30", "osm_id": 774718742}}, {"type": "Feature", "geometry": {"type": "LineString", "coordinates": [[-110.0763291, 43.7673711], [-110.0768361, 43.7673633]]}, "properties": {"NHS": "yes", "bridge": "yes", "hgv": "designated", "hgv:national_network": "yes", "highway": "trunk", "lanes": "2", "layer": "1", "name": "East Highway 287", "ref": "US 26;US 287", "source": "Bing", "source:hgv:national_network": "https://hepgis-usdot.hub.arcgis.com/apps/usdot::national-network-conventional-combination-trucks-map/explore", "tiger:cfcc": "A21", "tiger:county": "Fremont, WY:Teton, WY", "tiger:name_base": "Highway 26:United States Highway 26:United States Highway 287", "tiger:name_base_1": "United States Highway 26:United States Highway 287", "tiger:name_base_2": "United States Highway 287", "wydot_ml_number": "30", "osm_id": 780061748}}, {"type": "Feature", "geometry": {"type": "LineString", "coordinates": [[-110.0611693, 43.748597], [-110.0614479, 43.7489319], [-110.0615841, 43.7491016], [-110.061767, 43.7492605], [-110.0622368, 43.7495367], [-110.0627985, 43.7497976], [-110.0629169, 43.7498415], [-110.0632571, 43.749967], [-110.0637156, 43.750096], [-110.0642655, 43.7501791], [-110.0650048, 43.7502846], [-110.0656271, 43.7504008], [-110.0662226, 43.7506023], [-110.0666517, 43.7507922], [-110.0671613, 43.751172], [-110.067628, 43.7515788], [-110.0679982, 43.7521019], [-110.0682181, 43.7528227], [-110.068232, 43.7530463], [-110.0682449, 43.7532334], [-110.0682256, 43.7534785], [-110.0682128, 43.7536596], [-110.0681584, 43.7541123], [-110.0681321, 43.7548508], [-110.0681284, 43.7549532], [-110.068125, 43.7550579], [-110.0681041, 43.7558089], [-110.0681479, 43.7561199], [-110.0683039, 43.7565696], [-110.068658, 43.7577281], [-110.0691569, 43.7594057], [-110.0693446, 43.7600644], [-110.0697953, 43.7617187], [-110.0698704, 43.7621488], [-110.0698918, 43.7625401], [-110.0698865, 43.7629314], [-110.0698307, 43.7635361], [-110.0698252, 43.7639035], [-110.0699045, 43.7642669], [-110.0699175, 43.7642985], [-110.0700495, 43.7646184], [-110.0702495, 43.7649529], [-110.0705199, 43.7653097], [-110.0708628, 43.7656123], [-110.071249, 43.7658757], [-110.0718015, 43.7661818], [-110.0723219, 43.7664026], [-110.0735598, 43.7667719], [-110.0748846, 43.7671346], [-110.0755352, 43.7672936], [-110.0763291, 43.7673711]]}, "properties": {"NHS": "yes", "hgv": "designated", "hgv:national_network": "yes", "highway": "trunk", "lanes": "2", "mountain_pass": "yes", "name": "East Highway 287", "ref": "US 26;US 287", "source": "Bing", "source:hgv:national_network": "https://hepgis-usdot.hub.arcgis.com/apps/usdot::national-network-conventional-combination-trucks-map/explore", "tiger:cfcc": "A21", "tiger:county": "Fremont, WY:Teton, WY", "tiger:name_base": "Highway 26:United States Highway 26:United States Highway 287", "tiger:name_base_1": "United States Highway 26:United States Highway 287", "tiger:name_base_2": "United States Highway 287", "wydot_ml_number": "30", "osm_id": 780061749}}, {"type": "Feature", "geometry": {"type": "LineString", "coordinates": [[-110.7623495, 43.4795821], [-110.762458, 43.4795823], [-110.76295, 43.479583]]}, "properties": {"NHS": "yes", "hgv": "designated", "hgv:national_network": "yes", "highway": "primary", "lanes": "4", "lanes:backward": "2", "maxspeed": "25 mph", "name": "West Broadway Avenue", "ref": "US 26;US 89;US 189;US 191", "source:hgv:national_network": "https://hepgis-usdot.hub.arcgis.com/apps/usdot::national-network-conventional-combination-trucks-map/explore", "surface": "asphalt", "tiger:county": "Teton, WY", "turn:lanes:backward": "left|through;right", "wydot_ml_number": "10", "osm_id": 832780394}}, {"type": "Feature", "geometry": {"type": "LineString", "coordinates": [[-110.5383385, 43.7909715], [-110.5384377, 43.7906598]]}, "properties": {"NHS": "yes", "bridge": "yes", "hgv": "designated", "hgv:national_network": "yes", "highway": "trunk", "lanes": "2", "maxspeed": "55 mph", "name": "North Highway 89", "ref": "US 26;US 89;US 191", "source:hgv:national_network": "https://hepgis-usdot.hub.arcgis.com/apps/usdot::national-network-conventional-combination-trucks-map/explore", "surface": "paved", "osm_id": 901180827}}, {"type": "Feature", "geometry": {"type": "LineString", "coordinates": [[-110.514687, 43.827576], [-110.515053, 43.827065], [-110.515457, 43.826569], [-110.5159, 43.826084], [-110.51664, 43.825397], [-110.517448, 43.824757], [-110.519791, 43.823174], [-110.520622, 43.822544], [-110.521416, 43.821888], [-110.522377, 43.820965], [-110.522827, 43.82048], [-110.523643, 43.819485], [-110.5239579, 43.8190396], [-110.52401, 43.818966], [-110.524361, 43.818443], [-110.524971, 43.817371], [-110.525238, 43.816822], [-110.525673, 43.815708], [-110.525856, 43.81514], [-110.526062, 43.814281], [-110.52615, 43.8137268], [-110.5261811, 43.8135318], [-110.5265366, 43.8112964], [-110.526695, 43.810253], [-110.526802, 43.809673], [-110.526955, 43.809109], [-110.527145, 43.808548], [-110.527374, 43.807991], [-110.527496, 43.807713], [-110.527939, 43.806904], [-110.528458, 43.806122], [-110.529053, 43.805367], [-110.529503, 43.804882], [-110.529968, 43.804417], [-110.530731, 43.803741], [-110.532326, 43.802444], [-110.533089, 43.801777], [-110.533813, 43.801079], [-110.53447, 43.80035], [-110.534882, 43.799847], [-110.535454, 43.79908], [-110.535957, 43.79829], [-110.536255, 43.797752], [-110.536659, 43.796932], [-110.53701, 43.796101], [-110.537201, 43.795532], [-110.5373389, 43.7950391], [-110.537758, 43.793243], [-110.5377559, 43.7928539], [-110.5378883, 43.7923184], [-110.538101, 43.791817], [-110.5381554, 43.7916135]]}, "properties": {"NHS": "yes", "hgv": "designated", "hgv:national_network": "yes", "highway": "trunk", "lanes": "2", "maxspeed": "55 mph", "name": "North Highway 89", "ref": "US 26;US 89;US 191", "source:hgv:national_network": "https://hepgis-usdot.hub.arcgis.com/apps/usdot::national-network-conventional-combination-trucks-map/explore", "surface": "asphalt", "osm_id": 901180828}}, {"type": "Feature", "geometry": {"type": "LineString", "coordinates": [[-110.766428, 43.4795882], [-110.7669194, 43.4795904], [-110.7670751, 43.4795911], [-110.7672446, 43.4795873], [-110.7673959, 43.479578], [-110.7676203, 43.4795526], [-110.7678606, 43.4795166], [-110.7681065, 43.479468], [-110.7683552, 43.4794095], [-110.7686391, 43.479328], [-110.7688184, 43.4792595], [-110.7688879, 43.4792329], [-110.7689277, 43.4792145], [-110.7690716, 43.4791479], [-110.7692816, 43.4790404], [-110.7693041, 43.4790266], [-110.7695755, 43.4788602], [-110.7698417, 43.4786766], [-110.7698671, 43.4786585], [-110.7699576, 43.478596], [-110.7700766, 43.4785183], [-110.7701586, 43.4784612], [-110.770275, 43.4783842], [-110.7703025, 43.478365], [-110.7710972, 43.4778095], [-110.7712615, 43.4777005]]}, "properties": {"NHS": "yes", "cycleway": "lane", "hgv": "designated", "hgv:national_network": "yes", "highway": "trunk", "lanes": "5", "lanes:backward": "2", "lanes:both_ways": "1", "lanes:forward": "2", "maxspeed": "25 mph", "name": "West Broadway Avenue", "ref": "US 26;US 89;US 189;US 191", "source:hgv:national_network": "https://hepgis-usdot.hub.arcgis.com/apps/usdot::national-network-conventional-combination-trucks-map/explore", "surface": "asphalt", "tiger:county": "Teton, WY", "turn:lanes:both_ways": "left", "wydot_ml_number": "10", "osm_id": 902586132}}, {"type": "Feature", "geometry": {"type": "LineString", "coordinates": [[-110.7929905, 43.4547634], [-110.7931171, 43.4554307], [-110.7932223, 43.4561293], [-110.7932591, 43.4565305]]}, "properties": {"NHS": "yes", "hgv": "designated", "hgv:national_network": "yes", "highway": "trunk", "lanes": "5", "lanes:backward": "2", "lanes:both_ways": "1", "lanes:forward": "2", "maxspeed": "40 mph", "name": "South Highway 89", "postal_code": "83001", "ref": "US 26;US 89;US 189;US 191", "source:hgv:national_network": "https://hepgis-usdot.hub.arcgis.com/apps/usdot::national-network-conventional-combination-trucks-map/explore", "surface": "asphalt", "tiger:name_base_1": "Broadway", "turn:lanes:both_ways": "left", "wydot_ml_number": "10", "osm_id": 902586134}}, {"type": "Feature", "geometry": {"type": "LineString", "coordinates": [[-110.7212858, 43.6597829], [-110.7215174, 43.6600882], [-110.7216343, 43.6602727], [-110.721793, 43.6605666], [-110.7219225, 43.6608407]]}, "properties": {"attribution": "US National Park Service", "highway": "secondary", "import": "tetonroad_20090805", "lane_markings": "no", "maxspeed": "15 mph", "name": "Teton Park Road", "nfs:teton:OBJECTID": "1411; 1408;5530;1478", "oneway": "yes", "surface": "asphalt", "toll": "yes", "osm_id": 946477549}}, {"type": "Feature", "geometry": {"type": "LineString", "coordinates": [[-110.9864543, 43.5103096], [-110.9866078, 43.5103733], [-110.9899458, 43.5117498], [-110.9907854, 43.5121175], [-110.9933254, 43.5133488], [-110.9944144, 43.5138137], [-110.9959057, 43.5144186], [-110.9966835, 43.5147726], [-110.99746, 43.515207], [-110.997929, 43.515491], [-110.998382, 43.515781], [-110.9988722, 43.5161206], [-110.9994543, 43.5164668], [-111.0001463, 43.5168578], [-111.0015518, 43.5176475], [-111.0020453, 43.5179159], [-111.0025254, 43.5181862], [-111.0030162, 43.518478], [-111.003888, 43.5191023], [-111.0045934, 43.5196411], [-111.0055643, 43.5203996], [-111.0083565, 43.5225487], [-111.0087991, 43.5229066], [-111.0097995, 43.5236029], [-111.0108295, 43.5241941], [-111.0115269, 43.5245636], [-111.0134152, 43.5254991], [-111.0155315, 43.5265201], [-111.0185543, 43.5279572], [-111.0193938, 43.5283695], [-111.0204935, 43.5290112], [-111.022296, 43.530244], [-111.0237007, 43.5312692], [-111.0246132, 43.5319784], [-111.025298, 43.532491], [-111.026198, 43.533106], [-111.026904, 43.53354], [-111.029984, 43.535331], [-111.032337, 43.53675], [-111.033273, 43.537332], [-111.035558, 43.538813], [-111.036024, 43.539096], [-111.037198, 43.539756], [-111.0389042, 43.5405226], [-111.041205, 43.541392], [-111.0421598, 43.5417692], [-111.0431791, 43.5422203], [-111.043273, 43.542266], [-111.0440266, 43.5426325], [-111.0449118, 43.5431107], [-111.045498, 43.54344]]}, "properties": {"check_date": "2024-06-27", "highway": "primary", "maxspeed": "55 mph", "name": "West Highway 22", "note": "road opened june 27 per wyoming dept of transportation", "ref": "WY 22", "source": "GPS survey", "source:construction": "https://www.wyoroad.info/pls/Browse/WRR.RoutesResults?SelectedRoute=WY22", "osm_id": 989701853}}, {"type": "Feature", "geometry": {"type": "LineString", "coordinates": [[-110.9860723, 43.5101511], [-110.9864543, 43.5103096]]}, "properties": {"highway": "primary", "maxspeed": "55 mph", "name": "West Highway 22", "note": "Road closed due to mudslide. As of June 07 at 04:18 a.m., the estimated opening time is unknown.", "ref": "WY 22", "source": "GPS survey", "source:construction": "https://www.wyoroad.info/pls/Browse/WRR.RoutesResults?SelectedRoute=WY22", "osm_id": 989701854}}, {"type": "Feature", "geometry": {"type": "LineString", "coordinates": [[-110.9537847, 43.4974612], [-110.9545175, 43.4973701]]}, "properties": {"highway": "primary", "maxspeed": "55 mph", "name": "West Highway 22", "note": "Road closed due to mudslide. As of June 07 at 04:18 a.m., the estimated opening time is unknown.", "ref": "WY 22", "source": "Bing imagery", "source:construction": "https://www.wyoroad.info/pls/Browse/WRR.RoutesResults?SelectedRoute=WY22", "osm_id": 989701855}}, {"type": "Feature", "geometry": {"type": "LineString", "coordinates": [[-110.8788241, 43.4983191], [-110.8787196, 43.4982498], [-110.8786196, 43.4981916], [-110.8785143, 43.4981394], [-110.8784407, 43.4981057], [-110.8783659, 43.4980732], [-110.8782567, 43.4980364], [-110.8781235, 43.4980004], [-110.8780042, 43.497976], [-110.8779039, 43.4979597], [-110.8778196, 43.4979505], [-110.87773, 43.4979454], [-110.8776393, 43.4979431], [-110.8775097, 43.4979455], [-110.8773854, 43.4979512]]}, "properties": {"highway": "primary", "lanes": "2", "maxspeed": "25 mph", "name": "West Highway 22", "ref": "WY 22", "tiger:county": "Teton, WY", "wydot_ml_number": "2000", "osm_id": 1006335090}}, {"type": "Feature", "geometry": {"type": "LineString", "coordinates": [[-110.8773854, 43.4979512], [-110.8772581, 43.4979611], [-110.8771752, 43.4979704], [-110.8769935, 43.4979959], [-110.8767929, 43.4980299], [-110.8766355, 43.4980566]]}, "properties": {"highway": "primary", "maxspeed": "25 mph", "name": "West Highway 22", "ref": "WY 22", "tiger:county": "Teton, WY", "wydot_ml_number": "2000", "osm_id": 1006335091}}, {"type": "Feature", "geometry": {"type": "LineString", "coordinates": [[-110.7927121, 43.607175], [-110.7927421, 43.6070321], [-110.7928097, 43.6067835], [-110.7928633, 43.6066678], [-110.7930391, 43.6064379], [-110.7933157, 43.6061112], [-110.7933651, 43.6060398], [-110.7933855, 43.6058254], [-110.7933861, 43.6056396], [-110.7934221, 43.6055151], [-110.7934853, 43.6053968], [-110.7935646, 43.6052325], [-110.7935945, 43.6051039], [-110.7935813, 43.6050135], [-110.7935666, 43.6049582], [-110.7935091, 43.6048486]]}, "properties": {"attribution": "US National Park Service", "cycleway": "shared_lane", "highway": "secondary", "import": "tetonroad_20090805", "maxlength": "23'", "maxwidth": "8'", "name": "Moose-Wilson Road", "nfs:teton:OBJECTID": "1459;1460;2037;1996;1989;1988;1986;1969;1967;5421;5412;5408;5396;5403;5402;5470;5469;1882;1881;1868;1850;1849;1848;1846;1845;5422", "tracktype": "grade3", "trailer": "no", "osm_id": 1006881929}}, {"type": "Feature", "geometry": {"type": "LineString", "coordinates": [[-110.767052, 43.639812], [-110.767067, 43.639519], [-110.767136, 43.639229], [-110.767242, 43.638947], [-110.767319, 43.63866], [-110.7673493, 43.6385133], [-110.767462, 43.6383366], [-110.7677391, 43.6381026], [-110.767899, 43.63792], [-110.7679716, 43.6378513], [-110.768044, 43.637653], [-110.768105, 43.637367], [-110.768211, 43.637089], [-110.768402, 43.636833], [-110.768608, 43.636578], [-110.768791, 43.636318], [-110.768959, 43.636059], [-110.769218, 43.635838], [-110.76947, 43.635616], [-110.769745, 43.635406], [-110.770004, 43.635189], [-110.770233, 43.634953], [-110.770386, 43.634689], [-110.770592, 43.634438], [-110.770805, 43.634178], [-110.770966, 43.633919], [-110.771103, 43.633648], [-110.77124, 43.633438], [-110.771431, 43.633186], [-110.771599, 43.632923], [-110.771751, 43.63266], [-110.771896, 43.632393], [-110.772079, 43.632137], [-110.772331, 43.631912], [-110.7724991, 43.6317869], [-110.7727379, 43.6316762], [-110.7730896, 43.6315857], [-110.7731878, 43.6315727], [-110.7735238, 43.6315327], [-110.7735703, 43.6315236], [-110.7737183, 43.6314945], [-110.7738743, 43.6314458], [-110.774139, 43.631332], [-110.7743785, 43.6312217], [-110.7746281, 43.6311626], [-110.7749114, 43.6311331], [-110.7752752, 43.6310569], [-110.775397, 43.6310296], [-110.7755435, 43.6309967], [-110.7758144, 43.6309734], [-110.7761121, 43.6309831], [-110.776451, 43.630932], [-110.7766415, 43.6308829], [-110.77681, 43.630817], [-110.7769844, 43.6307309], [-110.777145, 43.630672], [-110.7772155, 43.6306622], [-110.7772946, 43.6306637], [-110.7773822, 43.6306828], [-110.7774276, 43.630708], [-110.7775099, 43.6307592], [-110.7776549, 43.6308605], [-110.7777367, 43.6308966], [-110.777832, 43.630924], [-110.7779182, 43.6309333], [-110.7780089, 43.6309327], [-110.7781219, 43.6309195], [-110.778221, 43.630894], [-110.778572, 43.630768], [-110.778885, 43.630589], [-110.77919, 43.630398], [-110.7793395, 43.6302992], [-110.7794102, 43.6302087], [-110.779451, 43.6300679], [-110.779449, 43.629585], [-110.7794774, 43.6293329], [-110.7795135, 43.6291956], [-110.7795453, 43.6291077], [-110.7796392, 43.6289621], [-110.7798055, 43.6288456], [-110.780212, 43.628616], [-110.7803321, 43.628532], [-110.7805433, 43.6283842], [-110.7807138, 43.6282365], [-110.7810018, 43.6279637], [-110.7811459, 43.6278646], [-110.781511, 43.627715], [-110.7815972, 43.62767], [-110.7816548, 43.627604], [-110.7817484, 43.6274267], [-110.7818349, 43.627319], [-110.7819261, 43.6272668], [-110.7821013, 43.6272338], [-110.7823294, 43.6271604], [-110.7826943, 43.6270496], [-110.783119, 43.626781], [-110.783424, 43.62661], [-110.7835938, 43.6265265], [-110.783768, 43.626453], [-110.7838959, 43.6263741], [-110.7839844, 43.6262945], [-110.7840503, 43.6261425]]}, "properties": {"attribution": "US National Park Service", "bicycle:conditional": "no @ (Nov 1-May)", "cycleway": "shared_lane", "highway": "secondary", "import": "tetonroad_20090805", "maxlength": "23'", "maxwidth": "8'", "motor_vehicle:conditional": "no @ (Nov 1-May)", "name": "Moose-Wilson Road", "nfs:teton:OBJECTID": "1459;1460;2037;1996;1989;1988;1986;1969;1967;5421;5412;5408;5396;5403;5402;5470;5469;1882;1881;1868;1850;1849;1848;1846;1845;5422", "surface": "asphalt", "trailer": "no", "osm_id": 1006881930}}, {"type": "Feature", "geometry": {"type": "LineString", "coordinates": [[-110.763059, 43.4795832], [-110.76364, 43.479584], [-110.763736, 43.4795842], [-110.763842, 43.4795843], [-110.764403, 43.4795852], [-110.764968, 43.479586], [-110.765087, 43.4795862]]}, "properties": {"NHS": "yes", "hgv": "designated", "hgv:national_network": "yes", "highway": "primary", "lanes": "4", "maxspeed": "25 mph", "name": "West Broadway Avenue", "ref": "US 26;US 89;US 189;US 191", "source:hgv:national_network": "https://hepgis-usdot.hub.arcgis.com/apps/usdot::national-network-conventional-combination-trucks-map/explore", "surface": "asphalt", "tiger:county": "Teton, WY", "wydot_ml_number": "10", "osm_id": 1078238283}}, {"type": "Feature", "geometry": {"type": "LineString", "coordinates": [[-110.6104222, 43.8424846], [-110.6101405, 43.8432407]]}, "properties": {"attribution": "US National Park Service", "highway": "secondary", "import": "tetonroad_20090805", "lanes": "2", "lit": "no", "maxspeed": "35 mph", "name": "Teton Park Road", "nfs:teton:OBJECTID": "1411; 1408;5530", "surface": "asphalt", "osm_id": 1084295585}}, {"type": "Feature", "geometry": {"type": "LineString", "coordinates": [[-110.610589, 43.8420369], [-110.6104222, 43.8424846]]}, "properties": {"attribution": "US National Park Service", "highway": "secondary", "import": "tetonroad_20090805", "lanes": "4", "lit": "no", "maxspeed": "35 mph", "name": "Teton Park Road", "nfs:teton:OBJECTID": "1411; 1408;5530", "surface": "asphalt", "turn:lanes:backward": "through|right", "turn:lanes:forward": "merge_to_right", "osm_id": 1084295586}}, {"type": "Feature", "geometry": {"type": "LineString", "coordinates": [[-110.6109295, 43.8411012], [-110.610589, 43.8420369]]}, "properties": {"attribution": "US National Park Service", "highway": "secondary", "import": "tetonroad_20090805", "lanes": "4", "lit": "no", "maxspeed": "35 mph", "name": "Teton Park Road", "nfs:teton:OBJECTID": "1411; 1408;5530", "surface": "asphalt", "turn:lanes:backward": "|merge_to_left", "turn:lanes:forward": "left|through", "osm_id": 1084295587}}, {"type": "Feature", "geometry": {"type": "LineString", "coordinates": [[-110.7290319, 43.6979229], [-110.728705, 43.6980698]]}, "properties": {"attribution": "US National Park Service", "highway": "secondary", "import": "tetonroad_20090805", "maxspeed": "30 mph", "name": "Teton Park Road", "network": "JHGrandTetonNP", "nfs:teton:OBJECTID": "1411; 1408;5530", "piste:difficulty": "easy", "piste:grooming": "skating;classic", "piste:name": "Taggart to Jenny Lake", "piste:type": "nordic", "osm_id": 1107445662}}, {"type": "Feature", "geometry": {"type": "LineString", "coordinates": [[-110.7933522, 43.4795064], [-110.7932483, 43.4794341], [-110.7931608, 43.4793703], [-110.7930676, 43.4792995], [-110.7929851, 43.4792364], [-110.7928922, 43.4791592], [-110.792815, 43.479087]]}, "properties": {"highway": "primary", "maxspeed": "40 mph", "name": "West Highway 22", "ref": "WY 22", "tiger:county": "Teton, WY", "wydot_ml_number": "2000", "osm_id": 1125965823}}, {"type": "Feature", "geometry": {"type": "LineString", "coordinates": [[-110.76295, 43.479583], [-110.763059, 43.4795832]]}, "properties": {"NHS": "yes", "hgv": "designated", "hgv:national_network": "yes", "highway": "primary", "lanes": "4", "maxspeed": "25 mph", "name": "West Broadway Avenue", "ref": "US 26;US 89;US 189;US 191", "source:hgv:national_network": "https://hepgis-usdot.hub.arcgis.com/apps/usdot::national-network-conventional-combination-trucks-map/explore", "surface": "asphalt", "tiger:county": "Teton, WY", "wydot_ml_number": "10", "osm_id": 1125965824}}, {"type": "Feature", "geometry": {"type": "LineString", "coordinates": [[-110.7887759, 43.4739525], [-110.7887174, 43.4738801], [-110.7886907, 43.473847], [-110.7886119, 43.4737339], [-110.7885732, 43.473671], [-110.7884997, 43.4735049]]}, "properties": {"highway": "primary", "lanes": "2", "maxspeed": "30 mph", "name": "West Highway 22", "note": "intersection redesign 2018", "ref": "WY 22", "tiger:county": "Teton, WY", "turn:lanes": "left|left;through", "wydot_ml_number": "2000", "osm_id": 1125965825}}, {"type": "Feature", "geometry": {"type": "LineString", "coordinates": [[-110.8331553, 43.4975704], [-110.8315089, 43.4971542], [-110.8310882, 43.4970471], [-110.830821, 43.496971], [-110.8305645, 43.4968849], [-110.8303228, 43.4967955], [-110.830098, 43.4967037], [-110.829891, 43.4966109], [-110.8296933, 43.4965125], [-110.8294985, 43.4964082]]}, "properties": {"highway": "primary", "maxspeed": "45 mph", "name": "West Highway 22", "ref": "WY 22", "tiger:county": "Teton, WY", "wydot_ml_number": "2000", "osm_id": 1125965826}}, {"type": "Feature", "geometry": {"type": "LineString", "coordinates": [[-110.5381776, 43.7915304], [-110.538254, 43.791245], [-110.5383385, 43.7909715]]}, "properties": {"NHS": "yes", "hgv": "designated", "hgv:national_network": "yes", "highway": "trunk", "lanes": "2", "maxspeed": "55 mph", "name": "North Highway 89", "ref": "US 26;US 89;US 191", "source:hgv:national_network": "https://hepgis-usdot.hub.arcgis.com/apps/usdot::national-network-conventional-combination-trucks-map/explore", "surface": "paved", "osm_id": 1130771338}}, {"type": "Feature", "geometry": {"type": "LineString", "coordinates": [[-110.5381554, 43.7916135], [-110.5381776, 43.7915304]]}, "properties": {"NHS": "yes", "bridge": "yes", "hgv": "designated", "hgv:national_network": "yes", "highway": "trunk", "lanes": "2", "layer": "1", "maxspeed": "55 mph", "name": "North Highway 89", "ref": "US 26;US 89;US 191", "source:hgv:national_network": "https://hepgis-usdot.hub.arcgis.com/apps/usdot::national-network-conventional-combination-trucks-map/explore", "surface": "paved", "osm_id": 1130771339}}, {"type": "Feature", "geometry": {"type": "LineString", "coordinates": [[-110.7922405, 43.4784288], [-110.7920592, 43.4781655], [-110.791725, 43.47766], [-110.7911523, 43.4767263]]}, "properties": {"highway": "primary", "maxspeed": "30 mph", "name": "West Highway 22", "ref": "WY 22", "tiger:county": "Teton, WY", "wydot_ml_number": "2000", "osm_id": 1158172645}}, {"type": "Feature", "geometry": {"type": "LineString", "coordinates": [[-110.7333846, 43.574117], [-110.7333585, 43.5740846]]}, "properties": {"hgv": "designated", "hgv:national_network": "yes", "highway": "trunk", "junction": "roundabout", "lanes": "1", "maxspeed": "30 mph", "maxspeed:advisory": "15 mph", "name": "North Highway 89", "oneway": "yes", "ref": "US 26;US 89;US 191", "source:hgv:national_network": "https://hepgis-usdot.hub.arcgis.com/apps/usdot::national-network-conventional-combination-trucks-map/explore", "surface": "asphalt", "osm_id": 1168587175}}, {"type": "Feature", "geometry": {"type": "LineString", "coordinates": [[-110.765087, 43.4795862], [-110.765194, 43.4795864], [-110.766348, 43.4795881], [-110.766428, 43.4795882]]}, "properties": {"NHS": "yes", "cycleway": "shared_lane", "hgv": "designated", "hgv:national_network": "yes", "highway": "trunk", "lanes": "5", "lanes:backward": "2", "lanes:both_ways": "1", "lanes:forward": "2", "maxspeed": "25 mph", "name": "West Broadway Avenue", "ref": "US 26;US 89;US 189;US 191", "source:hgv:national_network": "https://hepgis-usdot.hub.arcgis.com/apps/usdot::national-network-conventional-combination-trucks-map/explore", "surface": "asphalt", "tiger:county": "Teton, WY", "turn:lanes:both_ways": "left", "wydot_ml_number": "10", "osm_id": 1255057385}}, {"type": "Feature", "geometry": {"type": "LineString", "coordinates": [[-110.7589, 43.4795749], [-110.7590225, 43.4795752], [-110.7593101, 43.4795749], [-110.7606155, 43.4795793], [-110.7606882, 43.4795799], [-110.761145, 43.4795829], [-110.7612956, 43.4795811], [-110.762214, 43.4795843], [-110.7623495, 43.4795821]]}, "properties": {"highway": "secondary", "maxspeed": "25 mph", "name": "East Broadway Avenue", "surface": "asphalt", "tiger:county": "Teton, WY", "osm_id": 1255057386}}, {"type": "Feature", "geometry": {"type": "LineString", "coordinates": [[-110.8064773, 43.5957166], [-110.8062384, 43.5958392], [-110.8056047, 43.5961428]]}, "properties": {"attribution": "US National Park Service", "cycleway": "shared_lane", "highway": "secondary", "import": "tetonroad_20090805", "name": "Moose-Wilson Road", "nfs:teton:OBJECTID": "2046;2054;2057;2065;2103;2303;2299;2304;2104", "ref": "WY 390", "wydot_ml_number": "2001", "osm_id": 1255057397}}, {"type": "Feature", "geometry": {"type": "LineString", "coordinates": [[-110.7623943, 43.4870128], [-110.762394, 43.4874838], [-110.7623927, 43.4877139], [-110.7623719, 43.488407], [-110.7623583, 43.4887373]]}, "properties": {"NHS": "yes", "hgv": "designated", "hgv:national_network": "yes", "highway": "trunk", "lanes": "3", "maxspeed": "25 mph", "name": "North Cache Street", "ref": "US 26;US 89;US 191", "sidewalk:both": "separate", "source:hgv:national_network": "https://hepgis-usdot.hub.arcgis.com/apps/usdot::national-network-conventional-combination-trucks-map/explore", "tiger:county": "Teton, WY", "wydot_ml_number": "10", "osm_id": 1257631516}}, {"type": "Feature", "geometry": {"type": "LineString", "coordinates": [[-110.8670318, 43.498041], [-110.8618288, 43.4980609]]}, "properties": {"highway": "primary", "maxspeed": "40 mph", "name": "West Highway 22", "ref": "WY 22", "tiger:county": "Teton, WY", "wydot_ml_number": "2000", "osm_id": 1257631520}}, {"type": "Feature", "geometry": {"type": "LineString", "coordinates": [[-110.8739287, 43.4981208], [-110.8736045, 43.498107], [-110.8735041, 43.4981038], [-110.8725344, 43.4980685]]}, "properties": {"highway": "primary", "maxspeed": "25 mph", "name": "West Highway 22", "ref": "WY 22", "tiger:county": "Teton, WY", "wydot_ml_number": "2000", "osm_id": 1257631521}}, {"type": "Feature", "geometry": {"type": "LineString", "coordinates": [[-110.724382, 43.7439561], [-110.724205, 43.744293], [-110.723816, 43.745121], [-110.723488, 43.745647], [-110.723099, 43.746155], [-110.722656, 43.746635], [-110.722176, 43.747097], [-110.721115, 43.747967], [-110.7204144, 43.7485718], [-110.719345, 43.749538], [-110.7191549, 43.7497283], [-110.718418, 43.7504657], [-110.7176412, 43.7512999], [-110.7166561, 43.7524593]]}, "properties": {"attribution": "US National Park Service", "highway": "secondary", "import": "tetonroad_20090805", "maxspeed": "45 mph", "name": "Teton Park Road", "network": "JHGrandTetonNP", "nfs:teton:OBJECTID": "1411;1408;5530", "piste:difficulty": "easy", "piste:grooming": "classic;skating", "piste:lit": "no", "piste:name": "Taggart to Jenny Lake", "piste:oneway": "no", "piste:priority": "3", "piste:type": "nordic;hike", "osm_id": 1257638525}}, {"type": "Feature", "geometry": {"type": "LineString", "coordinates": [[-110.5678049, 43.8653878], [-110.568689, 43.8654433], [-110.568916, 43.8654798], [-110.5692118, 43.8655524], [-110.5697933, 43.8657261], [-110.5700494, 43.8658272], [-110.5705622, 43.8660653]]}, "properties": {"attribution": "US National Park Service", "hgv": "designated", "hgv:national_network": "yes", "highway": "primary", "import": "tetonroad_20090805", "lanes": "2", "maxspeed": "35 mph", "name": "North Park Road", "nfs:teton:OBJECTID": "339;4250;4331;4546;4545;5005;5007;5008", "ref": "US 89;US 191;US 287", "source:hgv:national_network": "https://hepgis-usdot.hub.arcgis.com/apps/usdot::national-network-conventional-combination-trucks-map/explore", "surface": "paved", "wydot_ml_number": "10", "osm_id": 1257638526}}, {"type": "Feature", "geometry": {"type": "LineString", "coordinates": [[-110.7358157, 43.6016591], [-110.7364825, 43.6018315], [-110.7367031, 43.6018613]]}, "properties": {"bicycle": "yes", "highway": "secondary", "oneway": "yes", "osm_id": 1264435922}}, {"type": "Feature", "geometry": {"type": "LineString", "coordinates": [[-110.733103, 43.5663147], [-110.733086, 43.565978], [-110.733047, 43.564159], [-110.7330364, 43.56242], [-110.7330259, 43.562097], [-110.7329884, 43.559902]]}, "properties": {"NHS": "yes", "attribution": "US National Park Service", "hgv": "designated", "hgv:national_network": "yes", "highway": "trunk", "import": "tetonroad_20090805", "lanes": "2", "maxspeed": "45 mph", "name": "North Highway 89", "nfs:teton:OBJECTID": "2897", "ref": "US 26;US 89;US 191", "source:hgv:national_network": "https://hepgis-usdot.hub.arcgis.com/apps/usdot::national-network-conventional-combination-trucks-map/explore", "surface": "paved", "wydot_ml_number": "10", "osm_id": 1282291293}}, {"type": "Feature", "geometry": {"type": "LineString", "coordinates": [[-110.5114355, 43.8428375], [-110.511403, 43.8427817], [-110.5110025, 43.8420952], [-110.5104017, 43.8409287], [-110.5100489, 43.840208], [-110.5099699, 43.8400465]]}, "properties": {"attribution": "US National Park Service", "hgv": "designated", "hgv:national_network": "yes", "highway": "primary", "import": "tetonroad_20090805", "lanes": "2", "maxspeed": "15 mph", "name": "North Park Road", "nfs:teton:OBJECTID": "339;4250;4331;4546;4545;5005;5007;5008", "ref": "US 89;US 191;US 287", "source:hgv:national_network": "https://hepgis-usdot.hub.arcgis.com/apps/usdot::national-network-conventional-combination-trucks-map/explore", "surface": "asphalt", "wydot_ml_number": "10", "osm_id": 1295552646}}, {"type": "Feature", "geometry": {"type": "LineString", "coordinates": [[-111.330738, 43.881676], [-111.330233, 43.881466], [-111.324652, 43.879096], [-111.323041, 43.878435], [-111.31884, 43.876713], [-111.31747, 43.876147], [-111.315824, 43.87548], [-111.312558, 43.874206], [-111.311888, 43.873938], [-111.31142, 43.873759], [-111.310593, 43.873483], [-111.309742, 43.873207], [-111.309052, 43.873012], [-111.308532, 43.872872], [-111.308011, 43.872711], [-111.307982, 43.872702], [-111.307534, 43.872523], [-111.306993, 43.872299], [-111.306194, 43.87195], [-111.305582, 43.871644], [-111.304984, 43.871307], [-111.304063, 43.870722], [-111.303319, 43.870161], [-111.302178, 43.869266], [-111.301492, 43.868758], [-111.300883, 43.868353], [-111.300379, 43.868021], [-111.300051, 43.867821], [-111.298971, 43.867161], [-111.298668, 43.866976], [-111.298332, 43.866771], [-111.297428, 43.866225], [-111.294832, 43.864605], [-111.294091, 43.86416], [-111.293386, 43.863736], [-111.291901, 43.862874], [-111.289922, 43.861766], [-111.289803, 43.861699], [-111.287566, 43.860544], [-111.285868, 43.859684], [-111.283295, 43.858505], [-111.280838, 43.857396], [-111.278911, 43.856514], [-111.278305, 43.856208], [-111.277662, 43.855825], [-111.277314, 43.855596], [-111.27713, 43.855455], [-111.27687, 43.85524], [-111.276652, 43.855047], [-111.276391, 43.854797], [-111.276237, 43.854613], [-111.275786, 43.854067], [-111.275514, 43.853637], [-111.275312, 43.853306], [-111.275125, 43.852905], [-111.2746717, 43.8516117], [-111.274493, 43.851102], [-111.274446, 43.850983], [-111.274253, 43.850493], [-111.273897, 43.849916], [-111.273521, 43.849437], [-111.272922, 43.848804], [-111.27277, 43.848643], [-111.271434, 43.84738], [-111.269179, 43.845186], [-111.269085, 43.845092], [-111.267292, 43.843329], [-111.264952, 43.841055], [-111.263242, 43.83937], [-111.26248, 43.838637], [-111.262369, 43.838548], [-111.261918, 43.838188], [-111.261179, 43.837709], [-111.260952, 43.837585], [-111.260648, 43.837449], [-111.259497, 43.836919], [-111.259286, 43.836822], [-111.256932, 43.83578], [-111.254099, 43.834507], [-111.252457, 43.833797], [-111.251125, 43.833185], [-111.250887, 43.833076], [-111.250514, 43.832914], [-111.249497, 43.832472], [-111.248928, 43.832189], [-111.248451, 43.831931], [-111.247707, 43.831463], [-111.247055, 43.830994], [-111.246622, 43.830604], [-111.246012, 43.829978], [-111.244587, 43.828597], [-111.243681, 43.827672], [-111.243185, 43.827203], [-111.242734, 43.826826], [-111.242257, 43.826522], [-111.241458, 43.826093], [-111.240651, 43.825737], [-111.239954, 43.825487], [-111.239234, 43.825287], [-111.239076, 43.825239], [-111.238495, 43.8251], [-111.238007, 43.825029], [-111.237006, 43.824931], [-111.235715, 43.824928], [-111.2338239, 43.8249494]]}, "properties": {"highway": "primary", "name": "West Highway 33", "ref": "SH 33", "surface": "asphalt", "tiger:cfcc": "A31", "tiger:county": "Fremont, ID:Madison, ID:Teton, ID", "tiger:name_base": "State Highway 33", "tiger:name_base_1": "Highway 33", "tiger:name_direction_prefix_1": "W", "osm_id": 1300295299}}, {"type": "Feature", "geometry": {"type": "LineString", "coordinates": [[-111.1110577, 43.7226466], [-111.1110553, 43.7229704], [-111.1110503, 43.7230948]]}, "properties": {"highway": "primary", "lanes": "3", "lanes:backward": "1", "lanes:forward": "2", "name": "South Main Street", "ref": "ID 33", "surface": "asphalt", "turn:lanes:forward": "left|through;right", "osm_id": 1300404329}}, {"type": "Feature", "geometry": {"type": "LineString", "coordinates": [[-111.1110739, 43.7203167], [-111.1110715, 43.7206373], [-111.1110662, 43.7212289], [-111.1110648, 43.7213379], [-111.111061, 43.7216331], [-111.111062, 43.7217252], [-111.1110594, 43.7219402], [-111.1110588, 43.7221848], [-111.1110582, 43.7224471], [-111.1110577, 43.7226466]]}, "properties": {"highway": "primary", "lanes": "3", "lanes:both_ways": "1", "name": "South Main Street", "ref": "ID 33", "surface": "asphalt", "osm_id": 1300404330}}, {"type": "Feature", "geometry": {"type": "LineString", "coordinates": [[-111.1110503, 43.7230948], [-111.111048, 43.7232337], [-111.1110507, 43.7239023]]}, "properties": {"highway": "primary", "lanes": "3", "lanes:backward": "2", "lanes:forward": "1", "name": "North Main Street", "ref": "ID 33", "surface": "asphalt", "turn:lanes:backward": "left|through;right", "osm_id": 1300404334}}, {"type": "Feature", "geometry": {"type": "LineString", "coordinates": [[-111.1110507, 43.7239023], [-111.1110409, 43.7244115], [-111.1110393, 43.724491]]}, "properties": {"highway": "primary", "lanes": "3", "lanes:backward": "1", "lanes:forward": "2", "name": "North Main Street", "ref": "ID 33", "surface": "asphalt", "turn:lanes:forward": "left|none", "osm_id": 1300404335}}, {"type": "Feature", "geometry": {"type": "LineString", "coordinates": [[-111.1110393, 43.724491], [-111.1110402, 43.7249049]]}, "properties": {"highway": "primary", "lanes": "3", "lanes:backward": "2", "lanes:forward": "1", "name": "North Main Street", "ref": "ID 33", "surface": "asphalt", "turn:lanes:backward": "left|none", "osm_id": 1300404336}}, {"type": "Feature", "geometry": {"type": "LineString", "coordinates": [[-111.1113456, 43.6025953], [-111.1113441, 43.6027953], [-111.1113422, 43.603228]]}, "properties": {"highway": "primary", "lanes": "3", "lanes:backward": "2", "lanes:forward": "1", "name": "North Main Street", "ref": "ID 33", "surface": "asphalt", "tiger:cfcc": "A31", "tiger:county": "Teton, ID", "tiger:name_base": "Main", "tiger:name_base_1": "State Highway 33", "tiger:name_base_2": "State Highway 33 (Scenic)", "tiger:name_direction_prefix": "S", "tiger:name_type": "St", "turn:lanes:backward": "left|none", "osm_id": 1300586960}}, {"type": "Feature", "geometry": {"type": "LineString", "coordinates": [[-111.1113422, 43.603228], [-111.1113395, 43.6036623], [-111.1113393, 43.6037644], [-111.111337, 43.6046105], [-111.1113367, 43.6047138]]}, "properties": {"highway": "primary", "lanes": "3", "lanes:both_ways": "1", "name": "North Main Street", "ref": "ID 33", "surface": "asphalt", "tiger:cfcc": "A31", "tiger:county": "Teton, ID", "tiger:name_base": "Main", "tiger:name_base_1": "State Highway 33", "tiger:name_base_2": "State Highway 33 (Scenic)", "tiger:name_direction_prefix": "S", "tiger:name_type": "St", "osm_id": 1300586961}}, {"type": "Feature", "geometry": {"type": "LineString", "coordinates": [[-111.1113367, 43.6047138], [-111.1113361, 43.6052565]]}, "properties": {"highway": "primary", "lanes": "3", "lanes:backward": "2", "lanes:forward": "1", "name": "North Main Street", "ref": "ID 33", "surface": "asphalt", "tiger:cfcc": "A31", "tiger:county": "Teton, ID", "tiger:name_base": "Main", "tiger:name_base_1": "State Highway 33", "tiger:name_base_2": "State Highway 33 (Scenic)", "tiger:name_direction_prefix": "S", "tiger:name_type": "St", "turn:lanes:backward": "left|none", "osm_id": 1300586962}}, {"type": "Feature", "geometry": {"type": "LineString", "coordinates": [[-111.111342, 43.6020687], [-111.1113442, 43.6024426], [-111.1113456, 43.6025953]]}, "properties": {"highway": "primary", "lanes": "3", "lanes:backward": "1", "lanes:forward": "2", "maxspeed": "35 mph", "name": "South Main Street", "ref": "ID 33", "surface": "asphalt", "tiger:cfcc": "A31", "tiger:county": "Teton, ID", "tiger:name_base": "Main", "tiger:name_base_1": "State Highway 33", "tiger:name_base_2": "State Highway 33 (Scenic)", "tiger:name_direction_prefix": "S", "tiger:name_type": "St", "turn:lanes:forward": "left|none", "osm_id": 1300586965}}, {"type": "Feature", "geometry": {"type": "LineString", "coordinates": [[-111.1113395, 43.6010799], [-111.1113409, 43.6015136], [-111.111342, 43.6020687]]}, "properties": {"highway": "primary", "lanes": "3", "lanes:both_ways": "1", "maxspeed": "35 mph", "name": "South Main Street", "ref": "ID 33", "surface": "asphalt", "tiger:cfcc": "A31", "tiger:county": "Teton, ID", "tiger:name_base": "Main", "tiger:name_base_1": "State Highway 33", "tiger:name_base_2": "State Highway 33 (Scenic)", "tiger:name_direction_prefix": "S", "tiger:name_type": "St", "osm_id": 1300586966}}, {"type": "Feature", "geometry": {"type": "LineString", "coordinates": [[-111.1113412, 43.6004832], [-111.1113409, 43.6005932], [-111.1113407, 43.6006534], [-111.1113395, 43.6010799]]}, "properties": {"highway": "primary", "lanes": "3", "lanes:backward": "2", "lanes:forward": "1", "maxspeed": "35 mph", "name": "South Main Street", "ref": "ID 33", "surface": "asphalt", "tiger:cfcc": "A31", "tiger:county": "Teton, ID", "tiger:name_base": "Main", "tiger:name_base_1": "State Highway 33", "tiger:name_base_2": "State Highway 33 (Scenic)", "tiger:name_direction_prefix": "S", "tiger:name_type": "St", "turn:lanes:backward": "left|none", "osm_id": 1300586967}}, {"type": "Feature", "geometry": {"type": "LineString", "coordinates": [[-111.1113436, 43.6000028], [-111.1113412, 43.6004832]]}, "properties": {"highway": "primary", "lanes": "3", "lanes:backward": "1", "lanes:forward": "2", "maxspeed": "35 mph", "name": "South Main Street", "ref": "ID 33", "surface": "asphalt", "tiger:cfcc": "A31", "tiger:county": "Teton, ID", "tiger:name_base": "Main", "tiger:name_base_1": "State Highway 33", "tiger:name_base_2": "State Highway 33 (Scenic)", "tiger:name_direction_prefix": "S", "tiger:name_type": "St", "turn:lanes:forward": "left|none", "osm_id": 1300586968}}, {"type": "Feature", "geometry": {"type": "LineString", "coordinates": [[-111.1112661, 43.5981104], [-111.1113117, 43.5983158], [-111.1113407, 43.5985259], [-111.1113589, 43.5988447]]}, "properties": {"highway": "primary", "maxspeed": "35 mph", "name": "South Main Street", "ref": "ID 33", "surface": "asphalt", "tiger:cfcc": "A31", "tiger:county": "Teton, ID", "tiger:name_base": "Main", "tiger:name_base_1": "State Highway 33", "tiger:name_base_2": "State Highway 33 (Scenic)", "tiger:name_direction_prefix": "S", "tiger:name_type": "St", "osm_id": 1300586969}}, {"type": "Feature", "geometry": {"type": "LineString", "coordinates": [[-111.1113456, 43.6025953], [-111.1115948, 43.6025939], [-111.1123768, 43.6025817]]}, "properties": {"highway": "primary", "lanes": "3", "lanes:backward": "2", "lanes:forward": "1", "maxspeed": "35 mph", "name": "West Center Street", "name_1": "State Highway 31", "name_2": "State Highway 31 (Scenic)", "ref": "ID 31", "surface": "asphalt", "tiger:cfcc": "A31", "tiger:county": "Teton, ID", "tiger:name_base": "Center", "tiger:name_base_1": "State Highway 31", "tiger:name_base_2": "State Highway 31 (Scenic)", "tiger:name_direction_prefix": "W", "tiger:name_type": "St", "turn:lanes:backward": "left|none", "osm_id": 1300594899}}, {"type": "Feature", "geometry": {"type": "LineString", "coordinates": [[-110.7623778, 43.4834152], [-110.7623731, 43.4834793], [-110.762371, 43.4835316], [-110.7623664, 43.4842884], [-110.7623669, 43.4844542], [-110.7623695, 43.4849211], [-110.762371, 43.4850937], [-110.76237, 43.4856318], [-110.7623697, 43.4856863], [-110.7623676, 43.4860705], [-110.7623779, 43.4864939], [-110.7623821, 43.4865439], [-110.7623836, 43.486594], [-110.7623939, 43.4869619], [-110.7623943, 43.4870128]]}, "properties": {"NHS": "yes", "hgv": "designated", "hgv:national_network": "yes", "highway": "trunk", "lanes": "3", "maxspeed": "25 mph", "name": "North Cache Street", "ref": "US 26;US 89;US 191", "sidewalk:left": "separate", "sidewalk:right": "no", "source:hgv:national_network": "https://hepgis-usdot.hub.arcgis.com/apps/usdot::national-network-conventional-combination-trucks-map/explore", "tiger:county": "Teton, WY", "wydot_ml_number": "10", "osm_id": 1311894590}}, {"type": "Feature", "geometry": {"type": "LineString", "coordinates": [[-110.7623495, 43.4795821], [-110.7623633, 43.4794799], [-110.7623782, 43.4790266], [-110.7623873, 43.478664], [-110.7623827, 43.4785853], [-110.76238, 43.4785074]]}, "properties": {"highway": "secondary", "name": "South Cache Drive", "surface": "asphalt", "tiger:county": "Teton, WY", "osm_id": 1311894592}}, {"type": "Feature", "geometry": {"type": "LineString", "coordinates": [[-111.2330375, 43.8249492], [-111.232281, 43.8249499], [-111.231849, 43.824943], [-111.231119, 43.82495], [-111.229047, 43.824931], [-111.226473, 43.82493], [-111.223411, 43.824919], [-111.220048, 43.82492], [-111.21736, 43.824902], [-111.214818, 43.824896], [-111.211111, 43.824888], [-111.208443, 43.824869], [-111.206242, 43.824873], [-111.202832, 43.824873], [-111.200516, 43.824889]]}, "properties": {"highway": "primary", "lane_markings": "yes", "lanes": "2", "name": "West Highway 33", "ref": "SH 33", "surface": "asphalt", "tiger:cfcc": "A31", "tiger:county": "Fremont, ID:Madison, ID:Teton, ID", "tiger:name_base": "State Highway 33", "tiger:name_base_1": "Highway 33", "tiger:name_direction_prefix_1": "W", "osm_id": 1348562398}}, {"type": "Feature", "geometry": {"type": "LineString", "coordinates": [[-111.2338239, 43.8249494], [-111.2330375, 43.8249492]]}, "properties": {"bridge": "yes", "highway": "primary", "lane_markings": "yes", "lanes": "2", "layer": "1", "name": "West Highway 33", "ref": "SH 33", "surface": "asphalt", "tiger:cfcc": "A31", "tiger:county": "Fremont, ID:Madison, ID:Teton, ID", "tiger:name_base": "State Highway 33", "tiger:name_base_1": "Highway 33", "tiger:name_direction_prefix_1": "W", "osm_id": 1348562399}}, {"type": "Feature", "geometry": {"type": "LineString", "coordinates": [[-110.8049403, 43.5964169], [-110.8047943, 43.5964178], [-110.8047433, 43.5964245], [-110.8046099, 43.5964546], [-110.8041179, 43.5966048], [-110.8038245, 43.5966885], [-110.8036378, 43.5967679], [-110.8031873, 43.5969718], [-110.8031132, 43.5970212], [-110.802953, 43.5972228]]}, "properties": {"attribution": "US National Park Service", "highway": "secondary", "lanes": "1", "maxspeed": "15 mph", "name": "Teton Park Road", "oneway": "yes", "surface": "asphalt", "toll": "yes", "osm_id": 1377645725}}, {"type": "Feature", "geometry": {"type": "LineString", "coordinates": [[-110.8050875, 43.5963691], [-110.8049403, 43.5964169], [-110.8048415, 43.5964489], [-110.804684, 43.5964932], [-110.8041772, 43.5966692], [-110.8037623, 43.5968624], [-110.8030569, 43.5971757], [-110.802953, 43.5972228], [-110.8029054, 43.5972417], [-110.8028435, 43.5972723], [-110.8027576, 43.5973389], [-110.8026957, 43.5974253], [-110.8026746, 43.5974548], [-110.8026482, 43.5974931], [-110.8026065, 43.5975398], [-110.8024572, 43.5976327]]}, "properties": {"attribution": "US National Park Service", "highway": "secondary", "lanes": "1", "maxspeed": "15 mph", "name": "Moose-Wilson Road", "oneway": "yes", "surface": "asphalt", "toll": "yes", "osm_id": 1377645726}}, {"type": "Feature", "geometry": {"type": "LineString", "coordinates": [[-110.8049403, 43.5964169], [-110.8047822, 43.5964394], [-110.8047132, 43.5964547], [-110.8041505, 43.5966327], [-110.8038156, 43.5967465], [-110.8036911, 43.5968001], [-110.8031962, 43.5970298], [-110.8030836, 43.5971049], [-110.802953, 43.5972228]]}, "properties": {"attribution": "US National Park Service", "highway": "secondary", "lanes": "1", "maxspeed": "15 mph", "name": "Teton Park Road", "oneway": "yes", "surface": "asphalt", "toll": "yes", "osm_id": 1377645727}}, {"type": "Feature", "geometry": {"type": "LineString", "coordinates": [[-110.8024572, 43.5976327], [-110.8027141, 43.5975727], [-110.8028762, 43.5975727], [-110.802974, 43.5975633], [-110.8030718, 43.5975373], [-110.8042322, 43.5970062], [-110.8043402, 43.5969447], [-110.8044483, 43.5968795], [-110.8045538, 43.5967826], [-110.8046042, 43.5967248], [-110.8046593, 43.5966615], [-110.8047468, 43.5965832], [-110.8048754, 43.5964938], [-110.8050875, 43.5963691]]}, "properties": {"attribution": "US National Park Service", "highway": "secondary", "lanes": "1", "maxspeed": "15 mph", "name": "Moose-Wilson Road", "oneway": "yes", "surface": "asphalt", "toll": "yes", "osm_id": 1377645728}}, {"type": "Feature", "geometry": {"type": "LineString", "coordinates": [[-110.8056047, 43.5961428], [-110.8050875, 43.5963691]]}, "properties": {"cycleway": "shared_lane", "highway": "secondary", "name": "Moose-Wilson Road", "tiger:cfcc": "A41", "tiger:county": "Teton, WY", "tiger:name_base": "Moose Wilson", "tiger:name_type": "Rd", "osm_id": 1377645729}}, {"type": "Feature", "geometry": {"type": "LineString", "coordinates": [[-110.8026957, 43.5974253], [-110.8027128, 43.5974761], [-110.8027575, 43.5975294], [-110.80282, 43.5975553], [-110.8028762, 43.5975727]]}, "properties": {"attribution": "US National Park Service", "highway": "secondary", "lanes": "1", "maxspeed": "15 mph", "name": "Moose-Wilson Road", "oneway": "yes", "surface": "asphalt", "osm_id": 1377645730}}, {"type": "Feature", "geometry": {"type": "LineString", "coordinates": [[-110.6914538, 44.0463611], [-110.6913454, 44.0466327], [-110.6912534, 44.0469193], [-110.6911773, 44.0472212], [-110.6910968, 44.0476993], [-110.691011, 44.0485476], [-110.6909412, 44.0503096], [-110.6908822, 44.0510576], [-110.6907964, 44.0515819], [-110.6907052, 44.0522373], [-110.6906459, 44.0526164], [-110.6903, 44.054947], [-110.690132, 44.056393], [-110.690063, 44.057552], [-110.6900039, 44.0592606], [-110.689968, 44.0595742], [-110.689934, 44.059872], [-110.689804, 44.060452], [-110.68972, 44.060738], [-110.689499, 44.061295], [-110.689369, 44.061573], [-110.689232, 44.061848], [-110.6889821, 44.062261], [-110.6885708, 44.0629117], [-110.688019, 44.063675], [-110.687599, 44.064175], [-110.687149, 44.064655], [-110.686417, 44.06535], [-110.685898, 44.065792], [-110.685349, 44.066219], [-110.684563, 44.066875], [-110.684105, 44.067348], [-110.683731, 44.06786], [-110.683426, 44.068398], [-110.683205, 44.068951], [-110.683075, 44.069523], [-110.683037, 44.069809], [-110.683029, 44.070099], [-110.683098, 44.070679], [-110.6832379, 44.071257], [-110.683946, 44.0739935], [-110.6841874, 44.074849], [-110.6842303, 44.0752421], [-110.684303, 44.075829], [-110.684319, 44.076408], [-110.684296, 44.076992], [-110.684235, 44.077572], [-110.684189, 44.077862], [-110.684059, 44.078434], [-110.683884, 44.078999], [-110.68367, 44.079559], [-110.683395, 44.080105], [-110.683075, 44.080639], [-110.682709, 44.081154], [-110.682503, 44.081406], [-110.681824, 44.082127], [-110.6814666, 44.0824336], [-110.681305, 44.082569], [-110.680733, 44.082981], [-110.6789287, 44.0841378], [-110.6783417, 44.0845348], [-110.6777997, 44.0849618], [-110.6773117, 44.0854198], [-110.6768687, 44.0859038], [-110.6764841, 44.0864406], [-110.6737268, 44.0901165], [-110.6713074, 44.0933606], [-110.6706369, 44.0942737], [-110.6700389, 44.0950668], [-110.6695426, 44.0958071], [-110.6691992, 44.0963811], [-110.6682175, 44.0981301]]}, "properties": {"attribution": "US National Park Service", "hgv": "designated", "hgv:national_network": "yes", "highway": "primary", "import": "tetonroad_20090805", "lanes": "2", "maxspeed": "45 mph", "name": "John D. Rockefeller Jr. Memorial Parkway", "nfs:teton:OBJECTID": "339;4250;4331;4546;4545", "ref": "US 89;US 191;US 287", "source:hgv:national_network": "https://hepgis-usdot.hub.arcgis.com/apps/usdot::national-network-conventional-combination-trucks-map/explore", "surface": "asphalt", "wydot_ml_number": "10", "osm_id": 1466099935}}, {"type": "Feature", "geometry": {"type": "LineString", "coordinates": [[-110.8220605, 43.5466769], [-110.8221064, 43.5470255], [-110.8221479, 43.5473821], [-110.8221893, 43.5477618], [-110.8222186, 43.5480805], [-110.8222327, 43.5484001], [-110.8222401, 43.5487197], [-110.8222442, 43.5490168], [-110.8222448, 43.5496382]]}, "properties": {"highway": "secondary", "lanes": "2", "maxspeed": "45 mph", "maxspeed:conditional": "35 mph @ (dusk-dawn)", "name": "Moose-Wilson Road", "ref": "WY 390", "surface": "asphalt", "wydot_ml_number": "2001", "osm_id": 1494885633}}, {"type": "Feature", "geometry": {"type": "LineString", "coordinates": [[-110.7620975, 43.4901763], [-110.7619557, 43.4906108], [-110.7617598, 43.4911772], [-110.7615413, 43.4918706]]}, "properties": {"NHS": "yes", "hgv": "designated", "hgv:national_network": "yes", "highway": "trunk", "lanes": "2", "maxspeed": "25 mph", "name": "North Cache Street", "ref": "US 26;US 89;US 191", "source:hgv:national_network": "https://hepgis-usdot.hub.arcgis.com/apps/usdot::national-network-conventional-combination-trucks-map/explore", "surface": "asphalt", "wydot_ml_number": "10", "osm_id": 1511792185}}, {"type": "Feature", "geometry": {"type": "LineString", "coordinates": [[-110.7623495, 43.4795821], [-110.7623503, 43.4796899], [-110.7623571, 43.4802361], [-110.762358, 43.4803136], [-110.7623589, 43.4803801], [-110.7623611, 43.4805599], [-110.7623624, 43.4806645], [-110.7623767, 43.4817727], [-110.7623752, 43.4818612]]}, "properties": {"NHS": "yes", "hgv": "designated", "hgv:national_network": "yes", "highway": "primary", "lanes": "2", "maxspeed": "25 mph", "name": "North Cache Street", "ref": "US 26;US 89;US 191", "source:hgv:national_network": "https://hepgis-usdot.hub.arcgis.com/apps/usdot::national-network-conventional-combination-trucks-map/explore", "tiger:county": "Teton, WY", "wydot_ml_number": "10", "osm_id": 1511792186}}, {"type": "Feature", "geometry": {"type": "LineString", "coordinates": [[-111.0020874, 44.6508035], [-111.003205, 44.6504832], [-111.0045583, 44.6500779], [-111.0053148, 44.6499013], [-111.0061017, 44.6498418], [-111.0075452, 44.6499615], [-111.008601, 44.6500836], [-111.0093649, 44.6501264], [-111.013115, 44.6499919], [-111.0135732, 44.6499673], [-111.0147851, 44.649923], [-111.015863, 44.6498748], [-111.0169267, 44.6498249], [-111.0173037, 44.6498075], [-111.0180559, 44.6497871], [-111.0188963, 44.6498052], [-111.0192989, 44.6498458], [-111.0197436, 44.6498985], [-111.0284279, 44.65114], [-111.0293512, 44.6512192], [-111.0297276, 44.6512295], [-111.0301426, 44.6512168], [-111.0319913, 44.6510667], [-111.0328979, 44.6510018], [-111.0339228, 44.6509163], [-111.0342237, 44.6509062], [-111.034619, 44.6509015], [-111.0350626, 44.6509438], [-111.0353771, 44.6510016], [-111.0356291, 44.6510667], [-111.0367326, 44.6514405], [-111.0378177, 44.6518238], [-111.0392282, 44.652195], [-111.0403826, 44.6524598], [-111.0415675, 44.6526905], [-111.0440908, 44.6531662], [-111.044667, 44.6532221], [-111.0450884, 44.6532538], [-111.0455339, 44.6532465], [-111.0462207, 44.6531995], [-111.0468628, 44.6530926], [-111.0488017, 44.6525907], [-111.0507797, 44.652112], [-111.0514573, 44.6519625], [-111.0528185, 44.6517328]]}, "properties": {"hgv": "no", "highway": "secondary", "lanes": "2", "loc_ref": "US 20;US 191;US 287", "maxspeed": "45 mph", "motor_vehicle:conditional": "no @ winter", "name": "West Entrance Road", "surface": "asphalt", "osm_id": 5545947}}, {"type": "Feature", "geometry": {"type": "LineString", "coordinates": [[-111.1229992, 44.6654417], [-111.127139, 44.6661758], [-111.1391424, 44.6682944], [-111.139291, 44.6683195], [-111.1534901, 44.670833], [-111.1610061, 44.6721641], [-111.179104, 44.675357], [-111.181964, 44.675873], [-111.183361, 44.676171], [-111.184594, 44.676446], [-111.1864409, 44.6769309], [-111.1934705, 44.6790058], [-111.1944095, 44.6792815]]}, "properties": {"NHS": "yes", "highway": "trunk", "lanes": "2", "maxspeed": "75 mph", "mdt_base_route": "P-12", "name": "Targhee Pass Highway", "ref": "US 20", "surface": "asphalt", "osm_id": 5545959}}, {"type": "Feature", "geometry": {"type": "LineString", "coordinates": [[-111.1056769, 44.6623814], [-111.1063652, 44.6625224], [-111.1076256, 44.6627754], [-111.1084124, 44.6629102], [-111.1085168, 44.6629307], [-111.1106692, 44.6632797], [-111.1123688, 44.6635557], [-111.1132499, 44.6637305]]}, "properties": {"NHS": "yes", "highway": "trunk", "lanes": "2", "maxspeed": "25 mph", "mdt_base_route": "P-12", "name": "Targhee Pass Highway", "ref": "US 20", "osm_id": 5545962}}, {"type": "Feature", "geometry": {"type": "LineString", "coordinates": [[-111.0787466, 44.9710389], [-111.078738, 44.970939], [-111.078553, 44.96823], [-111.07832, 44.967452], [-111.078284, 44.967332], [-111.077901, 44.966509], [-111.077396, 44.965731], [-111.076782, 44.964998], [-111.076087, 44.96434], [-111.075388, 44.963808], [-111.0672799, 44.9584814], [-111.066862, 44.958177], [-111.064487, 44.9566084], [-111.062833, 44.955516], [-111.062054, 44.95493], [-111.061302, 44.954203], [-111.060686, 44.953446], [-111.060226, 44.952705], [-111.059902, 44.952007], [-111.0595156, 44.9506434], [-111.0594758, 44.950497], [-111.059356, 44.95008], [-111.0592952, 44.9498325], [-111.058959, 44.948463], [-111.056834, 44.940027], [-111.0548772, 44.9322594]]}, "properties": {"NHS": "yes", "hazmat": "no", "hgv": "designated", "hgv:national_network": "yes", "highway": "trunk", "lanes": "2", "maxspeed": "55 mph", "name": "Gallatin Road", "ref": "US 191", "source:hgv:national_network": "https://hepgis-usdot.hub.arcgis.com/apps/usdot::national-network-conventional-combination-trucks-map/explore", "osm_id": 5546166}}, {"type": "Feature", "geometry": {"type": "LineString", "coordinates": [[-111.0997512, 44.6647499], [-111.0998537, 44.6658197], [-111.0999252, 44.6666275]]}, "properties": {"NHS": "yes", "hgv": "designated", "hgv:national_network": "yes", "highway": "trunk", "lanes": "4", "maxspeed": "35 mph", "name": "Gallatin Road", "ref": "US 191;US 287", "sidewalk": "no", "source:hgv:national_network": "https://hepgis-usdot.hub.arcgis.com/apps/usdot::national-network-conventional-combination-trucks-map/explore", "surface": "asphalt", "osm_id": 5546183}}, {"type": "Feature", "geometry": {"type": "LineString", "coordinates": [[-111.0972349, 44.8080596], [-111.09654, 44.808535], [-111.096176, 44.808849], [-111.095761, 44.809207], [-111.0949, 44.810168], [-111.094644, 44.810549], [-111.094488, 44.810782], [-111.094125, 44.811498], [-111.093776, 44.812457], [-111.0932314, 44.8139558], [-111.0929347, 44.8147722], [-111.090732, 44.820834], [-111.090073, 44.82209], [-111.089498, 44.822771], [-111.089047, 44.823305], [-111.087719, 44.824359], [-111.080026, 44.82902], [-111.07918, 44.82964], [-111.078422, 44.830343], [-111.077758, 44.831145], [-111.077186, 44.832057], [-111.071804, 44.841629], [-111.067947, 44.84849], [-111.0673442, 44.849305], [-111.06705, 44.849615], [-111.065947, 44.850637], [-111.065246, 44.851127], [-111.062494, 44.852668], [-111.057555, 44.855432], [-111.0551971, 44.856738]]}, "properties": {"NHS": "yes", "hazmat": "no", "hgv": "designated", "hgv:national_network": "yes", "highway": "trunk", "lanes": "2", "maxspeed": "55 mph", "name": "Gallatin Road", "ref": "US 191", "source:hgv:national_network": "https://hepgis-usdot.hub.arcgis.com/apps/usdot::national-network-conventional-combination-trucks-map/explore", "tiger:cfcc": "A21", "tiger:county": "Gallatin, MT", "tiger:name_base": "Gallatin", "tiger:name_base_1": "United States Highway 191", "tiger:name_type": "Rd", "tiger:reviewed": "name", "osm_id": 5546186}}, {"type": "Feature", "geometry": {"type": "LineString", "coordinates": [[-111.0971101, 44.6586513], [-111.097212, 44.6586744]]}, "properties": {"NHS": "yes", "highway": "secondary", "lanes": "2", "loc_ref": "US 20;US 191;US 287", "maxspeed": "25 mph", "name": "West Entrance Road", "sidewalk": "no", "surface": "asphalt", "osm_id": 5547278}}, {"type": "Feature", "geometry": {"type": "LineString", "coordinates": [[-111.1133113, 44.7818968], [-111.1135768, 44.7819046], [-111.113862, 44.7819375], [-111.114174, 44.7819734], [-111.114491, 44.782029], [-111.114712, 44.78208], [-111.114962, 44.782145], [-111.115225, 44.782225], [-111.115483, 44.782316], [-111.115894, 44.782464], [-111.116027, 44.782514], [-111.1163435, 44.782628], [-111.1169629, 44.7828664], [-111.1181779, 44.7833194], [-111.1203869, 44.7841444], [-111.1211783, 44.7844434], [-111.121897, 44.78472], [-111.1224931, 44.7849405], [-111.12493, 44.785847], [-111.125986, 44.786242], [-111.126939, 44.786592], [-111.127939, 44.786972], [-111.129269, 44.787464], [-111.130082, 44.787773], [-111.133041, 44.788882], [-111.13347, 44.789043], [-111.134021, 44.789249], [-111.135007, 44.789609], [-111.138597, 44.790942], [-111.140908, 44.791807], [-111.1412781, 44.7919451], [-111.143554, 44.792794], [-111.1440568, 44.7929807], [-111.145857, 44.793649], [-111.147897, 44.794413], [-111.149868, 44.795145], [-111.150648, 44.79544], [-111.152434, 44.7961], [-111.1526297, 44.7961709]]}, "properties": {"hgv": "designated", "hgv:national_network": "yes", "highway": "secondary", "lanes": "2", "maxspeed": "70 mph", "maxspeed:conditional": "65 mph @ (dusk-dawn)", "maxspeed:hgv": "60 mph", "maxspeed:hgv:conditional": "55 mph @ (dusk-dawn)", "name": "Hebgen Lake Road", "ref": "US 287", "sidewalk": "no", "source": "Bing", "source:hgv:national_network": "https://hepgis-usdot.hub.arcgis.com/apps/usdot::national-network-conventional-combination-trucks-map/explore", "surface": "asphalt", "osm_id": 5547312}}, {"type": "Feature", "geometry": {"type": "LineString", "coordinates": [[-111.246351, 45.1566187], [-111.246182, 45.1563138], [-111.2460779, 45.1560713], [-111.2459599, 45.1557853], [-111.2458363, 45.1554524], [-111.245658, 45.154842], [-111.245592, 45.154298], [-111.245608, 45.153934], [-111.245623, 45.153269], [-111.2460391, 45.1505586], [-111.246148, 45.149849], [-111.2462545, 45.1491278], [-111.24637, 45.148345], [-111.24634, 45.147587], [-111.246179, 45.14684], [-111.246102, 45.146594], [-111.246009, 45.146394], [-111.245866, 45.146125], [-111.245456, 45.145474], [-111.244954, 45.144923], [-111.243549, 45.14365], [-111.241256, 45.141639], [-111.240759, 45.141233], [-111.240357, 45.140959], [-111.239897, 45.140728], [-111.239331, 45.140519], [-111.238576, 45.140228], [-111.2383364, 45.1401186], [-111.238219, 45.140065], [-111.238, 45.139944], [-111.237811, 45.139819], [-111.237541, 45.139623], [-111.237364, 45.139467], [-111.237215, 45.139309], [-111.237069, 45.139121], [-111.236973, 45.138975], [-111.2369059, 45.1388483], [-111.236856, 45.138754], [-111.236755, 45.138476], [-111.236577, 45.137918], [-111.235139, 45.132889], [-111.233082, 45.128122], [-111.232559, 45.127291], [-111.230981, 45.125483], [-111.230682, 45.125052], [-111.2291238, 45.1224265], [-111.2288545, 45.1219727], [-111.228406, 45.121217], [-111.2282263, 45.1209101], [-111.2278975, 45.1203488], [-111.2272034, 45.1191637], [-111.22682, 45.118509], [-111.226605, 45.118095], [-111.226479, 45.117881], [-111.2261583, 45.1172042], [-111.22604, 45.116966], [-111.2259075, 45.1166901], [-111.225723, 45.116306], [-111.225578, 45.1160369], [-111.2254775, 45.1158255], [-111.2253202, 45.1154908], [-111.2249135, 45.114401], [-111.2247882, 45.1140488], [-111.222731, 45.107372], [-111.22222, 45.106144], [-111.221131, 45.104249], [-111.218976, 45.101543], [-111.218826, 45.101351], [-111.217843, 45.09977], [-111.217826, 45.099736], [-111.217137, 45.098368], [-111.2168865, 45.0978704], [-111.21469, 45.093506], [-111.2138054, 45.0911834], [-111.2135155, 45.0904222], [-111.213456, 45.090266], [-111.212949, 45.089129], [-111.212324, 45.088166], [-111.209581, 45.084456], [-111.208884, 45.083329], [-111.208685, 45.082772], [-111.208356, 45.080624], [-111.208259, 45.080297], [-111.208148, 45.079979], [-111.207925, 45.079492], [-111.207235, 45.078564], [-111.206554, 45.077948], [-111.2064815, 45.0778951], [-111.203603, 45.075797], [-111.2026641, 45.0751105]]}, "properties": {"NHS": "yes", "hgv": "designated", "hgv:national_network": "yes", "highway": "trunk", "lanes": "2", "maxspeed": "60 mph", "name": "Gallatin Road", "ref": "US 191", "source:hgv:national_network": "https://hepgis-usdot.hub.arcgis.com/apps/usdot::national-network-conventional-combination-trucks-map/explore", "osm_id": 5553404}}, {"type": "Feature", "geometry": {"type": "LineString", "coordinates": [[-111.1133113, 44.7818968], [-111.113286, 44.785156], [-111.113241, 44.785813], [-111.113149, 44.786459], [-111.112994, 44.787078], [-111.112762, 44.787664], [-111.112469, 44.788236], [-111.112107, 44.788795], [-111.111683, 44.789337], [-111.111365, 44.78969], [-111.111232, 44.789838], [-111.110736, 44.790316], [-111.110277, 44.790741], [-111.109866, 44.79111], [-111.1096768, 44.7912876], [-111.109604, 44.791356], [-111.1093617, 44.7915819], [-111.106565, 44.794189], [-111.105458, 44.7952214], [-111.104947, 44.795698], [-111.104441, 44.79617], [-111.104265, 44.796416], [-111.104143, 44.796611], [-111.104018, 44.796925], [-111.103959, 44.797154], [-111.103931, 44.797807], [-111.103965, 44.79803], [-111.104037, 44.798239], [-111.104166, 44.798536], [-111.104382, 44.798839], [-111.104695, 44.79917], [-111.104999, 44.799413], [-111.105359, 44.799635], [-111.105858, 44.799877], [-111.1065103, 44.8001467], [-111.107315, 44.8004512], [-111.1078867, 44.8007219], [-111.1081948, 44.8009333], [-111.1083537, 44.8010694], [-111.1086095, 44.8013161], [-111.1087796, 44.8015351], [-111.1090116, 44.8019284]]}, "properties": {"NHS": "yes", "hgv": "designated", "hgv:national_network": "yes", "highway": "trunk", "lanes": "2", "maxspeed": "70 mph", "name": "Gallatin Road", "ref": "US 191", "source": "Bing", "source:hgv:national_network": "https://hepgis-usdot.hub.arcgis.com/apps/usdot::national-network-conventional-combination-trucks-map/explore", "surface": "paved", "osm_id": 5553417}}, {"type": "Feature", "geometry": {"type": "LineString", "coordinates": [[-111.097212, 44.6586744], [-111.0972528, 44.6586807], [-111.0973243, 44.6586894], [-111.0975954, 44.6587073], [-111.0982054, 44.6587092], [-111.0985368, 44.6587112]]}, "properties": {"NHS": "yes", "hgv": "designated", "hgv:national_network": "yes", "highway": "primary", "lanes": "4", "maxspeed": "25 mph", "name": "Yellowstone Avenue", "ref": "US 20;US 191;US 287", "sidewalk": "both", "source:hgv:national_network": "https://hepgis-usdot.hub.arcgis.com/apps/usdot::national-network-conventional-combination-trucks-map/explore", "surface": "asphalt", "osm_id": 5555743}}, {"type": "Feature", "geometry": {"type": "LineString", "coordinates": [[-111.0996864, 44.6595244], [-111.0996865, 44.6596055], [-111.099685, 44.660388], [-111.0996847, 44.6605037], [-111.099685, 44.6606148], [-111.0996829, 44.661407], [-111.0996827, 44.6614599]]}, "properties": {"NHS": "yes", "hgv": "designated", "hgv:national_network": "yes", "highway": "primary", "lanes": "4", "maxspeed": "25 mph", "mdt_base_route": "P-50", "name": "Canyon Street", "ref": "US 20;US 191;US 287", "sidewalk": "both", "source:hgv:national_network": "https://hepgis-usdot.hub.arcgis.com/apps/usdot::national-network-conventional-combination-trucks-map/explore", "surface": "asphalt", "osm_id": 5560395}}, {"type": "Feature", "geometry": {"type": "LineString", "coordinates": [[-111.0996945, 44.6639021], [-111.0997018, 44.6640109], [-111.0997512, 44.6647499]]}, "properties": {"NHS": "yes", "hgv": "designated", "hgv:national_network": "yes", "highway": "trunk", "lanes": "4", "maxspeed": "35 mph", "name": "North Canyon Street", "ref": "US 191;US 287", "sidewalk": "both", "source:hgv:national_network": "https://hepgis-usdot.hub.arcgis.com/apps/usdot::national-network-conventional-combination-trucks-map/explore", "surface": "asphalt", "osm_id": 5560397}}, {"type": "Feature", "geometry": {"type": "LineString", "coordinates": [[-109.9395833, 45.018355], [-109.9387756, 45.0185329], [-109.9378398, 45.0187527], [-109.9373562, 45.0188578], [-109.9370538, 45.0189236], [-109.936989, 45.0189377], [-109.936749, 45.0189898], [-109.9364942, 45.0190452], [-109.9363488, 45.0190774], [-109.9361516, 45.0191197], [-109.9359349, 45.0191713], [-109.9348434, 45.019431], [-109.9344981, 45.0195132]]}, "properties": {"hgv": "designated", "hgv:national_network": "yes", "highway": "secondary", "lanes": "2", "maxspeed": "25 mph", "name": "West Main Street", "ref": "US 212", "sidewalk": "no", "source:hgv:national_network": "https://hepgis-usdot.hub.arcgis.com/apps/usdot::national-network-conventional-combination-trucks-map/explore", "surface": "asphalt", "osm_id": 5773023}}, {"type": "Feature", "geometry": {"type": "LineString", "coordinates": [[-110.7058276, 45.0333284], [-110.7057, 45.0331627], [-110.7056304, 45.033041], [-110.705581, 45.0329507], [-110.7055351, 45.0328583]]}, "properties": {"NHS": "yes", "hgv": "designated", "hgv:national_network": "yes", "highway": "primary", "lanes": "2", "maxspeed": "25 mph", "mdt_base_route": "P-11", "ref": "US 89", "source:hgv:national_network": "https://hepgis-usdot.hub.arcgis.com/apps/usdot::national-network-conventional-combination-trucks-map/explore", "surface": "asphalt", "tiger:cfcc": "A21", "tiger:county": "Park, MT", "tiger:name_base": "United States Highway 89", "tiger:reviewed": "aerial", "osm_id": 5773893}}, {"type": "Feature", "geometry": {"type": "LineString", "coordinates": [[-110.7178356, 45.036751], [-110.7160422, 45.0362743], [-110.7157552, 45.0361979], [-110.7154604, 45.0361195], [-110.7147851, 45.0359398], [-110.7140163, 45.0357353]]}, "properties": {"NHS": "yes", "hgv": "designated", "hgv:national_network": "yes", "highway": "primary", "lanes": "2", "maxspeed": "35 mph", "mdt_base_route": "P-11", "name": "Scott Street West", "ref": "US 89", "source:hgv:national_network": "https://hepgis-usdot.hub.arcgis.com/apps/usdot::national-network-conventional-combination-trucks-map/explore", "surface": "asphalt", "osm_id": 5774933}}, {"type": "Feature", "geometry": {"type": "LineString", "coordinates": [[-110.7003672, 44.976635], [-110.7002491, 44.9765773], [-110.7001256, 44.9765793]]}, "properties": {"hgv": "no", "highway": "secondary", "lane_markings": "no", "lit": "yes", "maxspeed": "25 mph", "name": "Albright Avenue", "oneway": "yes", "sidewalk": "right", "surface": "asphalt", "unsigned_ref": "US 89", "osm_id": 15754581}}, {"type": "Feature", "geometry": {"type": "LineString", "coordinates": [[-110.7009335, 44.9762998], [-110.7008756, 44.9762277], [-110.7007829, 44.9759666], [-110.7003186, 44.9745918], [-110.7002319, 44.9744281], [-110.7001401, 44.9743243], [-110.7000808, 44.9742652], [-110.6993517, 44.9736875], [-110.6986479, 44.9731127], [-110.6985426, 44.9730067], [-110.698407, 44.9728703], [-110.698186, 44.972618], [-110.6981546, 44.9725772], [-110.6979327, 44.9722771], [-110.6978946, 44.9722217], [-110.6978275, 44.9720629], [-110.6977503, 44.9717878], [-110.6977058, 44.9715277], [-110.6976905, 44.9705525]]}, "properties": {"hgv": "no", "highway": "secondary", "lanes": "2", "maxspeed": "25 mph", "name": "Parade Ground Road", "surface": "asphalt", "unsigned_ref": "US 89 Alt;US 212", "osm_id": 15760729}}, {"type": "Feature", "geometry": {"type": "LineString", "coordinates": [[-111.0551971, 44.856738], [-111.0495589, 44.8598309], [-111.048732, 44.8604506], [-111.0482224, 44.8608369], [-111.0474835, 44.8616715], [-111.0456368, 44.864606], [-111.0441815, 44.8673144], [-111.0439995, 44.8682041], [-111.0439556, 44.8688115], [-111.0440656, 44.8694281], [-111.0446585, 44.8710971], [-111.0451455, 44.872448], [-111.0461346, 44.8749368], [-111.0463819, 44.8754638], [-111.0465105, 44.8756747], [-111.0466929, 44.8759795], [-111.0470893, 44.876389], [-111.0476128, 44.8767664], [-111.0502771, 44.8783389], [-111.0508231, 44.8787959], [-111.0511143, 44.8791496], [-111.0514054, 44.8796124], [-111.0515921, 44.8800326], [-111.0517299, 44.880657], [-111.0518315, 44.8815427], [-111.0520121, 44.8823871], [-111.0528663, 44.884076], [-111.0538132, 44.8857391], [-111.0540228, 44.8861902], [-111.0541275, 44.886548], [-111.0542268, 44.886929], [-111.0543116, 44.8872377], [-111.054379, 44.8876323], [-111.0544253, 44.8879136], [-111.0544022, 44.8884614], [-111.0543674, 44.8891261], [-111.0543412, 44.889632], [-111.054162, 44.8934077], [-111.054142, 44.8939086], [-111.053962, 44.8972107], [-111.0539339, 44.8977279], [-111.0538113, 44.8999822], [-111.0536536, 44.9028664], [-111.0532787, 44.9096323], [-111.053152, 44.9118448], [-111.0528438, 44.9184907], [-111.0526663, 44.9216846], [-111.0526628, 44.9223528], [-111.0526836, 44.9227871], [-111.0527487, 44.9233802], [-111.0529396, 44.9245309], [-111.0531713, 44.9256039], [-111.0537717, 44.927807], [-111.0539576, 44.9285732], [-111.0548772, 44.9322594]]}, "properties": {"NHS": "yes", "hazmat": "no", "hgv": "yes", "highway": "trunk", "lanes": "2", "maxspeed": "55 mph", "name": "Gallatin Road", "ref": "US 191", "osm_id": 15761069}}, {"type": "Feature", "geometry": {"type": "LineString", "coordinates": [[-110.858423, 44.6454123], [-110.8585865, 44.6454867], [-110.8591719, 44.6457531], [-110.859557, 44.6459208], [-110.8599889, 44.6460599], [-110.8603885, 44.646145], [-110.861025, 44.6462442], [-110.8611623, 44.6462628], [-110.8614528, 44.6462794], [-110.8620536, 44.6462733], [-110.8629125, 44.6462241], [-110.8641382, 44.6461185]]}, "properties": {"hgv": "no", "highway": "secondary", "lanes": "2", "loc_ref": "US 20;US 191;US 287", "maxspeed": "35 mph", "motor_vehicle:conditional": "no @ winter", "name": "West Entrance Road", "surface": "asphalt", "osm_id": 15780875}}, {"type": "Feature", "geometry": {"type": "LineString", "coordinates": [[-110.3812034, 44.5662036], [-110.3820596, 44.5666007], [-110.3829173, 44.5669961]]}, "properties": {"bridge": "yes", "bridge:name": "Fishing Bridge", "hgv": "no", "highway": "secondary", "lanes": "2", "layer": "1", "loc_ref": "US 14;US 16;US 20", "maxspeed": "25 mph", "name": "East Entrance Road", "surface": "asphalt", "wikidata": "Q111962646", "osm_id": 15781805}}, {"type": "Feature", "geometry": {"type": "LineString", "coordinates": [[-110.851462, 44.4631123], [-110.8516918, 44.4632654], [-110.8521621, 44.4635928], [-110.8525269, 44.463879], [-110.8529319, 44.464237], [-110.8533289, 44.4646437], [-110.8536735, 44.4650543], [-110.8541331, 44.4657654], [-110.8545318, 44.4663598], [-110.8549008, 44.4669181]]}, "properties": {"hgv": "no", "highway": "secondary", "lanes": "2", "maxspeed": "35 mph", "name": "Grand Loop Road", "surface": "asphalt", "unsigned_ref": "US 20 Alt;US 89;US 191;US 287", "osm_id": 23681963}}, {"type": "Feature", "geometry": {"type": "LineString", "coordinates": [[-110.8417463, 44.4593872], [-110.8421937, 44.4597785], [-110.8427395, 44.4601853], [-110.8429487, 44.4603289], [-110.8433041, 44.4605519], [-110.8438191, 44.4608285], [-110.8442737, 44.4610238], [-110.8447619, 44.461197], [-110.8450489, 44.4612832], [-110.8454204, 44.4613703], [-110.8459474, 44.4614727], [-110.846563, 44.4615703], [-110.8473931, 44.4616976], [-110.8477834, 44.4617675], [-110.8481133, 44.4618403], [-110.8486108, 44.4619676], [-110.8491835, 44.462137], [-110.8494678, 44.4622337], [-110.8501209, 44.4624921], [-110.8505957, 44.4627103], [-110.8510852, 44.4629601], [-110.851462, 44.4631123]]}, "properties": {"hgv": "no", "highway": "secondary", "lanes": "2", "maxspeed": "35 mph", "name": "Grand Loop Road", "oneway": "yes", "surface": "concrete", "unsigned_ref": "US 20 Alt;US 89;US 191;US 287", "osm_id": 23681964}}, {"type": "Feature", "geometry": {"type": "LineString", "coordinates": [[-110.851462, 44.4631123], [-110.8511697, 44.462897], [-110.8508384, 44.4627151], [-110.8502604, 44.4624442], [-110.8496811, 44.4622069], [-110.8492787, 44.4620662], [-110.8487745, 44.4619092], [-110.8481053, 44.4617417], [-110.8476962, 44.4616536], [-110.8471879, 44.4615684], [-110.8462183, 44.4614239], [-110.8456846, 44.4613301], [-110.8454552, 44.4612832], [-110.8453404, 44.4612516], [-110.8448088, 44.4611051], [-110.8444414, 44.4609788], [-110.8440243, 44.4608094], [-110.8436944, 44.4606505], [-110.8432035, 44.4603758], [-110.8429648, 44.4602159], [-110.8422822, 44.459722], [-110.8417463, 44.4593872]]}, "properties": {"hgv": "no", "highway": "secondary", "lanes": "2", "maxspeed": "35 mph", "name": "Grand Loop Road", "oneway": "yes", "surface": "concrete", "unsigned_ref": "US 20 Alt;US 89;US 191;US 287", "osm_id": 23682059}}, {"type": "Feature", "geometry": {"type": "LineString", "coordinates": [[-110.6803826, 44.9590533], [-110.6781443, 44.9574764]]}, "properties": {"bridge": "yes", "bridge:structure": "arch", "hgv": "no", "highway": "secondary", "lanes": "2", "layer": "1", "maxspeed": "45 mph", "name": "Grand Loop Road", "surface": "asphalt", "unsigned_ref": "US 89 Alt;US 212", "osm_id": 24249927}}, {"type": "Feature", "geometry": {"type": "LineString", "coordinates": [[-110.6781443, 44.9574764], [-110.6778976, 44.9572842], [-110.6776201, 44.957103], [-110.6768558, 44.9566577], [-110.6760726, 44.9562967], [-110.6733126, 44.9549657], [-110.6729724, 44.9547577], [-110.6724135, 44.9543526], [-110.6717934, 44.9536754], [-110.6715606, 44.9532856], [-110.6712655, 44.9526971], [-110.6709515, 44.9522334], [-110.6703718, 44.9517172], [-110.6699748, 44.9514473], [-110.6695151, 44.951237], [-110.665098, 44.949786], [-110.6639361, 44.949513], [-110.6632484, 44.9494257], [-110.6626916, 44.9493296], [-110.6617646, 44.9490259], [-110.6604916, 44.9482882], [-110.659609, 44.947898], [-110.6589086, 44.9476721], [-110.6580739, 44.9474222], [-110.6573358, 44.9471185], [-110.6560226, 44.9463348], [-110.6557028, 44.9461704], [-110.6553332, 44.9460812], [-110.6549958, 44.946076], [-110.6547056, 44.946118], [-110.654292, 44.9462707], [-110.6537373, 44.9464442], [-110.6529868, 44.9465194], [-110.6516624, 44.9465596], [-110.6505648, 44.9466147], [-110.6499226, 44.9466067], [-110.6493583, 44.9465258], [-110.6489334, 44.9463713], [-110.6486433, 44.9462452], [-110.6482602, 44.9461898], [-110.6479539, 44.9461951], [-110.6474904, 44.946257], [-110.6472206, 44.9462711], [-110.6467995, 44.9462247], [-110.646358, 44.9461222], [-110.6455142, 44.945891], [-110.6445642, 44.945624], [-110.6439478, 44.9453412], [-110.6432488, 44.9448514], [-110.6426759, 44.9444577], [-110.6420322, 44.9441114], [-110.6407266, 44.943447], [-110.6399132, 44.9430042], [-110.6389792, 44.9425812], [-110.6370084, 44.9418974], [-110.6355358, 44.9413962]]}, "properties": {"hgv": "no", "highway": "secondary", "lanes": "2", "maxspeed": "45 mph", "name": "Grand Loop Road", "surface": "asphalt", "unsigned_ref": "US 89 Alt;US 212", "osm_id": 24249929}}, {"type": "Feature", "geometry": {"type": "LineString", "coordinates": [[-110.8197664, 44.4538339], [-110.8201848, 44.4536415], [-110.8204812, 44.453475], [-110.8206944, 44.4533448], [-110.821031, 44.4531074], [-110.8218813, 44.4524583], [-110.8221415, 44.4522927], [-110.822344, 44.4521797], [-110.8224928, 44.4521175], [-110.8228013, 44.4520112], [-110.8232372, 44.4519126], [-110.8235282, 44.4518772], [-110.8238474, 44.4518619], [-110.8240941, 44.4518724], [-110.8243141, 44.4518963], [-110.8245876, 44.4519423], [-110.8248411, 44.4520007], [-110.8250061, 44.4520533], [-110.825218, 44.4521299], [-110.8254124, 44.4522151], [-110.8255962, 44.4523051], [-110.8264451, 44.4527828], [-110.826948, 44.4530509], [-110.8276226, 44.4533543], [-110.8286096, 44.4537574], [-110.8295135, 44.4541231], [-110.8298904, 44.4542772], [-110.8306508, 44.4545835], [-110.8310907, 44.4547415], [-110.8314943, 44.4548621]]}, "properties": {"hgv": "no", "highway": "secondary", "lanes": "2", "maxspeed": "45 mph", "name": "Grand Loop Road", "surface": "asphalt", "unsigned_ref": "US 20 Alt;US 89;US 191;US 287", "osm_id": 27749787}}, {"type": "Feature", "geometry": {"type": "LineString", "coordinates": [[-110.8192152, 44.4540484], [-110.8193801, 44.4539929], [-110.819584, 44.4539191], [-110.8197664, 44.4538339]]}, "properties": {"bridge": "yes", "hgv": "no", "highway": "secondary", "lanes": "2", "layer": "1", "maxspeed": "45 mph", "name": "Grand Loop Road", "surface": "asphalt", "unsigned_ref": "US 20 Alt;US 89;US 191;US 287", "osm_id": 27749788}}, {"type": "Feature", "geometry": {"type": "LineString", "coordinates": [[-110.8525158, 44.4828413], [-110.8523164, 44.483083]]}, "properties": {"bridge": "yes", "hgv": "no", "highway": "secondary", "lanes": "2", "layer": "1", "maxspeed": "35 mph", "name": "Grand Loop Road", "surface": "asphalt", "unsigned_ref": "US 20 Alt;US 89;US 191;US 287", "osm_id": 27749818}}, {"type": "Feature", "geometry": {"type": "LineString", "coordinates": [[-110.8205161, 44.5728248], [-110.8207769, 44.5730004]]}, "properties": {"bridge": "yes", "hgv": "no", "highway": "secondary", "layer": "1", "maxspeed": "45 mph", "name": "Grand Loop Road", "surface": "asphalt", "unsigned_ref": "US 20 Alt;US 89;US 191;US 287", "osm_id": 27749909}}, {"type": "Feature", "geometry": {"type": "LineString", "coordinates": [[-110.8345698, 44.5046011], [-110.8336715, 44.5063597], [-110.8335481, 44.5067174], [-110.8335141, 44.5068116], [-110.8335015, 44.5068464], [-110.8334354, 44.5070292], [-110.8334223, 44.5070817], [-110.8333577, 44.507341], [-110.8333282, 44.5076279], [-110.8333308, 44.5079875], [-110.8333711, 44.5082515], [-110.8334435, 44.5084944], [-110.8340604, 44.5097014], [-110.834165, 44.509929], [-110.8342374, 44.5101949], [-110.8342646, 44.5105175], [-110.8342297, 44.5108236], [-110.8341412, 44.5111124], [-110.8340044, 44.5113572], [-110.8338113, 44.5116881], [-110.8331321, 44.5126386], [-110.8329557, 44.5128854], [-110.832666, 44.5132202], [-110.832328, 44.5136008], [-110.8320359, 44.5138747], [-110.831709, 44.5141851], [-110.8307831, 44.5148727], [-110.8297156, 44.5154962], [-110.8284737, 44.516177], [-110.826683, 44.5171677], [-110.8258102, 44.5176903], [-110.825718, 44.517767], [-110.8255847, 44.517878], [-110.8253235, 44.5181784], [-110.8252409, 44.5183048], [-110.8251215, 44.5185652], [-110.8250258, 44.5188337], [-110.8249868, 44.5190767], [-110.8249766, 44.5193396], [-110.8250452, 44.5196456], [-110.8251209, 44.5198933], [-110.8252144, 44.5200949], [-110.8254105, 44.5203634], [-110.825647, 44.5206166], [-110.8259045, 44.5208246], [-110.8263079, 44.5210755], [-110.8271258, 44.5215582], [-110.827229, 44.5216189], [-110.8280729, 44.5221216], [-110.8284297, 44.5223386], [-110.8293139, 44.5228609], [-110.8299732, 44.5232473], [-110.8301094, 44.5233294], [-110.8306003, 44.5236252], [-110.8315078, 44.5241645], [-110.83161, 44.5242237], [-110.8317013, 44.5242807], [-110.8318909, 44.5243974], [-110.8321569, 44.5245628], [-110.8323861, 44.5247184], [-110.8324963, 44.5247968], [-110.8326109, 44.5248778], [-110.832814, 44.5250308], [-110.8330209, 44.5251914], [-110.8332208, 44.5253541], [-110.8333249, 44.5254371], [-110.8334169, 44.5255141], [-110.8335438, 44.5256256], [-110.8336698, 44.5257358], [-110.8337739, 44.5258311], [-110.8338759, 44.5259259], [-110.8339999, 44.5260457], [-110.8341169, 44.5261644], [-110.8342208, 44.5262684], [-110.8343358, 44.5263879], [-110.8344398, 44.5264966], [-110.8345358, 44.5266028], [-110.8347208, 44.5268113], [-110.8348078, 44.5269146], [-110.8348878, 44.5270152], [-110.8349758, 44.5271329], [-110.8350547, 44.527251], [-110.8351368, 44.5273834], [-110.8351997, 44.5275109], [-110.8352576, 44.5276365], [-110.8352877, 44.5277092], [-110.8353046, 44.5277723], [-110.8353266, 44.5278372], [-110.8353426, 44.5279006], [-110.8353626, 44.5279822], [-110.8353735, 44.5280503], [-110.8353845, 44.5281221], [-110.8353915, 44.5282], [-110.8353975, 44.5282878], [-110.8354035, 44.5283547], [-110.8354025, 44.5284184], [-110.8354005, 44.528477], [-110.8353926, 44.528569], [-110.8353856, 44.5286339], [-110.8353747, 44.5287118], [-110.8353648, 44.5287654], [-110.8353538, 44.528835], [-110.8353347, 44.5289038], [-110.8353108, 44.528982], [-110.8352756, 44.5290936], [-110.8352248, 44.5292233], [-110.8351569, 44.5293665], [-110.835093, 44.5295047], [-110.8349856, 44.5296765], [-110.8347529, 44.5299606], [-110.8347379, 44.5299767], [-110.8345052, 44.5301839], [-110.8342262, 44.5304115], [-110.8340242, 44.5305477], [-110.8337035, 44.5306928], [-110.8333155, 44.5308621], [-110.8329538, 44.5310036], [-110.8321036, 44.5312927]]}, "properties": {"hgv": "no", "highway": "secondary", "lanes": "2", "maxspeed": "35 mph", "name": "Grand Loop Road", "oneway": "no", "surface": "asphalt", "unsigned_ref": "US 20 Alt;US 89;US 191;US 287", "osm_id": 27749937}}, {"type": "Feature", "geometry": {"type": "LineString", "coordinates": [[-110.8072954, 44.5539993], [-110.8074403, 44.5546491], [-110.8075744, 44.5554557], [-110.807671, 44.5558494], [-110.8079124, 44.5565566], [-110.8081323, 44.5571223], [-110.8084917, 44.5577988], [-110.8090496, 44.5587315], [-110.8097792, 44.5598361], [-110.8117586, 44.5628709], [-110.8128999, 44.5646348], [-110.8139091, 44.566155], [-110.8147614, 44.5674553], [-110.8156365, 44.5688073], [-110.8160924, 44.5694501], [-110.8162298, 44.5696439], [-110.8163331, 44.5697826], [-110.8164475, 44.5699169], [-110.8165111, 44.5699823], [-110.8166403, 44.5701152], [-110.8168626, 44.5703317], [-110.8171204, 44.5705432], [-110.8174181, 44.5707572], [-110.8180031, 44.571171], [-110.8205161, 44.5728248]]}, "properties": {"hgv": "no", "highway": "secondary", "lanes": "2", "maxspeed": "45 mph", "name": "Grand Loop Road", "surface": "asphalt", "unsigned_ref": "US 20 Alt;US 89;US 191;US 287", "osm_id": 27750361}}, {"type": "Feature", "geometry": {"type": "LineString", "coordinates": [[-110.8682076, 45.2533648], [-110.8686226, 45.2507148], [-110.8686879, 45.2499632], [-110.8691158, 45.2467259], [-110.869484, 45.2439457], [-110.8699008, 45.2413741], [-110.8701591, 45.2404753], [-110.8705726, 45.2395076], [-110.8713245, 45.2381812], [-110.872233, 45.236823], [-110.8730451, 45.2356439], [-110.8743197, 45.2336196], [-110.8771898, 45.2292099], [-110.8794729, 45.2256683], [-110.8816839, 45.2222903], [-110.8868734, 45.215847], [-110.8914073, 45.2102494], [-110.8948934, 45.2059464], [-110.8963055, 45.2041974], [-110.8965952, 45.2038496], [-110.898036, 45.2020501], [-110.8985276, 45.2014365], [-110.8988541, 45.2009826], [-110.8991284, 45.2005671], [-110.8994073, 45.2001056], [-110.8996005, 45.1996977], [-110.8998472, 45.1989417], [-110.9000511, 45.1981554], [-110.9001584, 45.1969609], [-110.8999867, 45.1956227], [-110.8995683, 45.1935209], [-110.8991928, 45.192485], [-110.898471, 45.19101], [-110.8977551, 45.1895287], [-110.8973689, 45.1887801], [-110.8969075, 45.1881827], [-110.896414, 45.1878273], [-110.8959419, 45.1875324], [-110.8948154, 45.1869653], [-110.8930237, 45.1860504], [-110.8911354, 45.184848], [-110.8906848, 45.1844472], [-110.8888823, 45.1828365], [-110.888485, 45.1825477], [-110.8875091, 45.1818383], [-110.884965, 45.180007], [-110.8840222, 45.1793351], [-110.8833999, 45.1787982], [-110.8826489, 45.1780343], [-110.8822305, 45.1775276], [-110.881812, 45.1769226], [-110.8814365, 45.1764764], [-110.880825, 45.1760982], [-110.8797628, 45.1755839], [-110.8787436, 45.1750394], [-110.8776385, 45.1741998], [-110.876909, 45.1736553], [-110.8759863, 45.1731258], [-110.8749354, 45.1724811], [-110.874466, 45.1721956], [-110.8739913, 45.1719554], [-110.8734006, 45.1718022], [-110.8724029, 45.1716283], [-110.870646, 45.171318], [-110.8699806, 45.1711691], [-110.8691774, 45.170956], [-110.8685756, 45.1707965], [-110.8662851, 45.170563], [-110.8638289, 45.170235], [-110.8624384, 45.1700845], [-110.858768, 45.169728], [-110.8573811, 45.169558], [-110.8565573, 45.1693882], [-110.8552636, 45.1689593], [-110.8548556, 45.168824], [-110.8535077, 45.1683405], [-110.8525375, 45.1680086], [-110.8500438, 45.1671555], [-110.849257, 45.166931], [-110.8482969, 45.1667753], [-110.8474026, 45.1667103], [-110.8423921, 45.1663965], [-110.8415381, 45.166305], [-110.840582, 45.166138], [-110.8397508, 45.165932], [-110.8391781, 45.165734], [-110.838539, 45.165434], [-110.8366604, 45.1643695], [-110.8357, 45.16383], [-110.8340976, 45.1629225], [-110.8330298, 45.1623421], [-110.8321193, 45.1617425], [-110.8304437, 45.160392], [-110.8296556, 45.1597938], [-110.8292038, 45.1595013], [-110.8287268, 45.1592274], [-110.8270695, 45.1585414], [-110.8263693, 45.158302], [-110.8257454, 45.1579715], [-110.825245, 45.1576798], [-110.8249906, 45.1575315], [-110.8240922, 45.1568895], [-110.8226882, 45.15582], [-110.822214, 45.15546], [-110.8211738, 45.1544564], [-110.8208261, 45.1541085], [-110.8202739, 45.1534335], [-110.8200944, 45.1531923], [-110.8200584, 45.1531439], [-110.8194775, 45.152363], [-110.8188096, 45.15131], [-110.817956, 45.149932], [-110.8168896, 45.148331], [-110.8155651, 45.1462124], [-110.8146835, 45.1450611], [-110.8136919, 45.143912], [-110.8127678, 45.1428713], [-110.8089979, 45.1384751], [-110.8089745, 45.1384474], [-110.8072341, 45.1364008], [-110.8054517, 45.1343714], [-110.8030597, 45.131553], [-110.8013965, 45.1296507], [-110.8013298, 45.1295744], [-110.8003281, 45.1284048], [-110.7977541, 45.1253992], [-110.7975455, 45.1251556], [-110.7969036, 45.1243834], [-110.796326, 45.1236183], [-110.7952125, 45.1219447], [-110.7941136, 45.1200298], [-110.7931215, 45.1181082], [-110.7924423, 45.1168482]]}, "properties": {"NHS": "yes", "hgv": "designated", "hgv:national_network": "yes", "highway": "primary", "lanes": "2", "maxspeed": "70 mph", "maxspeed:night": "65 mph", "maxspeed:truck": "60 mph", "maxspeed:truck:night": "55 mph", "mdt_base_route": "P-11", "ref": "US 89", "source:hgv:national_network": "https://hepgis-usdot.hub.arcgis.com/apps/usdot::national-network-conventional-combination-trucks-map/explore", "tiger:county": "Park, MT", "osm_id": 45252073}}, {"type": "Feature", "geometry": {"type": "LineString", "coordinates": [[-110.7054913, 45.0316413], [-110.7054934, 45.0312584], [-110.7054923, 45.0311647], [-110.7054911, 45.0310629], [-110.7054922, 45.0308916], [-110.7054889, 45.0306044], [-110.7054879, 45.0305163], [-110.7054852, 45.0304174], [-110.7054774, 45.0301366], [-110.7054731, 45.0298442], [-110.7054708, 45.0296901]]}, "properties": {"NHS": "yes", "hgv": "designated", "hgv:national_network": "yes", "highway": "primary", "lanes": "2", "maxspeed": "25 mph", "mdt_base_route": "P-11", "name": "Second Street South", "ref": "US 89", "source:hgv:national_network": "https://hepgis-usdot.hub.arcgis.com/apps/usdot::national-network-conventional-combination-trucks-map/explore", "surface": "asphalt", "osm_id": 45283087}}, {"type": "Feature", "geometry": {"type": "LineString", "coordinates": [[-110.7055351, 45.0328583], [-110.7055119, 45.0327153], [-110.7055027, 45.0325718], [-110.7054999, 45.032338], [-110.7054989, 45.0321294], [-110.7054913, 45.0316413]]}, "properties": {"NHS": "yes", "bridge": "yes", "ele": "1592", "gnis:feature_id": "1743080", "hgv": "designated", "hgv:national_network": "yes", "highway": "primary", "lanes": "2", "layer": "1", "maxspeed": "25 mph", "maxweight:signed": "no", "mdt_base_route": "P-11", "name": "Yellowstone River Bridge", "ref": "US 89", "source": "Bing; gnis", "source:hgv:national_network": "https://hepgis-usdot.hub.arcgis.com/apps/usdot::national-network-conventional-combination-trucks-map/explore", "surface": "asphalt", "tiger:cfcc": "A21", "tiger:county": "Park, MT", "tiger:name_base": "2nd:United States Highway 89", "tiger:name_base_1": "United States Highway 89", "tiger:name_direction_prefix": "S", "tiger:name_type": "St", "tiger:reviewed": "aerial", "osm_id": 45283090}}, {"type": "Feature", "geometry": {"type": "LineString", "coordinates": [[-110.387607, 44.8922118], [-110.3878546, 44.8924159]]}, "properties": {"bridge": "yes", "hgv": "no", "highway": "secondary", "lanes": "2", "layer": "1", "maxspeed": "25 mph", "name": "Grand Loop Road", "surface": "asphalt", "unsigned_ref": "US 89 Alt", "wikidata": "Q111962586", "osm_id": 45283374}}, {"type": "Feature", "geometry": {"type": "LineString", "coordinates": [[-110.7442887, 44.6842364], [-110.7444644, 44.6838652]]}, "properties": {"bridge": "yes", "hgv": "no", "highway": "secondary", "lanes": "2", "layer": "1", "loc_ref": "US 20;US 89", "maxspeed": "45 mph", "name": "Grand Loop Road", "nps:route_desc": "PRIMARY ROUTE", "source": "National Park Service", "surface": "asphalt", "osm_id": 46799895}}, {"type": "Feature", "geometry": {"type": "LineString", "coordinates": [[-111.099679, 44.6622357], [-111.0998781, 44.6622372], [-111.1010943, 44.6622462], [-111.1019847, 44.6622488], [-111.1026007, 44.6622511], [-111.1030263, 44.6622541], [-111.1042214, 44.6622573], [-111.1047032, 44.6622634], [-111.1049446, 44.662279], [-111.1051972, 44.6623041], [-111.1054913, 44.6623484], [-111.1056769, 44.6623814]]}, "properties": {"NHS": "yes", "highway": "trunk", "lanes": "2", "maxspeed": "25 mph", "mdt_base_route": "P-12", "name": "Firehole Avenue", "ref": "US 20", "osm_id": 50265984}}, {"type": "Feature", "geometry": {"type": "LineString", "coordinates": [[-111.099679, 44.6622357], [-111.0996792, 44.6623641], [-111.0996803, 44.663056], [-111.0996926, 44.6637871], [-111.0996945, 44.6639021]]}, "properties": {"NHS": "yes", "hgv": "designated", "hgv:national_network": "yes", "highway": "trunk", "lanes": "4", "maxspeed": "25 mph", "mdt_base_route": "P-50", "name": "Canyon Street", "ref": "US 191;US 287", "sidewalk": "both", "source:hgv:national_network": "https://hepgis-usdot.hub.arcgis.com/apps/usdot::national-network-conventional-combination-trucks-map/explore", "surface": "asphalt", "osm_id": 50265985}}, {"type": "Feature", "geometry": {"type": "LineString", "coordinates": [[-111.0938245, 44.6576964], [-111.0940554, 44.6577591], [-111.0950371, 44.658019], [-111.0967045, 44.6585425], [-111.096924, 44.6586096], [-111.0971101, 44.6586513]]}, "properties": {"hgv": "no", "highway": "secondary", "lanes": "3", "lanes:backward": "2", "lanes:forward": "1", "loc_ref": "US 20;US 191;US 287", "maxspeed": "25 mph", "name": "West Entrance Road", "sidewalk": "no", "surface": "asphalt", "osm_id": 52732010}}, {"type": "Feature", "geometry": {"type": "LineString", "coordinates": [[-110.7038407, 44.9734483], [-110.7039393, 44.9739851], [-110.7039535, 44.9740706], [-110.7039934, 44.9743143], [-110.7039997, 44.9744039], [-110.7039891, 44.9745065], [-110.7039752, 44.9745994], [-110.7039494, 44.9746739], [-110.7039011, 44.9747606], [-110.7038514, 44.9748382], [-110.7037586, 44.974934], [-110.7036651, 44.9750015], [-110.7035331, 44.9750902], [-110.7032262, 44.9752638]]}, "properties": {"hgv": "no", "highway": "secondary", "lane_markings": "no", "maxspeed": "25 mph", "name": "Grand Loop Road", "parking:both": "no", "source": "TIGER;Bing", "source:width": "ARCore", "surface": "asphalt", "unsigned_ref": "US 89", "width": "23'4\"", "osm_id": 71275213}}, {"type": "Feature", "geometry": {"type": "LineString", "coordinates": [[-110.6973615, 44.9781193], [-110.6973336, 44.9781466], [-110.6973239, 44.9781638], [-110.6973196, 44.9781868], [-110.697322, 44.9782297], [-110.6973325, 44.9782678], [-110.6973507, 44.9782954], [-110.6973782, 44.9783187], [-110.6974213, 44.9783398], [-110.6974549, 44.9783505], [-110.6974914, 44.9783578], [-110.6975327, 44.9783643], [-110.6975819, 44.9783667], [-110.6976591, 44.9783535], [-110.6977912, 44.9782921]]}, "properties": {"hgv": "no", "highway": "secondary", "lane_markings": "no", "maxspeed": "25 mph", "name": "North Entrance Road", "oneway": "yes", "surface": "asphalt", "unsigned_ref": "US 89", "osm_id": 71275214}}, {"type": "Feature", "geometry": {"type": "LineString", "coordinates": [[-110.4947105, 44.6841228], [-110.4943135, 44.683885], [-110.4939256, 44.6835851], [-110.4937366, 44.6834178], [-110.4933815, 44.6831298], [-110.4931495, 44.6829337], [-110.4928885, 44.6827308], [-110.4926457, 44.6825317], [-110.4924139, 44.6823416], [-110.4921876, 44.6821651], [-110.4919683, 44.681984], [-110.4917593, 44.6818031], [-110.4915573, 44.6816401], [-110.4913764, 44.6814998], [-110.4912009, 44.681364], [-110.4910301, 44.6812237], [-110.4908547, 44.6810833], [-110.4906824, 44.6809475], [-110.4905351, 44.6808343], [-110.4904138, 44.6807438], [-110.4902101, 44.6805943], [-110.4900582, 44.6804749], [-110.4898548, 44.6803176], [-110.489595, 44.6801325], [-110.4893137, 44.6799286], [-110.4890191, 44.6797113], [-110.4887173, 44.6794939], [-110.4874911, 44.6786389], [-110.4862061, 44.6777804], [-110.485975, 44.6776344]]}, "properties": {"hgv": "no", "highway": "secondary", "loc_ref": "US 20;US 89 ALT", "maxspeed": "45 mph", "name": "Grand Loop Road", "nps:route_desc": "PRIMARY ROUTE", "source": "National Park Service", "osm_id": 71540676}}, {"type": "Feature", "geometry": {"type": "LineString", "coordinates": [[-111.0899338, 44.6568527], [-111.0898705, 44.6568434], [-111.0898497, 44.6568403], [-111.0898283, 44.6568371], [-111.0898083, 44.6568342]]}, "properties": {"covered": "yes", "hgv": "no", "highway": "secondary", "lanes": "1", "lit": "yes", "loc_ref": "US 20;US 191;US 287", "maxheight": "default", "maxspeed": "25 mph", "name": "West Entrance Road", "oneway": "yes", "sidewalk": "no", "surface": "asphalt", "toll": "yes", "osm_id": 74272378}}, {"type": "Feature", "geometry": {"type": "LineString", "coordinates": [[-110.7695615, 44.6571583], [-110.7693647, 44.6578789]]}, "properties": {"bridge": "yes", "hgv": "no", "highway": "secondary", "lanes": "2", "layer": "1", "loc_ref": "US 20;US 89", "maxspeed": "35 mph", "name": "Grand Loop Road", "source": "GPS;NAIP aerial", "surface": "asphalt", "osm_id": 74518541}}, {"type": "Feature", "geometry": {"type": "LineString", "coordinates": [[-111.182596, 45.0652522], [-111.1821014, 45.0650563]]}, "properties": {"NHS": "yes", "bridge": "yes", "bridge:name": "Tepee Creek Bridge", "ele": "2018", "gnis:feature_id": "1737888", "hgv": "designated", "hgv:national_network": "yes", "highway": "trunk", "lanes": "2", "layer": "1", "name": "Gallatin Road", "ref": "US 191", "source": "Bing;gnis", "source:hgv:national_network": "https://hepgis-usdot.hub.arcgis.com/apps/usdot::national-network-conventional-combination-trucks-map/explore", "osm_id": 93412614}}, {"type": "Feature", "geometry": {"type": "LineString", "coordinates": [[-111.1821014, 45.0650563], [-111.177206, 45.063229], [-111.176911, 45.063127], [-111.176039, 45.062827], [-111.1759802, 45.0628107], [-111.174858, 45.0625], [-111.1746607, 45.0624635], [-111.173663, 45.062279], [-111.172434, 45.062155], [-111.171209, 45.062116], [-111.17008, 45.06209], [-111.169077, 45.062017], [-111.1689616, 45.0619976], [-111.1685693, 45.0619315], [-111.168501, 45.06192], [-111.168073, 45.061848], [-111.1676762, 45.0617314], [-111.166824, 45.061481], [-111.1667848, 45.0614628], [-111.165616, 45.060919], [-111.163374, 45.059483], [-111.16268, 45.05902], [-111.16125, 45.058066], [-111.159386, 45.056815], [-111.158594, 45.056291], [-111.157151, 45.055325], [-111.156998, 45.055222], [-111.1567402, 45.0550562], [-111.15639, 45.054831], [-111.156027, 45.054614], [-111.155739, 45.054449]]}, "properties": {"NHS": "yes", "hgv": "designated", "hgv:national_network": "yes", "highway": "trunk", "lanes": "2", "maxspeed": "60 mph", "name": "Gallatin Road", "ref": "US 191", "source:hgv:national_network": "https://hepgis-usdot.hub.arcgis.com/apps/usdot::national-network-conventional-combination-trucks-map/explore", "osm_id": 93412635}}, {"type": "Feature", "geometry": {"type": "LineString", "coordinates": [[-111.1029205, 44.7158172], [-111.1029595, 44.716535], [-111.1029961, 44.717286], [-111.1030721, 44.7181841], [-111.1032359, 44.7190751], [-111.1034532, 44.7199491], [-111.1037325, 44.7207814], [-111.1040641, 44.7216011], [-111.1044819, 44.7224173], [-111.1049391, 44.7232413], [-111.1053222, 44.7239081], [-111.1097706, 44.7317674], [-111.1105343, 44.7331073], [-111.1110779, 44.734074], [-111.1115989, 44.7349882], [-111.1119839, 44.7356763], [-111.1123749, 44.7364486], [-111.1127296, 44.7373263], [-111.1130001, 44.7382754], [-111.1131805, 44.7392575], [-111.1132502, 44.740261], [-111.1132576, 44.7432991], [-111.1132648, 44.746181], [-111.1132731, 44.7490488], [-111.1132759, 44.7519383], [-111.1132781, 44.7537177], [-111.1132783, 44.7538384]]}, "properties": {"NHS": "yes", "hgv": "designated", "hgv:national_network": "yes", "highway": "trunk", "lanes": "2", "maxspeed": "70 mph", "maxspeed:hgv": "60 mph", "maxspeed:hgv:conditional": "55 mph @ (dusk-dawn)", "name": "Gallatin Road", "ref": "US 191 US 287", "sidewalk": "no", "source": "Bing", "source:hgv:national_network": "https://hepgis-usdot.hub.arcgis.com/apps/usdot::national-network-conventional-combination-trucks-map/explore", "surface": "asphalt", "osm_id": 93466140}}, {"type": "Feature", "geometry": {"type": "LineString", "coordinates": [[-111.1029019, 44.7154489], [-111.1029205, 44.7158172]]}, "properties": {"NHS": "yes", "bridge": "yes", "hgv": "designated", "hgv:national_network": "yes", "highway": "trunk", "lanes": "2", "layer": "1", "maxspeed": "70 mph", "maxspeed:conditional": "65 mph @ (dusk-dawn)", "maxspeed:hgv": "60 mph", "maxspeed:hgv:conditional": "55 mph @ (dusk-dawn)", "name": "Gallatin Road", "ref": "US 191;US 287", "sidewalk": "no", "source:hgv:national_network": "https://hepgis-usdot.hub.arcgis.com/apps/usdot::national-network-conventional-combination-trucks-map/explore", "surface": "concrete", "osm_id": 93466149}}, {"type": "Feature", "geometry": {"type": "LineString", "coordinates": [[-109.8703274, 45.0163847], [-109.8701209, 45.0160509], [-109.8699143, 45.0156743], [-109.8696664, 45.0151224], [-109.8693083, 45.0142018], [-109.8687718, 45.0128972], [-109.8683748, 45.0118282], [-109.8681441, 45.0113902], [-109.8679242, 45.0111171], [-109.8676291, 45.0108668], [-109.8672416, 45.0106267], [-109.8665617, 45.0102729], [-109.8660681, 45.009968], [-109.8656229, 45.0096509], [-109.8649256, 45.009044], [-109.8644106, 45.0085985], [-109.8639491, 45.0082082], [-109.8635147, 45.0079518], [-109.8626564, 45.0075877], [-109.8619321, 45.0072733], [-109.8615342, 45.0070358], [-109.8613527, 45.0068941], [-109.8611608, 45.0067002], [-109.8610282, 45.0065281], [-109.8609049, 45.0063266], [-109.8607869, 45.0059094], [-109.8607181, 45.0055889], [-109.8606661, 45.0054471], [-109.8605865, 45.0052977], [-109.8600037, 45.0045231], [-109.8598695, 45.0043206], [-109.8597221, 45.0040642], [-109.8595219, 45.0036223], [-109.859283, 45.0032455]]}, "properties": {"hgv": "designated", "hgv:national_network": "yes", "highway": "secondary", "lanes": "2", "maxspeed": "55 mph", "motor_vehicle": "yes", "motor_vehicle:conditional": "no @ (Nov 01-Apr 30)", "name": "Beartooth Scenic Byway", "ref": "US 212", "sidewalk": "no", "snowmobile": "no", "snowmobile:conditional": "yes @ (Nov 01-Apr 30)", "source:hgv:national_network": "https://hepgis-usdot.hub.arcgis.com/apps/usdot::national-network-conventional-combination-trucks-map/explore", "surface": "asphalt", "osm_id": 98409811}}, {"type": "Feature", "geometry": {"type": "LineString", "coordinates": [[-110.7189992, 45.0370626], [-110.7178356, 45.036751]]}, "properties": {"NHS": "yes", "hgv": "designated", "hgv:national_network": "yes", "highway": "primary", "lanes": "2", "maxspeed": "35 mph", "mdt_base_route": "P-11", "ref": "US 89", "source:hgv:national_network": "https://hepgis-usdot.hub.arcgis.com/apps/usdot::national-network-conventional-combination-trucks-map/explore", "osm_id": 98558843}}, {"type": "Feature", "geometry": {"type": "LineString", "coordinates": [[-110.7924423, 45.1168482], [-110.7921146, 45.1162518], [-110.7916508, 45.1154725], [-110.7909692, 45.1143783]]}, "properties": {"NHS": "yes", "hgv": "designated", "hgv:national_network": "yes", "highway": "primary", "lanes": "2", "maxspeed": "60 mph", "mdt_base_route": "P-11", "ref": "US 89", "source:hgv:national_network": "https://hepgis-usdot.hub.arcgis.com/apps/usdot::national-network-conventional-combination-trucks-map/explore", "osm_id": 98558862}}, {"type": "Feature", "geometry": {"type": "LineString", "coordinates": [[-110.7272026, 45.0415965], [-110.7249637, 45.0398686], [-110.7241224, 45.0392236]]}, "properties": {"NHS": "yes", "hgv": "designated", "hgv:national_network": "yes", "highway": "primary", "lanes": "2", "maxspeed": "55 mph", "mdt_base_route": "P-11", "ref": "US 89", "source:hgv:national_network": "https://hepgis-usdot.hub.arcgis.com/apps/usdot::national-network-conventional-combination-trucks-map/explore", "osm_id": 98558886}}, {"type": "Feature", "geometry": {"type": "LineString", "coordinates": [[-110.7875261, 45.1095091], [-110.7854901, 45.1069634], [-110.7854236, 45.1068802], [-110.7841346, 45.1053191], [-110.7830561, 45.103976], [-110.7821242, 45.1028252], [-110.7812395, 45.1017328], [-110.78022, 45.1004893], [-110.7799067, 45.1000673], [-110.779739, 45.0997636], [-110.7795546, 45.0994096], [-110.7793549, 45.098904], [-110.7792664, 45.0983958], [-110.7792546, 45.0980252], [-110.7792718, 45.0976737], [-110.7794792, 45.0957769], [-110.7794788, 45.0952512], [-110.7794493, 45.0949305], [-110.7793726, 45.0946139], [-110.7792605, 45.094189], [-110.7790765, 45.0937589], [-110.778877, 45.0933935], [-110.7786245, 45.0930358], [-110.7783047, 45.0926562], [-110.777971, 45.0923149], [-110.7775966, 45.0920106], [-110.7774049, 45.0918621], [-110.7772308, 45.0917273], [-110.776035, 45.0909684], [-110.775738, 45.0907276], [-110.7755374, 45.0905526], [-110.7753588, 45.0903513], [-110.7751126, 45.0900528], [-110.7749356, 45.0897653], [-110.7748176, 45.0895071], [-110.7747291, 45.0893029], [-110.7746676, 45.0890287], [-110.7746524, 45.0886406], [-110.7746937, 45.0882865], [-110.7748176, 45.0877866], [-110.7752385, 45.0868546], [-110.7757477, 45.0857272], [-110.7759637, 45.0851489], [-110.7760685, 45.0847191], [-110.7761311, 45.0842592], [-110.7761392, 45.0838665], [-110.7761156, 45.0834332], [-110.7760389, 45.0829541], [-110.7759445, 45.0826458], [-110.7757638, 45.08222], [-110.7755505, 45.0817986], [-110.7754114, 45.0815746], [-110.7753368, 45.0814543], [-110.7750123, 45.0810419], [-110.7746425, 45.0806514], [-110.7741862, 45.0802044], [-110.7709516, 45.0773362], [-110.7705028, 45.0769178], [-110.7700713, 45.0764519], [-110.7697901, 45.0760778], [-110.7695299, 45.075658], [-110.7692425, 45.0751445], [-110.7690396, 45.0746845], [-110.7688622, 45.0741153], [-110.7684043, 45.0720659], [-110.7680596, 45.0706108], [-110.7679076, 45.0699692], [-110.7677182, 45.0691697], [-110.7674562, 45.0680635], [-110.7672354, 45.0673156], [-110.7669504, 45.0667817], [-110.7665947, 45.0661483], [-110.7662029, 45.0656195], [-110.7656423, 45.0650319], [-110.7645578, 45.0639401], [-110.763487, 45.06287], [-110.7628658, 45.0622491], [-110.7619651, 45.0613604], [-110.7602474, 45.0596656], [-110.7583638, 45.0578328], [-110.7572705, 45.0568778], [-110.7562784, 45.0560627], [-110.7551566, 45.0552067], [-110.7543356, 45.0546231], [-110.7528679, 45.053601], [-110.7512523, 45.0526547], [-110.7497755, 45.0518155], [-110.7480773, 45.0509549], [-110.7464982, 45.0502479], [-110.7452171, 45.0497077], [-110.7408045, 45.048096], [-110.7362582, 45.0464793], [-110.734581, 45.045889], [-110.7331159, 45.0453541], [-110.7318767, 45.0448318], [-110.7311113, 45.0444207], [-110.7302695, 45.0438705], [-110.7294051, 45.0432264], [-110.7272026, 45.0415965]]}, "properties": {"NHS": "yes", "hgv": "designated", "hgv:national_network": "yes", "highway": "primary", "lanes": "2", "maxspeed": "70 mph", "maxspeed:night": "65 mph", "maxspeed:truck": "60 mph", "maxspeed:truck:night": "55 mph", "mdt_base_route": "P-11", "ref": "US 89", "source:hgv:national_network": "https://hepgis-usdot.hub.arcgis.com/apps/usdot::national-network-conventional-combination-trucks-map/explore", "osm_id": 98558895}}, {"type": "Feature", "geometry": {"type": "LineString", "coordinates": [[-110.7140163, 45.0357353], [-110.7133023, 45.0355486], [-110.7124121, 45.0353279], [-110.7115904, 45.0350992], [-110.711388, 45.0350428], [-110.7108311, 45.0348879], [-110.7104217, 45.0347739], [-110.7091503, 45.0344515], [-110.707848, 45.0340919], [-110.7068208, 45.0338188], [-110.7065287, 45.0337272], [-110.7063134, 45.0336478], [-110.7060757, 45.0335322], [-110.7058276, 45.0333284]]}, "properties": {"NHS": "yes", "hgv": "designated", "hgv:national_network": "yes", "highway": "primary", "lanes": "2", "maxspeed": "25 mph", "mdt_base_route": "P-11", "name": "Scott Street West", "ref": "US 89", "source:hgv:national_network": "https://hepgis-usdot.hub.arcgis.com/apps/usdot::national-network-conventional-combination-trucks-map/explore", "surface": "asphalt", "osm_id": 98558908}}, {"type": "Feature", "geometry": {"type": "LineString", "coordinates": [[-110.7241224, 45.0392236], [-110.7238054, 45.0389626], [-110.7233749, 45.0386882], [-110.7230289, 45.0384629], [-110.7226381, 45.038263], [-110.7222133, 45.038047], [-110.7214652, 45.0377642], [-110.7204639, 45.0374768], [-110.7201424, 45.0373834], [-110.7189992, 45.0370626]]}, "properties": {"NHS": "yes", "hgv": "designated", "hgv:national_network": "yes", "highway": "primary", "lanes": "2", "maxspeed": "45 mph", "mdt_base_route": "P-11", "ref": "US 89", "source:hgv:national_network": "https://hepgis-usdot.hub.arcgis.com/apps/usdot::national-network-conventional-combination-trucks-map/explore", "osm_id": 98558911}}, {"type": "Feature", "geometry": {"type": "LineString", "coordinates": [[-110.6976905, 44.9705525], [-110.6976845, 44.970393], [-110.6976578, 44.9700798], [-110.6976224, 44.969893], [-110.6975611, 44.969709], [-110.6974273, 44.9694531], [-110.6972416, 44.9692028], [-110.6970308, 44.9689745], [-110.696715, 44.9687473], [-110.6964699, 44.9686027], [-110.6955006, 44.9681968], [-110.6945715, 44.9678125], [-110.6936128, 44.9674267], [-110.6929928, 44.9671426], [-110.6924645, 44.9668361], [-110.6921069, 44.9665466], [-110.6916289, 44.9660587], [-110.6912756, 44.9657481], [-110.690839, 44.9655022], [-110.6905037, 44.9653653], [-110.6901488, 44.9652244], [-110.688394, 44.964913], [-110.6880534, 44.964833], [-110.6877568, 44.9647479], [-110.6874736, 44.964635], [-110.6872033, 44.9645029], [-110.6869545, 44.9643475], [-110.6861604, 44.9636424], [-110.6842587, 44.9618448], [-110.6814264, 44.9597784], [-110.6803826, 44.9590533]]}, "properties": {"hgv": "no", "highway": "secondary", "lanes": "2", "maxspeed": "45 mph", "name": "Grand Loop Road", "surface": "asphalt", "unsigned_ref": "US 89 Alt;US 212", "osm_id": 100760092}}, {"type": "Feature", "geometry": {"type": "LineString", "coordinates": [[-110.6324068, 44.9407972], [-110.6321827, 44.9408328]]}, "properties": {"bridge": "yes", "hgv": "no", "highway": "secondary", "lanes": "2", "layer": "1", "maxspeed": "45 mph", "maxspeed:advisory": "25 mph", "name": "Grand Loop Road", "source": "TIGER;Bing", "surface": "asphalt", "unsigned_ref": "US 89 Alt;US 212", "osm_id": 102237041}}, {"type": "Feature", "geometry": {"type": "LineString", "coordinates": [[-110.6303887, 44.9411212], [-110.6253295, 44.9419256], [-110.624188, 44.9421977], [-110.6238271, 44.9423118], [-110.6235201, 44.9424089], [-110.6231989, 44.942519], [-110.622952, 44.9426036], [-110.6221154, 44.9429786], [-110.6213025, 44.9434124], [-110.6198026, 44.9442523], [-110.6191972, 44.9446113], [-110.6186213, 44.9449972], [-110.6179609, 44.9455425], [-110.6171482, 44.9463588], [-110.6165452, 44.9468474], [-110.6160544, 44.9471132], [-110.6150472, 44.9475985], [-110.6140387, 44.9482514], [-110.613317, 44.9488693], [-110.6126644, 44.949375], [-110.6124265, 44.9495206], [-110.6121744, 44.9496784], [-110.6117729, 44.9499142], [-110.6113239, 44.9501604], [-110.6110162, 44.9503101], [-110.6107255, 44.9504536], [-110.6102508, 44.9506638], [-110.6097696, 44.9508303], [-110.6092009, 44.9510239], [-110.6076816, 44.9514785], [-110.6049091, 44.9523014], [-110.6036898, 44.9526727], [-110.6031625, 44.9528423], [-110.6026544, 44.9530373], [-110.602096, 44.9532816], [-110.6016679, 44.9535092], [-110.6011945, 44.9537949], [-110.6008227, 44.9540344], [-110.6001433, 44.9544979], [-110.5993561, 44.9549766], [-110.5991163, 44.9550913], [-110.5987282, 44.9552427], [-110.5984122, 44.9553388], [-110.5980008, 44.9554324], [-110.5976542, 44.9554855], [-110.5973584, 44.9555147], [-110.5970499, 44.9555244], [-110.5966981, 44.9555212], [-110.5952907, 44.9554409], [-110.5942559, 44.9553684], [-110.5935827, 44.9553226], [-110.5923793, 44.9552421], [-110.5915144, 44.9552092], [-110.5909468, 44.9551913], [-110.5897135, 44.955197], [-110.5889465, 44.9552222], [-110.5879215, 44.9552794], [-110.5868308, 44.9553535], [-110.5853334, 44.9554713], [-110.5839624, 44.9555563], [-110.5811432, 44.9557525], [-110.5797875, 44.955807], [-110.5784321, 44.9558031], [-110.5773648, 44.9557632], [-110.5762236, 44.9556567], [-110.5723819, 44.9552321]]}, "properties": {"hgv": "no", "highway": "secondary", "lanes": "2", "maxspeed": "45 mph", "name": "Grand Loop Road", "surface": "asphalt", "unsigned_ref": "US 89 Alt;US 212", "osm_id": 102237063}}, {"type": "Feature", "geometry": {"type": "LineString", "coordinates": [[-110.4053298, 44.919193], [-110.404751, 44.919214], [-110.4030068, 44.919287]]}, "properties": {"bridge": "yes", "hgv": "no", "highway": "secondary", "lanes": "2", "layer": "1", "maxspeed": "45 mph", "name": "Northeast Entrance Road", "oneway": "no", "source": "National Park Service;Bing", "surface": "asphalt", "unsigned_ref": "US 212", "osm_id": 103891197}}, {"type": "Feature", "geometry": {"type": "LineString", "coordinates": [[-110.1124319, 44.9147377], [-110.1118174, 44.9149705]]}, "properties": {"bridge": "yes", "hgv": "no", "highway": "secondary", "lanes": "2", "layer": "1", "maxspeed": "45 mph", "name": "Northeast Entrance Road", "note": "Road closed due to flooding: https://www.nps.gov/yell/learn/news/220613.htm", "oneway": "no", "source": "National Park Service;Bing", "surface": "asphalt", "unsigned_ref": "US 212", "osm_id": 103891202}}, {"type": "Feature", "geometry": {"type": "LineString", "coordinates": [[-110.0824327, 44.9449238], [-110.0820008, 44.9453754]]}, "properties": {"bridge": "yes", "hgv": "no", "highway": "secondary", "lanes": "2", "layer": "1", "maxspeed": "45 mph", "name": "Northeast Entrance Road", "note": "Road closed due to flooding: https://www.nps.gov/yell/learn/news/220613.htm", "source": "National Park Service;Bing", "surface": "asphalt", "unsigned_ref": "US 212", "osm_id": 103891203}}, {"type": "Feature", "geometry": {"type": "LineString", "coordinates": [[-110.4003542, 44.9183937], [-110.4002142, 44.9181706], [-110.4001129, 44.9179416], [-110.4000356, 44.9176877], [-110.3999397, 44.9174607], [-110.3998309, 44.917209], [-110.3996691, 44.9169595], [-110.3994855, 44.9167155], [-110.399248, 44.9164802], [-110.3989636, 44.9162671], [-110.3986593, 44.9160585], [-110.3983504, 44.9158408], [-110.3980319, 44.9156276], [-110.397712, 44.9154054], [-110.3973849, 44.9151831], [-110.3970562, 44.9149608], [-110.3967099, 44.9147564], [-110.3963525, 44.91457], [-110.3959916, 44.914397], [-110.3956225, 44.9142556], [-110.3952706, 44.9141367], [-110.39486, 44.9140215], [-110.3946469, 44.9139636], [-110.3944715, 44.9139159], [-110.3941047, 44.9138206], [-110.3937234, 44.9137169], [-110.3933141, 44.9135997], [-110.3929226, 44.9134851], [-110.3925342, 44.913375], [-110.3917446, 44.9131637], [-110.3913435, 44.9130581], [-110.3909479, 44.9129569], [-110.3905474, 44.9128648], [-110.390142, 44.9127906], [-110.3897254, 44.9127298], [-110.3893063, 44.9126826], [-110.3888973, 44.9126354], [-110.3884988, 44.9125838], [-110.3881076, 44.9125231], [-110.3877188, 44.912449], [-110.3873436, 44.9123615], [-110.3869917, 44.9122471], [-110.386491, 44.9120554], [-110.3863239, 44.911987], [-110.3859897, 44.9118456], [-110.3856531, 44.9117043], [-110.385307, 44.9115584], [-110.3849506, 44.9114169], [-110.3845853, 44.9112934], [-110.384208, 44.9111924], [-110.3838162, 44.9111048], [-110.383417, 44.9110441], [-110.3830151, 44.9110194], [-110.3826161, 44.9110173], [-110.3822222, 44.9110376], [-110.3818346, 44.9110805], [-110.3814586, 44.9111505], [-110.3810745, 44.911234], [-110.3806752, 44.9113263], [-110.3802713, 44.9114186], [-110.3798657, 44.911511], [-110.3794593, 44.9116033], [-110.3790575, 44.9117046], [-110.3786566, 44.9118015], [-110.3782488, 44.9118848], [-110.3778355, 44.9119455], [-110.3774202, 44.9119883], [-110.3769996, 44.9120085], [-110.3765864, 44.9119927], [-110.3761885, 44.9119545], [-110.3758132, 44.9118895], [-110.3754507, 44.9118065], [-110.375089, 44.91171], [-110.3747292, 44.9115955], [-110.3743687, 44.9114765], [-110.3740129, 44.9113575], [-110.3736571, 44.911243], [-110.3733052, 44.9111286], [-110.3729429, 44.9110231], [-110.3725687, 44.910922], [-110.3721778, 44.9108298], [-110.3717719, 44.9107376], [-110.3713602, 44.9106543], [-110.370947, 44.9105755], [-110.3705249, 44.9105056], [-110.3700982, 44.9104358], [-110.3696745, 44.9103659], [-110.3692596, 44.9103051], [-110.3688501, 44.9102353], [-110.368437, 44.9101565], [-110.3680151, 44.9100687], [-110.3675862, 44.9099763], [-110.367155, 44.9098749], [-110.3667319, 44.9097645], [-110.3663191, 44.9096407], [-110.3659176, 44.9095079], [-110.3655248, 44.9093707], [-110.3651345, 44.909229], [-110.3647529, 44.9090829], [-110.3643688, 44.9089457], [-110.363968, 44.9088174], [-110.3635457, 44.9087026], [-110.3631136, 44.9086056], [-110.3626773, 44.9085447], [-110.3622407, 44.9085017], [-110.3617958, 44.9084882], [-110.361342, 44.9084965], [-110.36089, 44.9085248], [-110.3604367, 44.9085635], [-110.3599849, 44.9085988], [-110.359546, 44.9086323], [-110.359106, 44.9086716], [-110.3586759, 44.9087142], [-110.3582596, 44.9087568], [-110.357839, 44.9087867], [-110.3574089, 44.9088099], [-110.3569789, 44.908812], [-110.3565412, 44.9088134], [-110.356105, 44.9087955], [-110.3556569, 44.9087577], [-110.3552143, 44.9087248], [-110.3547644, 44.9086799], [-110.3543287, 44.9086305], [-110.3539033, 44.9085762], [-110.3534908, 44.9085289], [-110.3530715, 44.9084789], [-110.352657, 44.9084289], [-110.3522408, 44.9083815], [-110.3518101, 44.9083303], [-110.351377, 44.9082847], [-110.3509334, 44.9082391], [-110.3504943, 44.9081916], [-110.3500542, 44.9081436], [-110.349613, 44.9080954], [-110.3491647, 44.9080465], [-110.3487096, 44.9079968], [-110.3482506, 44.9079467], [-110.3477924, 44.9078967], [-110.347331, 44.9078463], [-110.3468774, 44.9077968], [-110.3464273, 44.9077477], [-110.3459681, 44.9076967], [-110.3455055, 44.9076453], [-110.3450466, 44.9075944], [-110.3446033, 44.9075452], [-110.3441802, 44.9074982], [-110.3437838, 44.9074542], [-110.3434037, 44.9074148], [-110.3430321, 44.907401], [-110.3426577, 44.9074083], [-110.342258, 44.9074267], [-110.3418654, 44.9074585], [-110.3414436, 44.907512], [-110.3410325, 44.907577], [-110.3405878, 44.9076684], [-110.3401666, 44.9077739], [-110.3397373, 44.9079001], [-110.3393506, 44.9080316], [-110.3389595, 44.9081761], [-110.3385609, 44.9083233], [-110.3381592, 44.9084717], [-110.3377626, 44.9086183], [-110.3373719, 44.9087626], [-110.3369874, 44.9089046], [-110.3365972, 44.9090488], [-110.3361997, 44.9091745], [-110.3358168, 44.9092918], [-110.3354121, 44.9094065], [-110.3350044, 44.9095211], [-110.3345872, 44.909618], [-110.3341692, 44.9097146], [-110.333748, 44.909812], [-110.333328, 44.909909], [-110.3329102, 44.9100056], [-110.3320636, 44.9102013], [-110.3316301, 44.9103015], [-110.3312103, 44.9104144], [-110.3308022, 44.9105288], [-110.3304093, 44.9106468], [-110.3300181, 44.9107885], [-110.3296323, 44.9109514], [-110.3292667, 44.9111221], [-110.3289019, 44.9113059], [-110.3285453, 44.9115026], [-110.3281994, 44.9117122], [-110.3278823, 44.9119251], [-110.3275661, 44.9121574], [-110.327269, 44.912379], [-110.3269724, 44.9126158], [-110.3266687, 44.9128571], [-110.3263523, 44.91308], [-110.3259916, 44.9132832], [-110.3256393, 44.9135063], [-110.3252937, 44.9137248], [-110.3249604, 44.9139325], [-110.3246135, 44.9141464], [-110.3242679, 44.9143764]]}, "properties": {"hgv": "no", "highway": "secondary", "lanes": "2", "maxspeed": "45 mph", "name": "Northeast Entrance Road", "oneway": "no", "source": "National Park Service", "surface": "asphalt", "unsigned_ref": "US 212", "osm_id": 103891208}}, {"type": "Feature", "geometry": {"type": "LineString", "coordinates": [[-110.3242679, 44.9143764], [-110.3226471, 44.9153415]]}, "properties": {"bridge": "yes", "hgv": "no", "highway": "secondary", "lanes": "2", "layer": "1", "maxspeed": "45 mph", "name": "Northeast Entrance Road", "source": "National Park Service;Bing", "surface": "asphalt", "unsigned_ref": "US 212", "osm_id": 103891233}}, {"type": "Feature", "geometry": {"type": "LineString", "coordinates": [[-110.0820008, 44.9453754], [-110.0818559, 44.9455287], [-110.0817236, 44.9456658], [-110.0812086, 44.9461999], [-110.0809588, 44.9464635], [-110.0807162, 44.9467226], [-110.0804769, 44.9469772], [-110.0802383, 44.9472319], [-110.0799876, 44.9474999], [-110.0797458, 44.947759], [-110.0795233, 44.9479958], [-110.0792951, 44.9482415], [-110.0790566, 44.9484916], [-110.0788221, 44.9487373], [-110.0785683, 44.9490098], [-110.078186, 44.9494253], [-110.0780587, 44.9495593], [-110.0775603, 44.9501044], [-110.0773031, 44.9503814], [-110.0770404, 44.9506628], [-110.0765021, 44.9512256], [-110.0762352, 44.9515115], [-110.0759724, 44.9517929], [-110.0757087, 44.9520789], [-110.0754793, 44.9523561], [-110.0752725, 44.952647], [-110.0750866, 44.952929], [-110.0749125, 44.9532067], [-110.074726, 44.9534752], [-110.0739114, 44.9543148], [-110.0737984, 44.9544399], [-110.0735795, 44.9546992], [-110.0733764, 44.9549676], [-110.0731809, 44.9552406], [-110.0730069, 44.9555227], [-110.072873, 44.9558198], [-110.0727628, 44.9561087], [-110.0726285, 44.9564188], [-110.0725268, 44.9567279], [-110.0724233, 44.9570168], [-110.0723343, 44.9573312], [-110.0722601, 44.9576592], [-110.0721661, 44.9579825], [-110.0719749, 44.9586381], [-110.0718762, 44.9589658], [-110.0717797, 44.9592936], [-110.0716849, 44.9596214], [-110.0715867, 44.9599582], [-110.0714893, 44.960295], [-110.0713936, 44.9606318], [-110.0711974, 44.9612963], [-110.0711033, 44.9616241], [-110.0710062, 44.9619474], [-110.0709115, 44.9622707], [-110.0708191, 44.9625985], [-110.0707249, 44.9629308], [-110.0706252, 44.9632631], [-110.0705287, 44.9635954], [-110.0704305, 44.9639367], [-110.0703307, 44.9642734], [-110.0702317, 44.9646192], [-110.0701318, 44.9649605], [-110.0700337, 44.9652972], [-110.0699307, 44.9656385], [-110.0698464, 44.965988], [-110.0697461, 44.9663376], [-110.0696487, 44.9666751], [-110.0695569, 44.9670099], [-110.0694507, 44.9673542], [-110.0693316, 44.9676889], [-110.0692722, 44.9678569], [-110.0692088, 44.9679916]]}, "properties": {"hgv": "no", "highway": "secondary", "lanes": "2", "maxspeed": "45 mph", "name": "Northeast Entrance Road", "note": "Road closed due to flooding: https://www.nps.gov/yell/learn/news/220613.htm", "source": "National Park Service", "surface": "asphalt", "unsigned_ref": "US 212", "osm_id": 103891239}}, {"type": "Feature", "geometry": {"type": "LineString", "coordinates": [[-110.1124319, 44.9147377], [-110.1125808, 44.9146791], [-110.1128793, 44.9145618], [-110.1131565, 44.9144324], [-110.1134481, 44.914259], [-110.1137072, 44.91409], [-110.1139597, 44.9138939], [-110.1141918, 44.9136796], [-110.1143971, 44.9134562], [-110.1145612, 44.9132324], [-110.1146931, 44.9130039], [-110.1147986, 44.9127796], [-110.1148806, 44.9125462], [-110.1149405, 44.9123081], [-110.1149767, 44.9120654], [-110.1149907, 44.9118224], [-110.1149975, 44.9115839], [-110.1150027, 44.9113499], [-110.1150017, 44.9111023], [-110.1150087, 44.9108548], [-110.1150275, 44.9106119], [-110.1150385, 44.9103555], [-110.115059, 44.9101036], [-110.1150818, 44.9098517], [-110.1151119, 44.9095998], [-110.1151507, 44.9093436], [-110.1151965, 44.9090919], [-110.1152472, 44.9088357], [-110.1153018, 44.9085796], [-110.1153586, 44.908328], [-110.1154139, 44.9080853], [-110.1154691, 44.9078382], [-110.1155337, 44.9076002], [-110.1155897, 44.9073575], [-110.1156394, 44.9071059], [-110.1157041, 44.9068633], [-110.1157616, 44.9066207], [-110.1158232, 44.9063826], [-110.1158972, 44.9061446], [-110.1159934, 44.9059113], [-110.1161196, 44.9056872], [-110.1162814, 44.9054634], [-110.1164723, 44.9052489], [-110.1166781, 44.9050434], [-110.1168791, 44.9048424], [-110.1170817, 44.9046414], [-110.1172734, 44.9044269], [-110.1174478, 44.9042032], [-110.1175988, 44.9039613], [-110.1177284, 44.9037102], [-110.1178535, 44.9034591], [-110.1179573, 44.9031899], [-110.1180516, 44.902925], [-110.118183, 44.9026695], [-110.1183538, 44.9024233], [-110.118545, 44.9021907], [-110.1187801, 44.901981], [-110.1190544, 44.9017985], [-110.1193451, 44.9016342], [-110.1196529, 44.9014836], [-110.1199734, 44.9013375], [-110.1203139, 44.9011826], [-110.1206318, 44.9009915], [-110.1209224, 44.9007777], [-110.1212052, 44.9005548], [-110.1214727, 44.900347], [-110.1217395, 44.9001418], [-110.1220063, 44.8999201], [-110.1222451, 44.8997194], [-110.1224985, 44.8995123], [-110.1227237, 44.8993059], [-110.1229551, 44.8991089], [-110.1230432, 44.8990323], [-110.1231779, 44.8989024], [-110.1233989, 44.8987002], [-110.1236348, 44.8984731], [-110.1238964, 44.8982327], [-110.1241435, 44.8979845], [-110.1244109, 44.8977236], [-110.1246748, 44.8974721], [-110.1249304, 44.8972073], [-110.1251971, 44.8969418], [-110.1254711, 44.8966894], [-110.1257946, 44.8964424], [-110.1261487, 44.8962213], [-110.1265587, 44.8960089], [-110.1269429, 44.8958208], [-110.1273493, 44.8956227], [-110.1277504, 44.8954387], [-110.1281509, 44.8952566], [-110.12859, 44.8950579], [-110.1290029, 44.8948669], [-110.1294306, 44.8946638], [-110.1298537, 44.8944645], [-110.1302959, 44.8942646], [-110.1307438, 44.894059], [-110.1311616, 44.8938685], [-110.1315846, 44.8936642], [-110.1319961, 44.8934693], [-110.1324115, 44.8932687], [-110.1328148, 44.89308], [-110.1331978, 44.8928856], [-110.1335801, 44.8927007], [-110.1339499, 44.89251], [-110.1343202, 44.8923282], [-110.1346791, 44.8921419], [-110.1350382, 44.891953], [-110.1357521, 44.8915604], [-110.1361227, 44.8913632], [-110.1364888, 44.8911551], [-110.136838, 44.890961], [-110.1372079, 44.8907573], [-110.1375534, 44.8905586], [-110.1378971, 44.8903542], [-110.1382365, 44.8901483], [-110.138568, 44.889942], [-110.1389274, 44.889719], [-110.1392872, 44.8894992], [-110.1396198, 44.8892813], [-110.1399805, 44.8890513], [-110.1403328, 44.8888256], [-110.1406776, 44.8885935], [-110.1410394, 44.8883538], [-110.1413837, 44.8881235], [-110.1417339, 44.8878857], [-110.1420752, 44.8876458], [-110.1423945, 44.8874162], [-110.1427182, 44.8871827], [-110.1430362, 44.886951], [-110.1433397, 44.8867268], [-110.1436621, 44.8864887], [-110.1439767, 44.886248], [-110.1442806, 44.8860066], [-110.1445925, 44.8857697], [-110.1449011, 44.885522], [-110.1452133, 44.8852748], [-110.1455046, 44.8850416], [-110.1457946, 44.884795], [-110.1460788, 44.8845534], [-110.1463693, 44.8843042], [-110.1466477, 44.8840652], [-110.146931, 44.8838223], [-110.1472023, 44.8835793], [-110.1474728, 44.8833491], [-110.1477298, 44.8831063], [-110.1479835, 44.882866], [-110.1482424, 44.8826291], [-110.1484998, 44.8823827], [-110.1487613, 44.8821243], [-110.149041, 44.8818644], [-110.1493091, 44.8815838], [-110.1495767, 44.8813304], [-110.1498419, 44.8810604], [-110.1500943, 44.8807885], [-110.1503566, 44.8805204], [-110.1506164, 44.8802567], [-110.1508644, 44.8799956], [-110.1511203, 44.8797274], [-110.1513662, 44.8794695], [-110.1518756, 44.878944], [-110.1521312, 44.8786804], [-110.152387, 44.8784212], [-110.1526444, 44.8781653], [-110.1528973, 44.8779215], [-110.1531467, 44.8776929], [-110.1533886, 44.8774484], [-110.1536616, 44.8771812], [-110.1541692, 44.876668], [-110.1544197, 44.8764178], [-110.1546709, 44.8761662], [-110.1549283, 44.8759071], [-110.1551889, 44.8756359], [-110.1554432, 44.8753767], [-110.1557076, 44.8751266], [-110.1559699, 44.8748869], [-110.1562673, 44.8746819], [-110.1566073, 44.8744636], [-110.1569643, 44.8742952], [-110.1573375, 44.8741494], [-110.1577348, 44.8740353], [-110.1581428, 44.8739483], [-110.1585545, 44.8738703], [-110.1589663, 44.8737968], [-110.1593787, 44.8737279], [-110.1597866, 44.8736543], [-110.1601833, 44.8735762], [-110.1605693, 44.8734756], [-110.1609421, 44.8733568], [-110.1612995, 44.8732154], [-110.1616467, 44.8730604], [-110.1619912, 44.8728784], [-110.1623217, 44.8726737], [-110.1626244, 44.8724642], [-110.1629107, 44.8722333], [-110.1631632, 44.8719843], [-110.1634183, 44.8717141], [-110.1636631, 44.871433], [-110.1639018, 44.8711603], [-110.1641397, 44.8708972], [-110.1644114, 44.8706376], [-110.1646923, 44.8704049], [-110.1649768, 44.870182], [-110.165283, 44.8699543], [-110.1656128, 44.8697496], [-110.1658546, 44.86961], [-110.166137, 44.8694578], [-110.1662836, 44.8693764], [-110.1664352, 44.8693077], [-110.1666451, 44.8692125], [-110.1670998, 44.8690254], [-110.1673986, 44.868921], [-110.1677977, 44.8687933], [-110.1682115, 44.8686793], [-110.16863, 44.8685744], [-110.1690576, 44.8684874], [-110.1695002, 44.8684141], [-110.1699607, 44.8683545], [-110.1704376, 44.8683174], [-110.1709206, 44.8682894], [-110.1714016, 44.8682884], [-110.1718762, 44.8682964], [-110.1723417, 44.8683267], [-110.1727976, 44.8683796], [-110.1732405, 44.8684413], [-110.173669, 44.8685209], [-110.1738358, 44.8685578], [-110.1740894, 44.868614], [-110.1745, 44.8687205], [-110.1749066, 44.8688404], [-110.1753145, 44.8689784], [-110.1757149, 44.8691388], [-110.1761057, 44.8693082], [-110.1764891, 44.8694955], [-110.1768841, 44.869683], [-110.1772596, 44.8698804], [-110.1776314, 44.8700709], [-110.1780349, 44.8702358], [-110.1784418, 44.8703828], [-110.1788626, 44.8705073], [-110.179278, 44.8706138], [-110.179697, 44.8706979], [-110.1801224, 44.8707684], [-110.1805621, 44.8708436], [-110.1810034, 44.8709098], [-110.1814518, 44.8709805], [-110.182374, 44.8711222], [-110.1828287, 44.8711974], [-110.1832818, 44.8712637], [-110.1837208, 44.8713298], [-110.1841716, 44.8713511], [-110.1846124, 44.8713407], [-110.1850387, 44.8713032], [-110.1854501, 44.8712387], [-110.185848, 44.8711425], [-110.1862498, 44.8710373], [-110.1866659, 44.8709278], [-110.1870907, 44.8708228], [-110.1875183, 44.8707448], [-110.1879509, 44.8706983], [-110.1883792, 44.8706789], [-110.1892435, 44.8706755], [-110.1894856, 44.8706692], [-110.1897244, 44.8706538], [-110.1901052, 44.8706133], [-110.190578, 44.8705516], [-110.1911813, 44.8704594], [-110.1918706, 44.8703571], [-110.1923098, 44.8702972], [-110.1927529, 44.8702373], [-110.1931945, 44.8701774], [-110.1936337, 44.870113], [-110.1941136, 44.8700443], [-110.1944714, 44.8700064], [-110.1948755, 44.8699687], [-110.1952689, 44.869958], [-110.1973409, 44.8699725], [-110.1977704, 44.8699801], [-110.1998846, 44.8699835], [-110.2003089, 44.8699909], [-110.2007147, 44.8700054], [-110.2011213, 44.8700295], [-110.2015329, 44.8700739], [-110.2019253, 44.8701307], [-110.2023215, 44.8702055], [-110.2027213, 44.8702983], [-110.2031225, 44.8704136], [-110.2035226, 44.8705469], [-110.2039026, 44.8706936], [-110.2042629, 44.8708537], [-110.2046031, 44.8710226], [-110.2049258, 44.8712049], [-110.2052317, 44.8713961], [-110.2055217, 44.8716006], [-110.2057997, 44.8718141], [-110.2060768, 44.8720276], [-110.2063572, 44.8722411], [-110.2066342, 44.8724591], [-110.2069098, 44.8726725], [-110.2071861, 44.872886], [-110.2077435, 44.873322], [-110.2080168, 44.8735354], [-110.2083003, 44.8737444], [-110.2085776, 44.8739579], [-110.2088508, 44.8741668], [-110.2091194, 44.8743757], [-110.2093895, 44.8745847], [-110.2096652, 44.8747936], [-110.2099431, 44.8750116], [-110.2102202, 44.8752251], [-110.2104943, 44.8754385], [-110.2107676, 44.8756474], [-110.2110433, 44.8758564], [-110.2113228, 44.8760744], [-110.2114668, 44.8761879], [-110.2116038, 44.8762969], [-110.2118951, 44.8765239], [-110.2120392, 44.876633], [-110.2121879, 44.8767465], [-110.2124753, 44.876969], [-110.2127515, 44.8772005], [-110.2130173, 44.8774364], [-110.2132784, 44.8776767], [-110.2135416, 44.8779261], [-110.213812, 44.8781845], [-110.2140878, 44.878443], [-110.2143581, 44.8786924], [-110.214623, 44.8789418], [-110.2151512, 44.8794405], [-110.2156699, 44.8799302], [-110.2159301, 44.8801751], [-110.2164646, 44.8806738], [-110.216725, 44.8809142], [-110.216978, 44.881159], [-110.2172295, 44.8813993], [-110.2174875, 44.8816396], [-110.2177438, 44.8818799], [-110.2179946, 44.8821202], [-110.2182414, 44.8823559], [-110.2184908, 44.8825872], [-110.2187347, 44.8828049], [-110.2189692, 44.8830225], [-110.2192051, 44.8832492], [-110.2194489, 44.8834804], [-110.2197045, 44.8837162], [-110.2199671, 44.8839611], [-110.2202343, 44.884215], [-110.2205054, 44.8844734], [-110.2207773, 44.8847318], [-110.2210509, 44.8849902], [-110.2215964, 44.8854981], [-110.2218628, 44.8857519], [-110.2221294, 44.8860013], [-110.2223921, 44.8862462], [-110.2226523, 44.886491], [-110.2229173, 44.8867358], [-110.2231775, 44.8869807], [-110.2234386, 44.887221], [-110.2236911, 44.8874568], [-110.2244721, 44.8881279], [-110.2249717, 44.8885097], [-110.2252318, 44.8887095], [-110.2254968, 44.8889004], [-110.2257666, 44.8890867], [-110.2260544, 44.8892777], [-110.2263317, 44.8894957], [-110.2266776, 44.8896735], [-110.2270035, 44.8898648], [-110.2273405, 44.8900561], [-110.2276855, 44.890243], [-110.2280296, 44.8904299], [-110.2283864, 44.8906213], [-110.2287518, 44.8908173], [-110.2291242, 44.8910179], [-110.2294961, 44.891214], [-110.2298622, 44.89141], [-110.2302198, 44.8916059], [-110.2305663, 44.8917928], [-110.2309004, 44.8919661], [-110.231221, 44.8921393], [-110.2318577, 44.8924767], [-110.2321752, 44.8926453], [-110.2324903, 44.892814], [-110.2328103, 44.8929827], [-110.2331372, 44.8931559], [-110.2334603, 44.8933291], [-110.23378, 44.8935023], [-110.2341086, 44.89368], [-110.2344166, 44.8938486], [-110.2347111, 44.8940262], [-110.234981, 44.894208], [-110.2351326, 44.8943023], [-110.2354424, 44.8945712], [-110.2356592, 44.8947572], [-110.2358798, 44.8949567], [-110.236105, 44.8951653], [-110.2363341, 44.8953783], [-110.2365624, 44.8955869], [-110.2367844, 44.8957999], [-110.2370174, 44.8960131], [-110.2371348, 44.8961219], [-110.2372537, 44.8962307], [-110.237489, 44.8964483], [-110.2377213, 44.8966614], [-110.237952, 44.8968745], [-110.238185, 44.8970966], [-110.2384267, 44.8973188], [-110.2386753, 44.89755], [-110.2389303, 44.8977857], [-110.239186, 44.8980215], [-110.2394362, 44.8982572], [-110.2396825, 44.8984884], [-110.239932, 44.8987151], [-110.2401846, 44.8989508], [-110.2404419, 44.8991911], [-110.2407022, 44.8994359], [-110.2409643, 44.8996717], [-110.2412256, 44.899912], [-110.2414853, 44.9001523], [-110.2417472, 44.9003926], [-110.2420142, 44.9006284], [-110.2422811, 44.9008597], [-110.2425503, 44.9010911], [-110.2428197, 44.9013179], [-110.2430977, 44.9015493], [-110.2433906, 44.9017853], [-110.2436971, 44.9020169], [-110.2440098, 44.902262], [-110.2443304, 44.9025027], [-110.2446581, 44.9027434], [-110.2449821, 44.9029796], [-110.2453052, 44.9032113], [-110.2456236, 44.9034384], [-110.2459381, 44.9036611], [-110.246248, 44.9038792], [-110.2465509, 44.9040927], [-110.2468466, 44.9043017], [-110.2471367, 44.9045062], [-110.2474232, 44.9047061], [-110.2477047, 44.904906], [-110.247989, 44.9050879], [-110.2482648, 44.9053058], [-110.2485456, 44.9055057], [-110.2488257, 44.9057056], [-110.2491081, 44.9059055], [-110.249392, 44.9061054], [-110.2496745, 44.9063053], [-110.2499585, 44.9065052], [-110.2502401, 44.9067006], [-110.2505234, 44.9069005], [-110.2508058, 44.9071004], [-110.2510828, 44.9072912], [-110.2513566, 44.9074821], [-110.2516335, 44.9076774], [-110.2519151, 44.9078818], [-110.2521983, 44.9080817], [-110.2524824, 44.9082816], [-110.2527782, 44.9084861], [-110.2530748, 44.9086996], [-110.2533705, 44.9089086], [-110.2536655, 44.9091176], [-110.2539573, 44.9093265], [-110.2545396, 44.9097264], [-110.2548301, 44.9099174], [-110.2551309, 44.9101084], [-110.2554428, 44.9102949], [-110.2557618, 44.9104816], [-110.2560872, 44.9106727], [-110.2564174, 44.9108549], [-110.2567531, 44.9110416], [-110.2570928, 44.9112194], [-110.2574271, 44.9113926], [-110.2577607, 44.9115568], [-110.2580919, 44.9117165], [-110.258421, 44.9118672], [-110.25875, 44.9120133], [-110.2590846, 44.9121595], [-110.2594264, 44.9123058], [-110.2597682, 44.9124475], [-110.2600999, 44.9125802], [-110.2604246, 44.9127039], [-110.2607547, 44.912823], [-110.2610906, 44.9129377], [-110.2614311, 44.9130569], [-110.2617804, 44.9131762], [-110.2621352, 44.9132865], [-110.2624885, 44.9133969], [-110.2628394, 44.9135071], [-110.2631865, 44.9136084], [-110.263529, 44.9137051], [-110.2638693, 44.9137884], [-110.2641991, 44.9138715], [-110.2645172, 44.9139501], [-110.264825, 44.9140241], [-110.265111, 44.9140844], [-110.2653731, 44.9141401], [-110.2656068, 44.9141956], [-110.2659947, 44.9142735], [-110.2664233, 44.9143515], [-110.2667309, 44.9144054], [-110.2670098, 44.9144522], [-110.267163, 44.9144757], [-110.2673314, 44.9145083], [-110.2675138, 44.9145365], [-110.2677154, 44.9145648], [-110.2679439, 44.914597], [-110.2681904, 44.9146308], [-110.2684529, 44.914664], [-110.2687272, 44.9147018], [-110.2690151, 44.9147306], [-110.269322, 44.9147665], [-110.269653, 44.9148053], [-110.2700017, 44.9148372], [-110.2703607, 44.9148665], [-110.2707331, 44.9148997], [-110.2711282, 44.9149221], [-110.2715291, 44.9149458], [-110.2719381, 44.9149644], [-110.2723383, 44.9149741], [-110.2727415, 44.9149758], [-110.2738839, 44.9149807], [-110.2742689, 44.9149824], [-110.2746623, 44.9149841], [-110.2750575, 44.9149858], [-110.2754528, 44.9149875], [-110.2758511, 44.9149784], [-110.2762434, 44.9149558], [-110.2766238, 44.9149279], [-110.2770083, 44.9148898], [-110.2773721, 44.914835], [-110.2777331, 44.9147788], [-110.2780913, 44.9147161], [-110.2784489, 44.9146459], [-110.2788012, 44.9145768], [-110.2791712, 44.9145041], [-110.2795507, 44.9144296], [-110.2799427, 44.9143527], [-110.280317, 44.9142729], [-110.2806893, 44.9142078], [-110.281061, 44.914176], [-110.2814316, 44.9141803], [-110.2817917, 44.9142283], [-110.2821416, 44.9143098], [-110.2824733, 44.9144379], [-110.2827944, 44.9145929], [-110.2831069, 44.9147658], [-110.283419, 44.9149254], [-110.283758, 44.9150797], [-110.2840672, 44.9152054], [-110.2844167, 44.9153385], [-110.2847525, 44.915455], [-110.2850838, 44.9155523], [-110.2854441, 44.9156491], [-110.2858233, 44.9157327], [-110.2862094, 44.9158283], [-110.2866055, 44.91592], [-110.2869956, 44.9160137], [-110.2873684, 44.9161087], [-110.287725, 44.9162286], [-110.2880564, 44.916378], [-110.2884081, 44.916541], [-110.2887386, 44.9167032], [-110.2891546, 44.9168359], [-110.2895528, 44.9169157], [-110.2899799, 44.9169929], [-110.290385, 44.9170753], [-110.2907872, 44.917173], [-110.2911731, 44.9172993], [-110.2915421, 44.9174449], [-110.2918916, 44.9175971], [-110.292225, 44.9177619], [-110.2925712, 44.9179397], [-110.2928952, 44.9181217], [-110.2932178, 44.9182927], [-110.2935465, 44.9184695], [-110.2938536, 44.9186433], [-110.2941787, 44.9188171], [-110.294529, 44.9189921], [-110.2948923, 44.9191441], [-110.2952598, 44.9192698], [-110.2956319, 44.9193851], [-110.2960209, 44.9194684], [-110.2964003, 44.9195248], [-110.2967898, 44.9195568], [-110.2971926, 44.919577], [-110.2975984, 44.9195656], [-110.2980242, 44.9195537], [-110.2984613, 44.9195414], [-110.2989005, 44.9195291], [-110.2993472, 44.9195166], [-110.2997988, 44.9195039], [-110.3002418, 44.9194957], [-110.3006676, 44.9194913], [-110.3010912, 44.9194984], [-110.3014985, 44.9195137], [-110.3019001, 44.9195284], [-110.3022869, 44.9195533], [-110.3026825, 44.9195834], [-110.3030622, 44.919627], [-110.3034747, 44.9196906], [-110.303907, 44.9197645], [-110.3043412, 44.9198423], [-110.3047808, 44.919921], [-110.3052136, 44.9200207], [-110.3056239, 44.9201296], [-110.3060378, 44.9202395], [-110.3064525, 44.9203497], [-110.3068775, 44.9204625], [-110.3073088, 44.920577], [-110.307738, 44.920691], [-110.3081723, 44.9208063], [-110.3086037, 44.9209209], [-110.3090342, 44.9210058], [-110.3094925, 44.9210587], [-110.3099361, 44.9210877], [-110.3103835, 44.9210862], [-110.310831, 44.9210808], [-110.3112826, 44.9210754], [-110.3117349, 44.9210699], [-110.3121861, 44.9210645], [-110.3126324, 44.9210647], [-110.3130763, 44.9210654], [-110.3135225, 44.9210636], [-110.3139668, 44.9210629], [-110.3143903, 44.9210584], [-110.31481, 44.9210443], [-110.3152157, 44.9210269], [-110.3156104, 44.9209937], [-110.3159876, 44.9209336], [-110.3163465, 44.9208548], [-110.3166815, 44.9207647]]}, "properties": {"hgv": "no", "highway": "secondary", "lanes": "2", "maxspeed": "45 mph", "name": "Northeast Entrance Road", "note": "Road closed due to flooding: https://www.nps.gov/yell/learn/news/220613.htm", "oneway": "no", "surface": "asphalt", "unsigned_ref": "US 212", "osm_id": 103891274}}, {"type": "Feature", "geometry": {"type": "LineString", "coordinates": [[-110.1118174, 44.9149705], [-110.1116436, 44.9150325], [-110.1114088, 44.9151162], [-110.111124, 44.9152264], [-110.1108112, 44.9153385], [-110.1105144, 44.915441], [-110.1101952, 44.915548], [-110.109871, 44.915667], [-110.1095668, 44.9157817], [-110.1092622, 44.9159057], [-110.1089466, 44.916022], [-110.1086281, 44.9161394], [-110.1083257, 44.9162501], [-110.1079924, 44.9163775], [-110.1076719, 44.9165003], [-110.1072914, 44.9166326], [-110.1069784, 44.9167472], [-110.1066694, 44.9168573], [-110.1063846, 44.9169496], [-110.1060699, 44.9170686], [-110.1057489, 44.9171877], [-110.1054217, 44.9173066], [-110.1050968, 44.9174256], [-110.1047797, 44.9175447], [-110.10447, 44.9176547], [-110.1041538, 44.9177738], [-110.1038352, 44.9178928], [-110.1035213, 44.9180119], [-110.1032044, 44.9181264], [-110.1028858, 44.9182455], [-110.1025639, 44.9183735], [-110.1022229, 44.9185103], [-110.1019049, 44.9186383], [-110.1015826, 44.9187888], [-110.1012648, 44.9189529], [-110.1009621, 44.919126], [-110.1006598, 44.9193127], [-110.1003472, 44.9194993], [-110.1000293, 44.9196813], [-110.0997098, 44.9198588], [-110.0993745, 44.9200272], [-110.0990367, 44.9201596], [-110.0986925, 44.9202919], [-110.0983405, 44.9204197], [-110.097983, 44.9205429], [-110.0976278, 44.9206751], [-110.0972772, 44.9208163], [-110.0969244, 44.9209396], [-110.0962865, 44.9211686], [-110.0960359, 44.9212881], [-110.095806, 44.9214078], [-110.0955751, 44.9215365], [-110.0953298, 44.9216741], [-110.0950784, 44.9218522], [-110.0948261, 44.9220347], [-110.0945709, 44.9222443], [-110.0943116, 44.9224717], [-110.0940614, 44.9227218], [-110.0938306, 44.9229901], [-110.0936218, 44.9232765], [-110.0934303, 44.923572], [-110.0932647, 44.9238768], [-110.0931223, 44.9241727], [-110.0929776, 44.9244551], [-110.0928019, 44.9247215], [-110.092531, 44.9250382], [-110.0922068, 44.9253188], [-110.0918505, 44.9255253], [-110.0915599, 44.9256806], [-110.0912251, 44.9258497], [-110.0909081, 44.926023], [-110.090592, 44.926178], [-110.0902671, 44.926342], [-110.0899257, 44.9264968], [-110.0895662, 44.9266425], [-110.0891964, 44.9267836], [-110.0888426, 44.9269203], [-110.088514, 44.9270707], [-110.088221, 44.9272488], [-110.0879711, 44.9274535], [-110.0877368, 44.927665], [-110.0875465, 44.9278975], [-110.0874051, 44.9281401], [-110.0872726, 44.92839], [-110.087144, 44.9286787], [-110.0869875, 44.9289686], [-110.0868286, 44.9292445], [-110.0866293, 44.9295106], [-110.0864144, 44.9297737], [-110.086179, 44.9300126], [-110.0859435, 44.9302763], [-110.0857238, 44.9305491], [-110.0855205, 44.9308311], [-110.0853416, 44.9311167], [-110.0851739, 44.9314079], [-110.0850126, 44.9317064], [-110.0848732, 44.9320068], [-110.0847708, 44.9322791], [-110.0846609, 44.9325663], [-110.0845342, 44.9328845], [-110.0843793, 44.9332909], [-110.0842734, 44.9335702], [-110.0841801, 44.9338412], [-110.0840932, 44.9341208], [-110.0840117, 44.9344381], [-110.0839605, 44.9346288], [-110.0839371, 44.9347757], [-110.0839063, 44.9350372], [-110.0838979, 44.9351084], [-110.0838677, 44.9354413], [-110.083875, 44.9357718], [-110.0838921, 44.9360898], [-110.0839061, 44.9363944], [-110.0839153, 44.9366874], [-110.0838806, 44.9369598], [-110.0837596, 44.9372738], [-110.0836201, 44.9375355], [-110.0834605, 44.9377746], [-110.0833068, 44.9380525], [-110.0832062, 44.9383105], [-110.0831858, 44.9386015], [-110.0832035, 44.9389009], [-110.0832778, 44.9392152], [-110.0834371, 44.9394658], [-110.0836435, 44.9397316], [-110.0838433, 44.9399929], [-110.0840263, 44.940273], [-110.084126, 44.9405707], [-110.0841678, 44.9408954], [-110.0840956, 44.9411936], [-110.0839899, 44.9414819], [-110.0838446, 44.9417774], [-110.0837309, 44.9420787], [-110.0835922, 44.9424055], [-110.0834618, 44.9427388], [-110.0833563, 44.943071], [-110.0832618, 44.9433905], [-110.0831539, 44.9436984], [-110.0831182, 44.9438269], [-110.0830311, 44.9440296], [-110.0828983, 44.9443174], [-110.082713, 44.944579], [-110.0825459, 44.944794], [-110.0824327, 44.9449238]]}, "properties": {"hgv": "no", "highway": "secondary", "lanes": "2", "maxspeed": "45 mph", "name": "Northeast Entrance Road", "note": "Road closed due to flooding: https://www.nps.gov/yell/learn/news/220613.htm", "oneway": "no", "surface": "asphalt", "unsigned_ref": "US 212", "osm_id": 103891342}}, {"type": "Feature", "geometry": {"type": "LineString", "coordinates": [[-110.4132993, 44.9152039], [-110.4130861, 44.9154724], [-110.4128912, 44.9157544], [-110.4126073, 44.9162041], [-110.4123515, 44.916525], [-110.4120482, 44.9168273], [-110.4116254, 44.9171573], [-110.4112493, 44.9173943], [-110.4108759, 44.9175916], [-110.4103534, 44.91789], [-110.4097013, 44.9182693], [-110.4090449, 44.9186151], [-110.4085472, 44.9188056], [-110.4081723, 44.9189237], [-110.4078128, 44.918982], [-110.407154, 44.9190577], [-110.4067361, 44.9190895], [-110.4056422, 44.9191943]]}, "properties": {"hgv": "no", "highway": "secondary", "lanes": "2", "maxspeed": "35 mph", "name": "Northeast Entrance Road", "oneway": "no", "source": "National Park Service", "surface": "asphalt", "unsigned_ref": "US 212", "osm_id": 103891356}}, {"type": "Feature", "geometry": {"type": "LineString", "coordinates": [[-109.9823414, 45.008421], [-109.9825949, 45.0083765], [-109.9830026, 45.0083063], [-109.9831661, 45.0082816], [-109.9833674, 45.0082513], [-109.9836316, 45.0082153], [-109.9839333, 45.0081726], [-109.9844347, 45.0081051], [-109.9844821, 45.0080999], [-109.9859745, 45.0079375], [-109.9862977, 45.0078995], [-109.9867255, 45.0078464], [-109.9870246, 45.0077962], [-109.987083, 45.0077856], [-109.9873384, 45.0077393]]}, "properties": {"hgv": "designated", "hgv:national_network": "yes", "highway": "secondary", "lanes": "2", "maxspeed": "35 mph", "name": "US Highway 212", "oneway": "no", "ref": "US 212", "sidewalk": "no", "source": "Bing;NAIP", "source:hgv:national_network": "https://hepgis-usdot.hub.arcgis.com/apps/usdot::national-network-conventional-combination-trucks-map/explore", "surface": "asphalt", "osm_id": 103891372}}, {"type": "Feature", "geometry": {"type": "LineString", "coordinates": [[-109.971964, 45.0140187], [-109.9715314, 45.0145364], [-109.9714862, 45.0145824], [-109.9712951, 45.0147769], [-109.9710343, 45.0150004], [-109.9709995, 45.0150303], [-109.9704706, 45.0153474], [-109.9700336, 45.0154922], [-109.9694966, 45.0156701], [-109.969144, 45.0157725], [-109.9685597, 45.0159563], [-109.9665994, 45.0165632], [-109.9643956, 45.0173447], [-109.9622108, 45.0181513], [-109.9618422, 45.0182785], [-109.9614157, 45.0183835], [-109.9610027, 45.0184378], [-109.9606346, 45.0184535], [-109.960304, 45.0184373], [-109.9596571, 45.0183882], [-109.9590414, 45.0182981], [-109.9584787, 45.0182482], [-109.9579111, 45.0182356], [-109.9574484, 45.0182594], [-109.9558891, 45.0184028], [-109.9550246, 45.0184211], [-109.9541405, 45.0183641], [-109.953428, 45.0182647], [-109.952353, 45.0181147], [-109.9516201, 45.0180522], [-109.9509278, 45.0180323], [-109.9503217, 45.0180388], [-109.9496113, 45.0180775], [-109.9478425, 45.0182151], [-109.9467601, 45.0182993], [-109.94601, 45.0183323], [-109.9446198, 45.0183569], [-109.9437143, 45.0183211]]}, "properties": {"hgv": "designated", "hgv:national_network": "yes", "highway": "secondary", "lanes": "2", "maxspeed": "45 mph", "name": "US Highway 212", "oneway": "no", "ref": "US 212", "sidewalk": "no", "source:hgv:national_network": "https://hepgis-usdot.hub.arcgis.com/apps/usdot::national-network-conventional-combination-trucks-map/explore", "surface": "asphalt", "osm_id": 103891378}}, {"type": "Feature", "geometry": {"type": "LineString", "coordinates": [[-110.5417786, 44.9581064], [-110.5414431, 44.9581346], [-110.5410887, 44.9581512], [-110.5407202, 44.9581542], [-110.5399206, 44.958151], [-110.5395047, 44.9581403], [-110.5390908, 44.958127], [-110.5386962, 44.9580785], [-110.5383224, 44.9579794], [-110.5380159, 44.9578499], [-110.5377271, 44.9576763], [-110.5374583, 44.9574785], [-110.5371793, 44.9573116], [-110.5368198, 44.9571547], [-110.5364277, 44.9570392], [-110.5360333, 44.9569227], [-110.5356413, 44.9568375], [-110.5352844, 44.9568043], [-110.534863, 44.9568165], [-110.5344762, 44.9568284], [-110.5341292, 44.9568155], [-110.53374, 44.956771], [-110.5333529, 44.9566843], [-110.5330127, 44.9565344], [-110.5327219, 44.9563353], [-110.5324466, 44.9561201], [-110.5321544, 44.9559139], [-110.531858, 44.9557436], [-110.5315234, 44.955588], [-110.5311984, 44.9554804], [-110.53084, 44.955383], [-110.5305066, 44.9553257], [-110.5301191, 44.9553065], [-110.5297278, 44.9553404], [-110.5293715, 44.9554114], [-110.5290134, 44.9555254], [-110.5286894, 44.9556569], [-110.528339, 44.955768], [-110.5279841, 44.9558611], [-110.5276325, 44.9559361], [-110.5272841, 44.9559932], [-110.5269217, 44.9560322], [-110.5265477, 44.9560397], [-110.5261801, 44.9560336], [-110.5258099, 44.9560411], [-110.5254349, 44.9560665], [-110.5250589, 44.95611], [-110.524687, 44.956149], [-110.5243206, 44.9561834], [-110.52396, 44.9562044], [-110.5235963, 44.9561894], [-110.5232282, 44.9561519], [-110.522861, 44.9560963], [-110.5224963, 44.9560183], [-110.5221453, 44.9559133], [-110.5218129, 44.9557814], [-110.5214821, 44.955627], [-110.521157, 44.9554591], [-110.5208312, 44.9552912], [-110.5205023, 44.9551187], [-110.5201685, 44.9549463], [-110.51983, 44.9547738], [-110.5194747, 44.9546193], [-110.5190946, 44.9545007], [-110.5186943, 44.954427], [-110.5182984, 44.9543983], [-110.5178997, 44.9544101], [-110.5174919, 44.9544624], [-110.5170762, 44.9545237], [-110.51667, 44.9545895], [-110.5162804, 44.9546643], [-110.5159088, 44.9547573], [-110.51556, 44.9548638], [-110.5152349, 44.9549885], [-110.5149358, 44.9551222], [-110.5146622, 44.9552426], [-110.5143881, 44.9553224], [-110.5141057, 44.9553573], [-110.5138103, 44.9553425], [-110.5135193, 44.9552782], [-110.5132557, 44.9551601], [-110.5130065, 44.9550105], [-110.5127439, 44.9548563], [-110.5124559, 44.9547201], [-110.5121334, 44.9546287], [-110.5117805, 44.9545777], [-110.5114112, 44.9545761], [-110.511036, 44.954624], [-110.5106785, 44.954726], [-110.5103596, 44.9548642], [-110.510054, 44.9550204], [-110.5097635, 44.9551722], [-110.5094866, 44.955315], [-110.5092035, 44.9554353], [-110.5088915, 44.9555105], [-110.5085576, 44.9555316], [-110.508218, 44.9554941], [-110.5078811, 44.9554251], [-110.5075346, 44.9553471], [-110.5071764, 44.9552646], [-110.5068078, 44.9551819], [-110.506437, 44.9550948], [-110.5060661, 44.9550122], [-110.5056911, 44.9549386], [-110.5053018, 44.9548739], [-110.5048925, 44.9548316], [-110.5044737, 44.9548028], [-110.5040601, 44.9547875], [-110.5036577, 44.9547722], [-110.5032672, 44.954766], [-110.5028819, 44.9547868], [-110.5025027, 44.9548392], [-110.5020925, 44.9549004], [-110.5016973, 44.9549757], [-110.5013502, 44.9550442], [-110.5010029, 44.9551506], [-110.500715, 44.9552651], [-110.500444, 44.9554214], [-110.5001872, 44.9556008], [-110.4999268, 44.9557695], [-110.4995967, 44.9559378], [-110.4992788, 44.9560841], [-110.4989228, 44.9562093], [-110.4985389, 44.9563157], [-110.4981527, 44.9563965], [-110.4977911, 44.9564906], [-110.4974797, 44.9566012], [-110.4971916, 44.9567556], [-110.496951, 44.9569461], [-110.4967359, 44.9571752], [-110.4965338, 44.9573936], [-110.4962898, 44.9576136], [-110.4960038, 44.9578116], [-110.4956885, 44.9579813], [-110.4953656, 44.9581149], [-110.4950332, 44.9582529], [-110.4947006, 44.9584045], [-110.4943713, 44.9585516], [-110.494045, 44.9586987], [-110.4937276, 44.9588413], [-110.493415, 44.9589794], [-110.4930976, 44.959113], [-110.4927622, 44.9592286], [-110.4923784, 44.9593314], [-110.4919713, 44.9593608], [-110.4916037, 44.9593321], [-110.4912146, 44.9592392], [-110.4908613, 44.9591087], [-110.4904782, 44.9589946], [-110.490081, 44.9589163], [-110.4896662, 44.958865], [-110.4892419, 44.9588136], [-110.4888042, 44.9587666], [-110.4883648, 44.9587196], [-110.4879191, 44.9586726], [-110.4874741, 44.9586346], [-110.4870141, 44.9585875], [-110.4865691, 44.958545], [-110.4861549, 44.9585036], [-110.4857675, 44.9584464], [-110.4854086, 44.9583327], [-110.4850906, 44.9581783], [-110.4847951, 44.9579924], [-110.4845166, 44.9577751], [-110.4842522, 44.9575624], [-110.4839926, 44.9573496], [-110.4837409, 44.957137], [-110.483498, 44.9569198], [-110.4832583, 44.9567117], [-110.4830256, 44.9565036], [-110.482788, 44.956309], [-110.4825329, 44.9561233], [-110.4822556, 44.955942], [-110.481965, 44.9557516], [-110.4816791, 44.9555523], [-110.4814179, 44.9553395], [-110.4811657, 44.9551133], [-110.4809212, 44.9548872], [-110.4806912, 44.9546521], [-110.4805021, 44.9544487], [-110.4803933, 44.954291], [-110.4803308, 44.9542003], [-110.4801714, 44.9539521], [-110.479997, 44.9536947], [-110.4798052, 44.9534418], [-110.4795839, 44.9531932], [-110.4793413, 44.9529491], [-110.4790828, 44.9527138], [-110.4788154, 44.9524921], [-110.4785639, 44.9522659], [-110.4783501, 44.9519948], [-110.4782017, 44.9517466], [-110.478141, 44.9514582], [-110.4781061, 44.951197], [-110.4780176, 44.9509388], [-110.477881, 44.9506829], [-110.4776883, 44.9504344], [-110.4774543, 44.9502083], [-110.4771867, 44.9500091], [-110.4768626, 44.9498365], [-110.476506, 44.9496729], [-110.4761489, 44.9495746], [-110.4757457, 44.9494921], [-110.4753598, 44.9494074], [-110.4749745, 44.9493238], [-110.4745926, 44.949241], [-110.474214, 44.9491357], [-110.4738397, 44.9490035], [-110.4734894, 44.9488443], [-110.4731701, 44.9486763], [-110.4728514, 44.9485218], [-110.4725086, 44.9483987], [-110.4721403, 44.9483115], [-110.4717683, 44.9482618], [-110.4713875, 44.9482648], [-110.470998, 44.9483077], [-110.4705967, 44.9483906], [-110.4702388, 44.9484737], [-110.4698644, 44.948526], [-110.4694879, 44.9485467], [-110.4691118, 44.9485315], [-110.4687319, 44.9484802], [-110.468346, 44.9484064], [-110.4679434, 44.948319], [-110.4675275, 44.948236], [-110.4671108, 44.9481486], [-110.4667279, 44.9480793], [-110.4663498, 44.948028], [-110.4659601, 44.9480082], [-110.465567, 44.9480243], [-110.4651831, 44.9480721], [-110.4648123, 44.9481603], [-110.464453, 44.9482802], [-110.46409, 44.9483865], [-110.46372, 44.9484658], [-110.4633797, 44.9485005], [-110.4630096, 44.9484661], [-110.4625857, 44.9483561], [-110.462213, 44.9482291], [-110.4618528, 44.9481059], [-110.4614783, 44.9479871], [-110.4611032, 44.9478683], [-110.4607335, 44.9477541], [-110.4603693, 44.9476308], [-110.4600045, 44.9475076], [-110.4596467, 44.9473979], [-110.4592902, 44.9473016], [-110.4589336, 44.9472234], [-110.4585722, 44.9471587], [-110.4582034, 44.947112], [-110.4578249, 44.9470967], [-110.4574313, 44.9470813], [-110.4570319, 44.9470884], [-110.4566363, 44.947118], [-110.4562327, 44.9471566], [-110.4558266, 44.9472042], [-110.4554134, 44.9472427], [-110.4549955, 44.9472857], [-110.4545815, 44.9473333], [-110.4541762, 44.9473763], [-110.4537844, 44.9474285], [-110.453653, 44.9474383], [-110.4534299, 44.9474583], [-110.453059, 44.9474745], [-110.452679, 44.9474412], [-110.4523089, 44.9473629], [-110.4519698, 44.9472127], [-110.4516887, 44.9470178], [-110.4514699, 44.9467872], [-110.4513234, 44.9465345], [-110.4512442, 44.9462775], [-110.4512782, 44.9460392], [-110.4513503, 44.9457874], [-110.4514628, 44.9455359], [-110.4515666, 44.9452844], [-110.4516214, 44.9450146], [-110.4516106, 44.94474], [-110.4515188, 44.944474], [-110.4513432, 44.9442031], [-110.4511269, 44.943959], [-110.4508714, 44.9437115], [-110.4506258, 44.9434673], [-110.4503778, 44.9432275], [-110.4501242, 44.9429877], [-110.4498737, 44.942748], [-110.4496297, 44.9425127], [-110.4493886, 44.942282], [-110.4491579, 44.9420514], [-110.4489178, 44.9418162], [-110.4486697, 44.9415764], [-110.4484158, 44.9413366], [-110.4479166, 44.940859], [-110.4476663, 44.9406199], [-110.4474216, 44.9403956], [-110.4471686, 44.9401655], [-110.4468868, 44.9399493], [-110.4466037, 44.9397274], [-110.4463144, 44.939501], [-110.4460148, 44.9392745], [-110.4457111, 44.9390479], [-110.44541, 44.9388259], [-110.4451047, 44.9386039], [-110.4447971, 44.9383864], [-110.4444911, 44.9381643], [-110.444189, 44.9379513], [-110.4438947, 44.9377383], [-110.4436061, 44.9375107], [-110.4433387, 44.9372824], [-110.4431509, 44.9370936], [-110.442996, 44.936918], [-110.4428817, 44.9367741], [-110.4428032, 44.936674], [-110.4426951, 44.9365185], [-110.4426156, 44.936392], [-110.4425291, 44.9362297], [-110.4424522, 44.9360474], [-110.442368, 44.93584], [-110.4423087, 44.9356119], [-110.4422666, 44.9353731], [-110.4422421, 44.9351209], [-110.4422336, 44.9348598], [-110.4422306, 44.9345943], [-110.4422316, 44.9343152], [-110.4422312, 44.9340316], [-110.4422286, 44.9337436], [-110.4422283, 44.9334465], [-110.4422312, 44.9331404], [-110.4422311, 44.9328299], [-110.4422372, 44.9325193], [-110.4422702, 44.9322179], [-110.4423427, 44.9319257], [-110.4424499, 44.9316517], [-110.4426219, 44.9313893], [-110.4428159, 44.9311407], [-110.443029, 44.9308987], [-110.4432388, 44.9306567], [-110.4434534, 44.9304102], [-110.4436729, 44.9301637], [-110.4439003, 44.9299083], [-110.4441386, 44.9296664], [-110.4443647, 44.9293839], [-110.4445994, 44.929115], [-110.4448324, 44.9288505], [-110.4450566, 44.9285984], [-110.4452922, 44.9283494], [-110.4455007, 44.928115], [-110.4457247, 44.9278711], [-110.4459219, 44.9276747], [-110.4461683, 44.9274405], [-110.4464441, 44.927205], [-110.446708, 44.9269929], [-110.4469613, 44.9267907], [-110.4471519, 44.9265849], [-110.4472387, 44.9264212], [-110.4472813, 44.9262922], [-110.4472621, 44.9260179], [-110.4471682, 44.9257782], [-110.4469988, 44.9255299], [-110.4467889, 44.9252813], [-110.4465673, 44.9250282], [-110.4463393, 44.9247705], [-110.4461121, 44.9245084], [-110.4458946, 44.9242418], [-110.445696, 44.9239662], [-110.4455484, 44.9236729], [-110.445419, 44.9233707], [-110.4452651, 44.9230774], [-110.4450697, 44.9228064], [-110.4448377, 44.9225532], [-110.4445755, 44.9223179], [-110.4442852, 44.9221095], [-110.444116, 44.9220057], [-110.4436361, 44.9217507], [-110.4432662, 44.9216004], [-110.4428628, 44.9214679], [-110.4424307, 44.9213667], [-110.4419791, 44.921297], [-110.4415163, 44.9212543], [-110.4412827, 44.9212486], [-110.4410142, 44.9212475], [-110.4406141, 44.9212723], [-110.4401836, 44.9213287], [-110.4397552, 44.9214032], [-110.4393213, 44.9214776], [-110.4388833, 44.9215609], [-110.4384423, 44.9216353], [-110.4379998, 44.9217006], [-110.4375628, 44.9217705], [-110.4371281, 44.9218448], [-110.436687, 44.9219192], [-110.4362428, 44.9219935], [-110.4358004, 44.9220588], [-110.4353663, 44.9221422], [-110.434949, 44.9222167], [-110.4345476, 44.9222957], [-110.4341642, 44.9223838], [-110.4338122, 44.9224946], [-110.4334682, 44.9226099], [-110.4331016, 44.9226936], [-110.43271, 44.9227346], [-110.4322983, 44.9227087], [-110.4318889, 44.9226159], [-110.4314733, 44.9224918], [-110.4310637, 44.9223772], [-110.4306469, 44.9222773], [-110.4302003, 44.922182], [-110.4293125, 44.9219975], [-110.4288729, 44.9219049], [-110.4284359, 44.9217942], [-110.4280112, 44.9216783], [-110.4275882, 44.9215459], [-110.4271789, 44.9214038], [-110.4267614, 44.9212667], [-110.4263462, 44.921125], [-110.4259294, 44.9209879], [-110.4255261, 44.9208464], [-110.425161, 44.9207005], [-110.424826, 44.9205368], [-110.4245279, 44.9203372], [-110.424264, 44.9201198], [-110.4240161, 44.9198935]]}, "properties": {"hgv": "no", "highway": "secondary", "lanes": "2", "maxspeed": "45 mph", "name": "Grand Loop Road", "nps:route_desc": "PRIMARY ROUTE", "source": "National Park Service", "surface": "asphalt", "unsigned_ref": "US 89 Alt;US 212", "osm_id": 103928079}}, {"type": "Feature", "geometry": {"type": "LineString", "coordinates": [[-110.4240161, 44.9198935], [-110.423772, 44.9196718], [-110.423535, 44.9194455], [-110.4232957, 44.9192238], [-110.4230565, 44.9189975], [-110.4228156, 44.9187757], [-110.4225669, 44.9185494], [-110.4222982, 44.9183275], [-110.4220002, 44.9181235], [-110.4216735, 44.9179328], [-110.4213244, 44.9177599], [-110.4209593, 44.9176051], [-110.4205789, 44.9174776], [-110.4201944, 44.9173542], [-110.4198296, 44.9172417], [-110.4196056, 44.9171683], [-110.4193594, 44.9170892], [-110.419068, 44.9170031], [-110.4186971, 44.9168797], [-110.4183277, 44.9167608], [-110.4179646, 44.9166509], [-110.4176124, 44.9165456], [-110.417258, 44.9164403], [-110.4168948, 44.9163304], [-110.4165333, 44.9162205], [-110.4162183, 44.9161289], [-110.4157677, 44.9159938], [-110.4140438, 44.9154205], [-110.4139571, 44.9153963], [-110.4132993, 44.9152039]]}, "properties": {"hgv": "no", "highway": "secondary", "lanes": "2", "maxspeed": "35 mph", "name": "Grand Loop Road", "nps:route_desc": "PRIMARY ROUTE", "source": "National Park Service", "surface": "asphalt", "unsigned_ref": "US 89 Alt;US 212", "osm_id": 103928090}}, {"type": "Feature", "geometry": {"type": "LineString", "coordinates": [[-110.4132993, 44.9152039], [-110.4129722, 44.9151006], [-110.4120883, 44.9148006]]}, "properties": {"hgv": "no", "highway": "secondary", "lanes": "2", "maxspeed": "35 mph", "name": "Grand Loop Road", "surface": "asphalt", "unsigned_ref": "US 89 Alt", "osm_id": 103928091}}, {"type": "Feature", "geometry": {"type": "LineString", "coordinates": [[-110.0092856, 45.0046567], [-110.00973, 45.0046412], [-110.0100926, 45.0046004], [-110.0103706, 45.0045437]]}, "properties": {"hgv": "no", "highway": "secondary", "lanes": "1", "maxspeed": "25 mph", "name": "Northeast Entrance Road", "oneway": "yes", "source": "Bing", "toll": "yes", "unsigned_ref": "US 212", "osm_id": 103997950}}, {"type": "Feature", "geometry": {"type": "LineString", "coordinates": [[-110.0092856, 45.0046567], [-110.0090388, 45.0046833], [-110.00878, 45.0046871], [-110.008607, 45.0046747], [-110.0083548, 45.0046605], [-110.008147, 45.0046359]]}, "properties": {"hgv": "no", "highway": "secondary", "maxspeed:backward": "25 mph", "maxspeed:forward": "45 mph", "name": "Northeast Entrance Road", "oneway": "no", "source": "National Park Service", "surface": "asphalt", "unsigned_ref": "US 212", "osm_id": 103997957}}, {"type": "Feature", "geometry": {"type": "LineString", "coordinates": [[-110.0111812, 45.0041773], [-110.0108356, 45.0042502], [-110.010801, 45.0042601], [-110.0106144, 45.0043146], [-110.0103498, 45.0043891]]}, "properties": {"hgv": "no", "highway": "secondary", "lanes": "1", "maxspeed": "25 mph", "name": "Northeast Entrance Road", "oneway": "yes", "source": "National Park Service", "surface": "asphalt", "unsigned_ref": "US 212", "osm_id": 103997965}}, {"type": "Feature", "geometry": {"type": "LineString", "coordinates": [[-110.4120883, 44.9148006], [-110.4118025, 44.9147136], [-110.4115239, 44.9146222], [-110.4112524, 44.9145352], [-110.410988, 44.9144529], [-110.41073, 44.9143525], [-110.410496, 44.9142478], [-110.4102778, 44.9141386], [-110.4100769, 44.9140341], [-110.4098801, 44.9139295], [-110.4096857, 44.913807], [-110.4094876, 44.9136754], [-110.4092792, 44.9135393], [-110.4090571, 44.9134122], [-110.4088113, 44.9132939], [-110.4085478, 44.9132025], [-110.408265, 44.9131335], [-110.4079679, 44.9130779], [-110.4076772, 44.9130282], [-110.4073699, 44.9129868], [-110.4070445, 44.9129446], [-110.4067195, 44.9129005], [-110.4064091, 44.9128487], [-110.4061175, 44.9127391], [-110.4058657, 44.9125879], [-110.4056831, 44.9123857], [-110.4055008, 44.9121758], [-110.4053481, 44.911957], [-110.4052009, 44.911742], [-110.4051191, 44.9115048], [-110.4051001, 44.9112655], [-110.4050502, 44.9109975], [-110.4049205, 44.9107653], [-110.4047208, 44.9105405], [-110.4044767, 44.9103322], [-110.4042057, 44.9101282], [-110.403926, 44.9099152], [-110.4036297, 44.9096976], [-110.4033248, 44.9094754], [-110.4030153, 44.9092443], [-110.4027025, 44.9090131], [-110.4023969, 44.9087819], [-110.4021161, 44.9085374], [-110.4018613, 44.908284], [-110.4016186, 44.9080262], [-110.4013767, 44.9077684], [-110.4011378, 44.9075106], [-110.4009109, 44.9072528], [-110.400691, 44.9070131], [-110.400494, 44.9067735], [-110.40032, 44.906525], [-110.4001157, 44.906228]]}, "properties": {"hgv": "no", "highway": "secondary", "lanes": "2", "maxspeed": "35 mph", "name": "Grand Loop Road", "nps:route_desc": "PRIMARY ROUTE", "source": "National Park Service", "surface": "asphalt", "unsigned_ref": "US 89 Alt", "osm_id": 104010570}}, {"type": "Feature", "geometry": {"type": "LineString", "coordinates": [[-110.7301794, 44.7597816], [-110.7302285, 44.7594706], [-110.7302518, 44.7593188], [-110.7302647, 44.7591651], [-110.7302574, 44.7590215], [-110.7302533, 44.7589095], [-110.7302155, 44.7587476], [-110.7301547, 44.7585874], [-110.7300812, 44.7584348], [-110.7300003, 44.7583124], [-110.7299063, 44.7582044], [-110.7297645, 44.7580643], [-110.7296489, 44.7579713], [-110.7294679, 44.7578386], [-110.7291416, 44.7576568], [-110.7289746, 44.7575519], [-110.7288372, 44.7574507], [-110.7287147, 44.7573384], [-110.7285598, 44.7571942], [-110.7285022, 44.7570956], [-110.7283597, 44.7568682], [-110.7281644, 44.756571], [-110.7279758, 44.7562819], [-110.7277766, 44.75597], [-110.7275756, 44.7556679], [-110.7273668, 44.7553624], [-110.727227, 44.7552058], [-110.7271036, 44.7550854], [-110.7269902, 44.7549827], [-110.7268467, 44.7548624], [-110.7266926, 44.7547542], [-110.7265632, 44.7546724], [-110.7263957, 44.7545766], [-110.7262671, 44.7545141], [-110.7261237, 44.7544452], [-110.7258441, 44.7543347], [-110.7254596, 44.7541556], [-110.7251602, 44.753989], [-110.7249621, 44.7539035], [-110.7247599, 44.7538443], [-110.7245398, 44.7537958], [-110.7243316, 44.7537368], [-110.7241576, 44.7536569], [-110.7239908, 44.7535567], [-110.7237944, 44.7533948], [-110.7236153, 44.7532838], [-110.723438, 44.7532074], [-110.7231766, 44.7531364], [-110.7229494, 44.7531052], [-110.7225233, 44.7530883], [-110.7221841, 44.753079], [-110.721965, 44.7530526], [-110.7217557, 44.7530052], [-110.7215104, 44.752926], [-110.7212949, 44.7528073], [-110.7211174, 44.7526574], [-110.7209994, 44.7524926], [-110.7209514, 44.752364], [-110.7209357, 44.7522211], [-110.7209644, 44.7518229], [-110.7209549, 44.7516844], [-110.7209028, 44.7514907], [-110.7207957, 44.7513271], [-110.7206677, 44.7511962], [-110.7205234, 44.7510923], [-110.72037, 44.7510102], [-110.7202397, 44.7509544], [-110.7200372, 44.7508919], [-110.7198002, 44.7508357], [-110.7194585, 44.7507746], [-110.7190996, 44.7507378], [-110.7186623, 44.7507252], [-110.7183076, 44.7507275], [-110.7179153, 44.7507484], [-110.7173781, 44.7507767], [-110.7170775, 44.7507843], [-110.7167911, 44.7507659], [-110.7165791, 44.7507421], [-110.7163573, 44.7506982], [-110.7161228, 44.7506336], [-110.7159009, 44.7505536], [-110.7156683, 44.7504423], [-110.715451, 44.7503106], [-110.7152594, 44.7501653], [-110.7151238, 44.750041], [-110.7150567, 44.7499621], [-110.7149643, 44.7498525], [-110.7148969, 44.7497349], [-110.7147736, 44.7495166], [-110.714627, 44.749222], [-110.7144785, 44.7489166], [-110.7143331, 44.7485966], [-110.7141891, 44.7482867], [-110.7140326, 44.7479675], [-110.7138906, 44.7476583], [-110.713743, 44.7473486], [-110.7135991, 44.7470417], [-110.7133797, 44.7465862], [-110.7132598, 44.7462919], [-110.7132182, 44.7460901], [-110.7132117, 44.7459162], [-110.7132316, 44.7457151], [-110.7132811, 44.7454659], [-110.7133386, 44.7451449], [-110.7133872, 44.7448151], [-110.713414, 44.744485], [-110.7133883, 44.7441563], [-110.7133593, 44.7440209], [-110.7133307, 44.7438231], [-110.7132896, 44.7436698], [-110.7132435, 44.7434943], [-110.713168, 44.7432977], [-110.7131223, 44.7431789], [-110.7130539, 44.7430414], [-110.7129742, 44.7428815], [-110.7128561, 44.7427019], [-110.712755, 44.7425561], [-110.7125786, 44.7423241], [-110.7124733, 44.7422077], [-110.7123199, 44.7420553], [-110.7121767, 44.7419295], [-110.7119705, 44.7417651], [-110.7117432, 44.7416098], [-110.711633, 44.7415425], [-110.7113769, 44.74141], [-110.7110449, 44.7412609], [-110.7106886, 44.7411399], [-110.7104373, 44.7410678], [-110.7100979, 44.7409996], [-110.7097163, 44.7409535], [-110.7093107, 44.7409355], [-110.7091126, 44.7409355], [-110.7088227, 44.740949], [-110.7085653, 44.7409689], [-110.7070405, 44.7410948], [-110.7056811, 44.7412238], [-110.7051822, 44.7412653], [-110.7045713, 44.7413225], [-110.7041251, 44.7413499], [-110.7038774, 44.7413389], [-110.7035072, 44.7412933], [-110.7032893, 44.7412596], [-110.7031102, 44.7412109], [-110.7027648, 44.7411052], [-110.7025756, 44.7410176], [-110.7022312, 44.7408465], [-110.7020753, 44.7407106], [-110.7019164, 44.7405984], [-110.7015179, 44.7401649], [-110.7008264, 44.7394393], [-110.7005977, 44.7392329], [-110.7004244, 44.7391085], [-110.7001792, 44.7389554], [-110.6999456, 44.7388294], [-110.6994415, 44.7385656]]}, "properties": {"hgv": "no", "highway": "secondary", "lanes": "2", "maxspeed": "35 mph", "name": "Grand Loop Road", "nps:route_desc": "PRIMARY ROUTE", "source": "National Park Service", "surface": "asphalt", "unsigned_ref": "US 89", "osm_id": 104032593}}, {"type": "Feature", "geometry": {"type": "LineString", "coordinates": [[-110.7289625, 44.8244693], [-110.7289242, 44.8245945], [-110.7288956, 44.8246777], [-110.7288225, 44.8248113], [-110.7285246, 44.8253184], [-110.7283867, 44.8255137], [-110.7283257, 44.8256676], [-110.7282591, 44.825805], [-110.7281985, 44.8260604], [-110.7281395, 44.8263552], [-110.7280927, 44.8266847], [-110.7279534, 44.827534], [-110.7278668, 44.8283769], [-110.7278525, 44.8286083], [-110.7278507, 44.8292313], [-110.7278382, 44.8294195], [-110.7278509, 44.829629], [-110.7279346, 44.8303678], [-110.7280094, 44.8307168], [-110.7281299, 44.8312007], [-110.7282576, 44.8316239], [-110.7283311, 44.8318209], [-110.7283987, 44.8320611], [-110.7285749, 44.8324591], [-110.7287022, 44.8327451], [-110.7288433, 44.8330553], [-110.7290392, 44.8333922], [-110.7292077, 44.8336744], [-110.729378, 44.8339389], [-110.7296308, 44.834324], [-110.7298996, 44.8347132], [-110.730165, 44.8350919], [-110.7304007, 44.8354209], [-110.7309192, 44.8361795], [-110.7318083, 44.8375273], [-110.7321601, 44.8379907], [-110.7322451, 44.8381309], [-110.7323136, 44.8382695], [-110.7323617, 44.8383862], [-110.7324301, 44.8385588], [-110.7324648, 44.8387034], [-110.7324808, 44.8388518], [-110.7324898, 44.8389907], [-110.7325319, 44.8401224], [-110.7325744, 44.8403187], [-110.7325906, 44.8404127], [-110.7326228, 44.8405297], [-110.7326601, 44.8407089], [-110.732734, 44.8408703], [-110.7328075, 44.8410267], [-110.7328648, 44.8411678], [-110.732967, 44.8413851], [-110.7332359, 44.8419012], [-110.7334631, 44.8423601], [-110.7336203, 44.8426633], [-110.7336536, 44.8427274], [-110.7341321, 44.8436929], [-110.7343874, 44.8441866], [-110.7346975, 44.8448545], [-110.7348757, 44.8451738], [-110.7349893, 44.8454554], [-110.7350675, 44.845667], [-110.7351463, 44.8459402], [-110.7351959, 44.8462651], [-110.7352718, 44.8466304], [-110.7353238, 44.8469799], [-110.7354598, 44.8480185], [-110.7355694, 44.8487872], [-110.7356913, 44.8496628], [-110.735801, 44.8504696], [-110.7358863, 44.8512291], [-110.735914, 44.8515311], [-110.7359301, 44.8517903], [-110.7359373, 44.8519873], [-110.7359444, 44.8524524], [-110.7359391, 44.8526685], [-110.7359291, 44.8528919], [-110.7359086, 44.853126], [-110.7358602, 44.853647], [-110.7358369, 44.8538554], [-110.7357867, 44.8541413], [-110.7357544, 44.8543192], [-110.7357222, 44.8544819], [-110.7356863, 44.8547996], [-110.7356487, 44.8551961], [-110.7355841, 44.8556053], [-110.7354963, 44.8559948], [-110.735455, 44.8563297], [-110.7354469, 44.8565126], [-110.7354446, 44.856646], [-110.7354448, 44.8567615], [-110.7354442, 44.8571422], [-110.7354546, 44.8572601], [-110.7354749, 44.8574175], [-110.7354896, 44.8576011], [-110.7355293, 44.8578203], [-110.7356369, 44.858287], [-110.7357334, 44.858662], [-110.7359774, 44.8596539], [-110.7360113, 44.859834], [-110.7362907, 44.8609047], [-110.7368603, 44.8630875], [-110.7370709, 44.8639458], [-110.7371426, 44.8641471], [-110.7371737, 44.8643808], [-110.7372129, 44.8646515], [-110.737281, 44.865594], [-110.7373172, 44.8659935], [-110.7373663, 44.8663032], [-110.7374606, 44.8667229], [-110.737582, 44.8671769], [-110.7378416, 44.8681542], [-110.738363, 44.8701637], [-110.738406, 44.8703739], [-110.7384288, 44.8705625], [-110.7384365, 44.8707654], [-110.738421, 44.8709916], [-110.7384022, 44.8711377], [-110.7383521, 44.8713328], [-110.738308, 44.871467], [-110.7382558, 44.8715977], [-110.7381987, 44.8717307], [-110.7381013, 44.8719625], [-110.7376726, 44.8729692], [-110.7369093, 44.8747416], [-110.7367804, 44.8750526], [-110.7367441, 44.8751662], [-110.7366953, 44.8753664], [-110.7366663, 44.8755426], [-110.7366465, 44.8756899], [-110.7366572, 44.8758368], [-110.7366679, 44.8760064], [-110.7367269, 44.8767982], [-110.7367338, 44.876978], [-110.7367515, 44.8771951], [-110.7367301, 44.8774139], [-110.7366802, 44.8776184], [-110.7366155, 44.8777648], [-110.7365274, 44.8779799], [-110.7364281, 44.8781658], [-110.7363315, 44.8782944], [-110.7361961, 44.8784552], [-110.73601, 44.8786599], [-110.7357293, 44.8789514], [-110.7349964, 44.8797066], [-110.7341316, 44.880601], [-110.7337968, 44.8809233], [-110.7333806, 44.8813731]]}, "properties": {"hgv": "no", "highway": "secondary", "lanes": "2", "maxspeed": "45 mph", "name": "Grand Loop Road", "source": "TIGER;Bing", "surface": "asphalt", "unsigned_ref": "US 89", "osm_id": 104032629}}, {"type": "Feature", "geometry": {"type": "LineString", "coordinates": [[-110.698917, 44.738242], [-110.6986754, 44.7380562]]}, "properties": {"bridge": "yes", "hgv": "no", "highway": "secondary", "lanes": "2", "layer": "1", "maxspeed": "35 mph", "name": "Grand Loop Road", "nps:route_desc": "PRIMARY ROUTE", "source": "National Park Service", "surface": "asphalt", "unsigned_ref": "US 89", "osm_id": 104032656}}, {"type": "Feature", "geometry": {"type": "LineString", "coordinates": [[-110.6986754, 44.7380562], [-110.698523, 44.7379235], [-110.6984183, 44.7378141], [-110.6983266, 44.7377124], [-110.6982058, 44.7375626]]}, "properties": {"hgv": "no", "highway": "secondary", "lanes": "2", "maxspeed": "35 mph", "name": "Grand Loop Road", "nps:route_desc": "PRIMARY ROUTE", "source": "National Park Service", "surface": "asphalt", "unsigned_ref": "US 89", "osm_id": 104032664}}, {"type": "Feature", "geometry": {"type": "LineString", "coordinates": [[-110.7038407, 44.9734483], [-110.7037967, 44.9731601], [-110.7037603, 44.9729124], [-110.703714, 44.9726611], [-110.7036626, 44.972408], [-110.7035803, 44.9721558], [-110.7034642, 44.9719169], [-110.7033524, 44.9717463], [-110.7033164, 44.9716915], [-110.7030895, 44.9713743], [-110.7028829, 44.9711033], [-110.7026406, 44.970785], [-110.7024698, 44.9705595], [-110.7023127, 44.9703431], [-110.7021771, 44.9701402], [-110.702007, 44.96981], [-110.7018594, 44.9695047], [-110.70174, 44.969206]]}, "properties": {"hgv": "no", "highway": "secondary", "lanes": "2", "maxspeed": "25 mph", "name": "Grand Loop Road", "nps:route_desc": "PRIMARY ROUTE", "parking:both": "no", "source": "National Park Service", "surface": "asphalt", "unsigned_ref": "US 89", "osm_id": 104032666}}, {"type": "Feature", "geometry": {"type": "LineString", "coordinates": [[-110.6965541, 44.727366], [-110.6963883, 44.7273514], [-110.6963524, 44.7273479], [-110.6961538, 44.7273254], [-110.6957899, 44.7272912], [-110.6953439, 44.7272421], [-110.694724, 44.7271838], [-110.6941886, 44.7271245], [-110.6937955, 44.7270798], [-110.6934581, 44.7270237], [-110.6931579, 44.7269808], [-110.6929401, 44.7269359], [-110.6926792, 44.7268793], [-110.6923837, 44.726807], [-110.6920868, 44.7267292], [-110.6916385, 44.7265983], [-110.691323, 44.726517], [-110.6909109, 44.7264554], [-110.6905994, 44.726434], [-110.6903057, 44.7264363], [-110.6898999, 44.7264522], [-110.6894967, 44.726512], [-110.689085, 44.7265976], [-110.6887333, 44.7266719], [-110.6881973, 44.7267846], [-110.6877167, 44.7268876], [-110.6874231, 44.7269436], [-110.6871232, 44.7269959], [-110.6869003, 44.727005], [-110.6866516, 44.7270141], [-110.6863759, 44.7270133], [-110.6862398, 44.7270023], [-110.6859494, 44.7269863]]}, "properties": {"hgv": "no", "highway": "secondary", "loc_ref": "US 20", "maxspeed": "35 mph", "name": "Norris-Canyon Road", "nps:route_desc": "PRIMARY ROUTE", "source": "National Park Service", "source:name": "https://www.nps.gov/yell/planyourvisit/maps.htm", "osm_id": 104206429}}, {"type": "Feature", "geometry": {"type": "LineString", "coordinates": [[-110.5982744, 44.3202566], [-110.5983894, 44.3199329], [-110.5984911, 44.3196227], [-110.5985879, 44.3193349], [-110.5986971, 44.3190652], [-110.5987796, 44.3188134], [-110.5988734, 44.3185977], [-110.5989494, 44.3183773], [-110.5990222, 44.318175], [-110.5991975, 44.3176445], [-110.5992493, 44.3175051], [-110.5992884, 44.3173972], [-110.5994457, 44.3169385]]}, "properties": {"hgv": "no", "highway": "secondary", "maxspeed": "45 mph", "name": "South Entrance Road", "nps:route_desc": "PRIMARY ROUTE", "source": "National Park Service", "unsigned_ref": "US 89;US 191;US 287", "osm_id": 104736458}}, {"type": "Feature", "geometry": {"type": "LineString", "coordinates": [[-110.5785426, 44.4140525], [-110.5781479, 44.4136587], [-110.5779138, 44.4134251], [-110.5775167, 44.4130344], [-110.5767039, 44.4121886], [-110.5759622, 44.4114206]]}, "properties": {"hgv": "no", "highway": "secondary", "maxspeed": "35 mph", "name": "South Entrance Road", "nps:route_desc": "PRIMARY ROUTE", "shoulder": "yes", "source": "National Park Service", "unsigned_ref": "US 89;US 191;US 287", "osm_id": 104740918}}, {"type": "Feature", "geometry": {"type": "LineString", "coordinates": [[-110.450856, 44.6362512], [-110.4505782, 44.6360207], [-110.4502276, 44.6357669], [-110.4498399, 44.635531], [-110.4486303, 44.6349355], [-110.448259, 44.6347131], [-110.4479185, 44.6344639], [-110.4476225, 44.6341834], [-110.4467189, 44.6329277], [-110.4465032, 44.6326476], [-110.4462718, 44.6323674], [-110.4460009, 44.6321005], [-110.4456968, 44.6318514], [-110.4453633, 44.6316292], [-110.4450037, 44.6314069], [-110.4446435, 44.6311711], [-110.4442674, 44.6309532], [-110.4438546, 44.6307667], [-110.4434148, 44.6306115], [-110.4429456, 44.6304922], [-110.4424672, 44.6304268], [-110.4420002, 44.630402], [-110.4410542, 44.6304469], [-110.4405869, 44.6304581], [-110.4401467, 44.6304468], [-110.4396915, 44.6303952], [-110.4392301, 44.6302939], [-110.4387939, 44.6301703], [-110.4383762, 44.6300197], [-110.4375761, 44.6297186], [-110.4363827, 44.6292851], [-110.4358294, 44.6290618]]}, "properties": {"hgv": "no", "highway": "secondary", "lanes": "2", "loc_ref": "US 20;US 89 ALT", "maxspeed": "45 mph", "name": "Grand Loop Road", "nps:route_desc": "PRIMARY ROUTE", "source": "National Park Service", "surface": "asphalt", "osm_id": 104828626}}, {"type": "Feature", "geometry": {"type": "LineString", "coordinates": [[-110.4351672, 44.5317875], [-110.4353899, 44.5314266], [-110.4357221, 44.5309061], [-110.4359532, 44.530522], [-110.4360524, 44.5303541], [-110.4361906, 44.5300577], [-110.4363083, 44.5297567], [-110.4364104, 44.5294511], [-110.4364504, 44.5292737], [-110.4364826, 44.5291364], [-110.4365611, 44.5283355], [-110.43658, 44.527845], [-110.4365997, 44.5275165], [-110.4366422, 44.5271791], [-110.4367124, 44.5268418], [-110.4368958, 44.5261675], [-110.4369676, 44.5258213], [-110.4369765, 44.5254657], [-110.4369028, 44.5251187], [-110.4367417, 44.5247803], [-110.4364922, 44.524464], [-110.4361638, 44.5241788], [-110.4357746, 44.5239293], [-110.4353281, 44.5237381], [-110.434838, 44.5235916], [-110.4343292, 44.5235035], [-110.4337951, 44.5234712], [-110.4332817, 44.5234692], [-110.4327477, 44.5234877], [-110.432185, 44.5234664], [-110.431931, 44.5234389], [-110.4317015, 44.5233918], [-110.4314348, 44.5233203], [-110.4311641, 44.5232275], [-110.4308031, 44.5230458], [-110.4306006, 44.5229034], [-110.4304083, 44.5227365], [-110.4302026, 44.5225152], [-110.4299893, 44.5222036], [-110.4298376, 44.5218787], [-110.4296129, 44.5212114], [-110.4294768, 44.5208866], [-110.4292959, 44.5205751], [-110.4290532, 44.5202948], [-110.4287388, 44.5200322], [-110.4283564, 44.5198187], [-110.4274764, 44.5194902], [-110.4270148, 44.5193259], [-110.4251831, 44.518691], [-110.4247536, 44.5184547], [-110.4243843, 44.5181828], [-110.4237276, 44.5175493], [-110.4233452, 44.5172548], [-110.4229183, 44.5170005], [-110.4224409, 44.5168451], [-110.4219104, 44.5167389], [-110.4213583, 44.5166596], [-110.4208277, 44.5165533], [-110.4203371, 44.5163843], [-110.419903, 44.5161525], [-110.4195426, 44.5158626], [-110.4190511, 44.5153654], [-110.418009, 44.5142073], [-110.4177434, 44.5138684], [-110.4175568, 44.5135073], [-110.4174803, 44.5131243], [-110.4175149, 44.5127328], [-110.4176336, 44.5123463], [-110.4182145, 44.5108729], [-110.4183257, 44.5105133], [-110.418506, 44.509785], [-110.4186251, 44.5094345], [-110.418796, 44.5090888], [-110.4192523, 44.5084294], [-110.4199088, 44.5073974], [-110.4203044, 44.5066792], [-110.4207075, 44.5059881], [-110.4212926, 44.5049467], [-110.421473, 44.5045965], [-110.4216195, 44.5042417], [-110.4217238, 44.5038731], [-110.4217772, 44.5034862], [-110.4217692, 44.5030991], [-110.4217031, 44.5027071], [-110.4214694, 44.5019317], [-110.4209808, 44.5003808], [-110.4204, 44.4984512], [-110.4203289, 44.4981763], [-110.4203001, 44.4980636], [-110.4202512, 44.4976898], [-110.4202996, 44.4973209], [-110.4204501, 44.4969705], [-110.4206726, 44.4966431], [-110.4209141, 44.4963202], [-110.4211525, 44.4959793], [-110.4214133, 44.4956835], [-110.4224099, 44.4944327], [-110.42267, 44.4941279], [-110.4231621, 44.4934777], [-110.4234192, 44.4931549], [-110.4236912, 44.4928367], [-110.4240114, 44.4925637], [-110.4243934, 44.4923361], [-110.4248228, 44.4921537], [-110.425737, 44.4918387], [-110.426186, 44.4916564], [-110.4265893, 44.4914198], [-110.4269378, 44.491147], [-110.4272355, 44.4908424], [-110.4278068, 44.4902241], [-110.4283841, 44.4896238], [-110.4293692, 44.4887149], [-110.4304359, 44.487829], [-110.4315053, 44.4869701], [-110.4318288, 44.4866791], [-110.4321157, 44.4863609], [-110.4323611, 44.48602], [-110.4328309, 44.4853157], [-110.4331037, 44.4849794], [-110.4334102, 44.4846613], [-110.4353664, 44.4827984], [-110.4356972, 44.4824805], [-110.4360257, 44.482149], [-110.4363707, 44.4818266], [-110.4397745, 44.4785574], [-110.4401271, 44.478253], [-110.440507, 44.4779713], [-110.4409049, 44.4777031], [-110.4413191, 44.4774531], [-110.4417521, 44.4772076], [-110.4422046, 44.4769803], [-110.442682, 44.476771], [-110.4431766, 44.4765799], [-110.4436844, 44.4763978], [-110.4442133, 44.4762338], [-110.4470491, 44.4754463], [-110.4476265, 44.4752961], [-110.4493166, 44.4748271], [-110.4498656, 44.4746812], [-110.450935, 44.4743758], [-110.4514521, 44.4742027], [-110.4519559, 44.4740161], [-110.4534375, 44.4734065], [-110.4549214, 44.4727834], [-110.4558802, 44.4723513], [-110.4563044, 44.4721057], [-110.4566702, 44.4718239], [-110.4569865, 44.4715103], [-110.4572645, 44.471201], [-110.4575221, 44.4708692], [-110.4578167, 44.4705465], [-110.4581666, 44.47026], [-110.4585563, 44.4700098], [-110.4589841, 44.4698093], [-110.4594491, 44.4696539], [-110.4599365, 44.4695437], [-110.4604479, 44.4694831], [-110.4609744, 44.4694721], [-110.4615149, 44.4694791], [-110.4620575, 44.4694412], [-110.4625863, 44.4693626], [-110.4630904, 44.4692345], [-110.4635542, 44.4690431], [-110.4639718, 44.4688245], [-110.4647205, 44.4683283], [-110.4651139, 44.4680916], [-110.4655573, 44.4678956], [-110.4660403, 44.4677448], [-110.4665456, 44.4676482], [-110.4675865, 44.467509], [-110.4681111, 44.4674529], [-110.4686204, 44.4673517], [-110.4691096, 44.4672145], [-110.4695528, 44.467032], [-110.470199, 44.4667379], [-110.4704236, 44.4666534], [-110.4713354, 44.466374], [-110.4718079, 44.4662502], [-110.4722603, 44.4660947], [-110.4727049, 44.4659257], [-110.4731373, 44.4657297], [-110.4735464, 44.4655065], [-110.4739359, 44.4652652], [-110.4761645, 44.4636324], [-110.4765448, 44.4633776], [-110.4769531, 44.4631409], [-110.4773872, 44.4629178], [-110.4778393, 44.4627173], [-110.4787426, 44.4622983], [-110.4796235, 44.4618387], [-110.4800202, 44.4615749], [-110.4803708, 44.4612884], [-110.4810047, 44.4606836], [-110.4813412, 44.4603835], [-110.4816989, 44.4600881], [-110.4821002, 44.4598468], [-110.4830062, 44.4594773], [-110.48349, 44.459313], [-110.4839784, 44.4591621], [-110.4842841, 44.4590627], [-110.4849313, 44.4588108], [-110.4869039, 44.4581085], [-110.4874059, 44.4579352], [-110.4879092, 44.4577889], [-110.4889431, 44.4574244], [-110.4899873, 44.4570419], [-110.4910183, 44.4566504], [-110.4919852, 44.4562271], [-110.4924522, 44.4560041], [-110.4933549, 44.45554], [-110.4951009, 44.4545799], [-110.4955444, 44.4543478], [-110.4959941, 44.4541247], [-110.4964672, 44.4539242], [-110.4969636, 44.4537418], [-110.4974747, 44.4536001], [-110.4979878, 44.4534988], [-110.4999775, 44.4530484], [-110.5004795, 44.452947], [-110.500986, 44.4528727], [-110.5014978, 44.4528344], [-110.5021997, 44.4528488], [-110.5030288, 44.4529266], [-110.503519, 44.4530233], [-110.5039924, 44.4531559], [-110.5045398, 44.4533639], [-110.5048684, 44.4535018], [-110.505272, 44.4537106], [-110.505648, 44.4539418], [-110.506761, 44.4546984], [-110.5071264, 44.4549655], [-110.5074539, 44.455255], [-110.5077341, 44.4555713], [-110.5079567, 44.4559144], [-110.5082164, 44.4564854], [-110.5085107, 44.4573465], [-110.5090454, 44.458827], [-110.5091884, 44.4591967], [-110.5093623, 44.4595531], [-110.5095935, 44.4598872], [-110.5098951, 44.4601945], [-110.5102573, 44.4604662], [-110.5106559, 44.4607155], [-110.5118817, 44.4614409], [-110.5122829, 44.4616812], [-110.5126681, 44.4619304], [-110.5130399, 44.4621976], [-110.5134013, 44.4624782], [-110.5137516, 44.4627723], [-110.5140925, 44.4630709], [-110.5143554, 44.4633655], [-110.5150323, 44.4640156], [-110.5153194, 44.46435], [-110.5155954, 44.4647022], [-110.515854, 44.4650634], [-110.5160962, 44.4654291], [-110.5163155, 44.4657991], [-110.5166942, 44.4665525], [-110.5168656, 44.4669313], [-110.5173528, 44.4680677], [-110.5175391, 44.4684421], [-110.5177648, 44.4688032], [-110.5180471, 44.4691465], [-110.5183871, 44.469463], [-110.5187706, 44.4697482], [-110.5191905, 44.4699976], [-110.5200787, 44.4704514], [-110.5205334, 44.4706739], [-110.5214391, 44.4711008], [-110.5244774, 44.472599], [-110.5249101, 44.4728168], [-110.5250672, 44.4729125], [-110.5253177, 44.4730571], [-110.5256886, 44.4733287], [-110.5260092, 44.4736317], [-110.5262824, 44.4739614], [-110.5263846, 44.4741292], [-110.5264995, 44.4743179], [-110.5266576, 44.4746922], [-110.5268008, 44.4750709], [-110.5271307, 44.475876], [-110.527334, 44.4761794], [-110.5276166, 44.4764806], [-110.5279788, 44.4767422], [-110.5284004, 44.4769463], [-110.5289022, 44.4770925], [-110.5293514, 44.4771849], [-110.5298476, 44.4772586], [-110.5303854, 44.4773077], [-110.5309234, 44.4773369], [-110.5314728, 44.4773428], [-110.5320471, 44.4773351], [-110.5326057, 44.4773055], [-110.5336806, 44.4772448], [-110.5347619, 44.4771787], [-110.5358186, 44.4771164], [-110.5372539, 44.4770217], [-110.5379068, 44.4769786], [-110.5384934, 44.4769742], [-110.538774, 44.4769845], [-110.5391434, 44.4770203], [-110.5394789, 44.4770795], [-110.5399382, 44.4771985], [-110.5404255, 44.4773561], [-110.541135, 44.4775277], [-110.5413926, 44.4775734], [-110.541677, 44.4776031], [-110.5419903, 44.4775928], [-110.5423256, 44.4775655], [-110.5426244, 44.4775146], [-110.5428991, 44.4774457], [-110.5430645, 44.4773942], [-110.5433799, 44.4772957], [-110.5435097, 44.4772488], [-110.5448771, 44.47678], [-110.5458354, 44.4764572], [-110.5463228, 44.476289], [-110.5472104, 44.4759693], [-110.5476792, 44.4757686], [-110.5481259, 44.4756656], [-110.5486309, 44.4755682], [-110.5491385, 44.475478], [-110.5496123, 44.4753789], [-110.5500187, 44.4752496], [-110.550305, 44.4751396], [-110.5505165, 44.4750188], [-110.550714, 44.4748802], [-110.5509265, 44.4747237], [-110.5512008, 44.4745118], [-110.5515674, 44.4742108], [-110.551925, 44.4739081], [-110.552637, 44.4733037], [-110.553295, 44.4727602], [-110.5536434, 44.472474], [-110.5539384, 44.4722202], [-110.5542026, 44.4719257], [-110.5544299, 44.4716055], [-110.5546093, 44.4712845], [-110.5547385, 44.4709339], [-110.5548018, 44.470574], [-110.5548234, 44.470214], [-110.5548844, 44.4691069], [-110.5548818, 44.4687288], [-110.5548452, 44.468364], [-110.55471, 44.4676433], [-110.554668, 44.467292], [-110.5546565, 44.4669454], [-110.5546999, 44.4666124], [-110.5547833, 44.4662797], [-110.5548935, 44.4659515], [-110.5550467, 44.465637], [-110.5554089, 44.4650082], [-110.5555789, 44.4646803], [-110.5557111, 44.4643342], [-110.5557987, 44.4639744], [-110.5558298, 44.4636054], [-110.5558278, 44.4632408], [-110.5557528, 44.4621467], [-110.5557179, 44.4617819], [-110.5557063, 44.4614308], [-110.5557106, 44.4610797], [-110.5557753, 44.4607423], [-110.5558925, 44.4604097], [-110.5560882, 44.4600908], [-110.5563419, 44.4597947], [-110.5566409, 44.4595123], [-110.557625, 44.4587194], [-110.557935, 44.458446], [-110.5582067, 44.4581544], [-110.5584408, 44.4578447], [-110.5586609, 44.457517], [-110.5592669, 44.456547], [-110.5594562, 44.4562282], [-110.559662, 44.4559184], [-110.5599007, 44.4556267], [-110.5601872, 44.4553532], [-110.5605149, 44.4551114], [-110.5612606, 44.4546776], [-110.5616446, 44.454472], [-110.5627548, 44.4538281], [-110.5631045, 44.4536044], [-110.563401, 44.4533444], [-110.5636474, 44.4530573], [-110.5638406, 44.4527474], [-110.5639561, 44.4524238], [-110.5639948, 44.4520953], [-110.5639878, 44.4517667], [-110.5639368, 44.4514424], [-110.5637357, 44.4508024], [-110.5636005, 44.4504868], [-110.5629614, 44.449197], [-110.562817, 44.4488588], [-110.5627089, 44.4485118], [-110.5626707, 44.4481515], [-110.5626891, 44.447787], [-110.5627578, 44.4474271], [-110.5628736, 44.447063], [-110.5630717, 44.4467216], [-110.5633021, 44.4463849], [-110.5635981, 44.4460664], [-110.5639475, 44.4457797], [-110.5643461, 44.4455201], [-110.5647837, 44.4452922], [-110.5652447, 44.4450914], [-110.5656955, 44.444877], [-110.5661366, 44.4446536], [-110.5665194, 44.4443788], [-110.5668059, 44.444069], [-110.5670282, 44.4437342], [-110.5672204, 44.4433928], [-110.5674368, 44.4430687], [-110.567692, 44.4427738], [-110.5679626, 44.4425298], [-110.5682818, 44.4422785], [-110.5685897, 44.4420769], [-110.5689577, 44.4418831], [-110.5693989, 44.4416997], [-110.5698558, 44.4415441], [-110.5720821, 44.4408724], [-110.5725321, 44.4407615], [-110.5729868, 44.4406732], [-110.5738728, 44.440506], [-110.5743061, 44.4404049], [-110.5747495, 44.4402719], [-110.5751947, 44.4401008], [-110.5756305, 44.4399043], [-110.5760514, 44.4396853], [-110.5776011, 44.4386827], [-110.5783684, 44.4382444], [-110.5799311, 44.4374039], [-110.5803293, 44.4371803], [-110.5807275, 44.4369432], [-110.5811299, 44.4366926], [-110.5815213, 44.4364285], [-110.5822901, 44.4358776], [-110.5829281, 44.4353947], [-110.5829399, 44.4353846], [-110.5833571, 44.4350262], [-110.5836804, 44.4347348], [-110.5839786, 44.4344388], [-110.5842454, 44.4341292], [-110.5844802, 44.4338014], [-110.584682, 44.4334601], [-110.5848542, 44.4331051], [-110.5849949, 44.4327455], [-110.5851036, 44.4323723], [-110.5851722, 44.4319944], [-110.5851969, 44.4316164], [-110.5851855, 44.4312427], [-110.5851409, 44.4308779], [-110.585057, 44.4305265], [-110.5849393, 44.4301885], [-110.584779, 44.4298593], [-110.5845763, 44.4295435], [-110.5843297, 44.429232], [-110.5840098, 44.4289453], [-110.5836544, 44.4286579], [-110.5832486, 44.4284134], [-110.5828718, 44.4282335], [-110.5824133, 44.4280481], [-110.5819469, 44.4278985], [-110.5814231, 44.4277937], [-110.5809983, 44.4277199], [-110.5795223, 44.4275826], [-110.579039, 44.4275218], [-110.5785977, 44.4274507], [-110.5781273, 44.4273455], [-110.57771, 44.4271866], [-110.5773582, 44.4270089], [-110.57699, 44.426793], [-110.5767287, 44.4265865], [-110.5765745, 44.4264478], [-110.5764186, 44.4262809], [-110.5762411, 44.4260265], [-110.5761356, 44.42586], [-110.5760593, 44.4257026], [-110.5759092, 44.4253825], [-110.5757028, 44.4249], [-110.5754842, 44.4244049], [-110.5753085, 44.4240045], [-110.5750868, 44.4234419], [-110.5744301, 44.4218852], [-110.5740627, 44.4210106], [-110.5738787, 44.4204967], [-110.5737316, 44.4200055], [-110.5736682, 44.4197487], [-110.5735621, 44.4192306], [-110.5735287, 44.4189649], [-110.5735118, 44.4186993], [-110.5735248, 44.4184337], [-110.5736262, 44.4180894]]}, "properties": {"hgv": "no", "highway": "secondary", "maxspeed": "45 mph", "name": "Grand Loop Road", "nps:route_desc": "PRIMARY ROUTE", "source": "National Park Service", "unsigned_ref": "US 14;US 16;US 20 Alt;US 89 Alt", "osm_id": 104836107}}, {"type": "Feature", "geometry": {"type": "LineString", "coordinates": [[-110.4347986, 44.5323802], [-110.4351672, 44.5317875]]}, "properties": {"bridge": "yes", "hgv": "no", "highway": "secondary", "layer": "1", "maxspeed": "45 mph", "name": "Grand Loop Road", "nps:route_desc": "PRIMARY ROUTE", "source": "National Park Service", "unsigned_ref": "US 14;US 16;US 20 Alt;US 89 Alt", "osm_id": 104836395}}, {"type": "Feature", "geometry": {"type": "LineString", "coordinates": [[-110.0003102, 44.4903031], [-110.0007458, 44.4900435], [-110.0012967, 44.4897339], [-110.0016813, 44.4894857], [-110.0019543, 44.4893156], [-110.0021482, 44.4892174], [-110.0023823, 44.4890885]]}, "properties": {"NHS": "yes", "hgv": "no", "highway": "primary", "lanes": "2", "maxspeed": "40 mph", "name": "North Fork Highway", "nps:route_desc": "PRIMARY ROUTE", "ref": "US 14;US 16;US 20", "source": "Bing imagery;National Park Service", "osm_id": 104849073}}, {"type": "Feature", "geometry": {"type": "LineString", "coordinates": [[-110.3605642, 44.5600455], [-110.3552044, 44.5585109]]}, "properties": {"bridge": "yes", "hgv": "no", "highway": "secondary", "lanes": "2", "layer": "1", "loc_ref": "US 14;US 16;US 20", "maxspeed": "45 mph", "name": "East Entrance Road", "nps:route_desc": "PRIMARY ROUTE", "source": "National Park Service", "surface": "asphalt", "osm_id": 104849081}}, {"type": "Feature", "geometry": {"type": "LineString", "coordinates": [[-110.1956263, 44.5041133], [-110.1955697, 44.5039915]]}, "properties": {"bridge": "yes", "hgv": "no", "highway": "secondary", "lanes": "2", "layer": "1", "loc_ref": "US 14;US 16;US 20", "maxspeed": "45 mph", "maxspeed:advisory": "25 mph", "name": "East Entrance Road", "nps:route_desc": "PRIMARY ROUTE", "source": "National Park Service", "surface": "asphalt", "osm_id": 104849096}}, {"type": "Feature", "geometry": {"type": "LineString", "coordinates": [[-110.3879801, 44.5679863], [-110.3881901, 44.5680648], [-110.3883146, 44.5681054]]}, "properties": {"hgv": "no", "highway": "secondary", "lanes": "3", "loc_ref": "US 14;US 16", "maxspeed": "35 mph", "name": "East Entrance Road", "nps:route_desc": "PRIMARY ROUTE", "source": "National Park Service", "surface": "asphalt", "osm_id": 104849103}}, {"type": "Feature", "geometry": {"type": "LineString", "coordinates": [[-110.1980683, 44.4955426], [-110.1984216, 44.4949259], [-110.1985905, 44.494585], [-110.1987258, 44.4942393], [-110.19882, 44.4938979], [-110.1988838, 44.4932006], [-110.1988674, 44.4928494], [-110.1988173, 44.4924889], [-110.1987263, 44.4921327], [-110.1986005, 44.4917897], [-110.19844, 44.4914555], [-110.1982517, 44.491139], [-110.1980527, 44.4908631], [-110.1979552, 44.4907626], [-110.1978131, 44.4906468], [-110.197636, 44.4905559], [-110.1974577, 44.4904851], [-110.1972109, 44.4904153], [-110.1963982, 44.4902727], [-110.195784, 44.4901828], [-110.1950651, 44.4900996], [-110.1942377, 44.490024], [-110.1932466, 44.4899752], [-110.19256, 44.4899197], [-110.1923105, 44.489891], [-110.1919633, 44.4898148], [-110.1909204, 44.4895839], [-110.1898773, 44.4894624], [-110.189333, 44.4894316], [-110.1887787, 44.4894366], [-110.1882211, 44.4894372], [-110.1860204, 44.4894196], [-110.1848801, 44.4894745], [-110.18439, 44.4894854], [-110.1840024, 44.489494], [-110.1837355, 44.4895083], [-110.183014, 44.4896231], [-110.1827458, 44.4896538], [-110.1823166, 44.4896595], [-110.1784945, 44.4896404], [-110.1782075, 44.4896346], [-110.1780143, 44.4896174], [-110.1770903, 44.4895036], [-110.1768382, 44.4894844], [-110.1759249, 44.4894835], [-110.1756205, 44.4894682], [-110.1753911, 44.4894366], [-110.1749901, 44.4893562], [-110.1744644, 44.4892567], [-110.1742351, 44.4892299], [-110.1740688, 44.4892223], [-110.1735391, 44.4892127], [-110.1733165, 44.4892089], [-110.1730791, 44.4891831], [-110.1728699, 44.489139], [-110.1726482, 44.4890786], [-110.1722296, 44.4888783], [-110.1710425, 44.4882292], [-110.1698393, 44.4876546], [-110.1695268, 44.4874092], [-110.1692679, 44.4870967], [-110.1688935, 44.4864008], [-110.168656, 44.486075], [-110.1683249, 44.4858115], [-110.167904, 44.4856239], [-110.1664765, 44.4852939], [-110.1660484, 44.4851152], [-110.1656953, 44.484856], [-110.1649144, 44.4839951], [-110.1646118, 44.4837273], [-110.1644813, 44.483652], [-110.1643981, 44.4836061], [-110.1641956, 44.4835209], [-110.1636431, 44.4833286], [-110.1634781, 44.4832635], [-110.1632783, 44.4831487], [-110.1630678, 44.4829777], [-110.1627808, 44.4827146], [-110.1626292, 44.4825851], [-110.1624674, 44.4824782], [-110.1617509, 44.4820723], [-110.1614193, 44.4818538], [-110.1611201, 44.4816175], [-110.1608502, 44.481368], [-110.1603563, 44.4808422], [-110.1599057, 44.4803077], [-110.1590075, 44.4791533], [-110.1587568, 44.4788768], [-110.1581539, 44.4782831], [-110.1577539, 44.4778521], [-110.1575982, 44.4775854], [-110.1575245, 44.4772968], [-110.1575259, 44.4766576], [-110.1574964, 44.4763063], [-110.1574207, 44.4759411], [-110.1573002, 44.4755756], [-110.1571355, 44.4752233], [-110.1569107, 44.474902], [-110.1566302, 44.4746164], [-110.1562913, 44.4743618], [-110.1559204, 44.4741385], [-110.1555304, 44.473942], [-110.1551283, 44.4737635], [-110.1546992, 44.4735983], [-110.154251, 44.4734554], [-110.1537296, 44.473329], [-110.1532763, 44.4732467], [-110.1524287, 44.4730926], [-110.1517502, 44.4729529], [-110.1505861, 44.4726677], [-110.1482043, 44.4720323], [-110.1453343, 44.4712016], [-110.1448059, 44.4710485], [-110.1443446, 44.4709355], [-110.1438296, 44.4708274], [-110.1433562, 44.4707508], [-110.1429981, 44.4707087], [-110.1425529, 44.4706704], [-110.141599, 44.4705994], [-110.141151, 44.4705475], [-110.1407261, 44.4704168], [-110.1403541, 44.470277], [-110.1399961, 44.4700828], [-110.1379474, 44.4690347], [-110.1375449, 44.4688831], [-110.1366775, 44.468611], [-110.1362586, 44.4684593], [-110.1361192, 44.4684011], [-110.1351236, 44.4679727], [-110.1350173, 44.4679264]]}, "properties": {"hgv": "no", "highway": "secondary", "lanes": "2", "loc_ref": "US 14;US 16;US 20", "maxspeed": "45 mph", "name": "East Entrance Road", "nps:route_desc": "PRIMARY ROUTE", "source": "National Park Service", "surface": "asphalt", "osm_id": 104849109}}, {"type": "Feature", "geometry": {"type": "LineString", "coordinates": [[-110.0051187, 44.4882309], [-110.004726, 44.4882707], [-110.0044764, 44.4882873], [-110.0043017, 44.488316], [-110.0039923, 44.4884115], [-110.0037324, 44.4884832], [-110.0035141, 44.4885486], [-110.003328, 44.488628], [-110.0031227, 44.4887074], [-110.0029366, 44.4887812], [-110.0027474, 44.4888804], [-110.0023823, 44.4890885]]}, "properties": {"hgv": "no", "highway": "secondary", "lanes": "1", "loc_ref": "US 14;US 16;US 20", "maxspeed": "15 mph", "name": "East Entrance Road", "nps:route_desc": "PRIMARY ROUTE", "oneway": "yes", "source": "National Park Service", "osm_id": 104849118}}, {"type": "Feature", "geometry": {"type": "LineString", "coordinates": [[-110.0420767, 44.4790326], [-110.0416466, 44.4790269], [-110.0371767, 44.4789797], [-110.036625, 44.4789858], [-110.0362033, 44.4789932], [-110.0356811, 44.4790163], [-110.0321411, 44.4792199]]}, "properties": {"hgv": "no", "highway": "secondary", "loc_ref": "US 14;US 16;US 20", "maxspeed": "40 mph", "name": "East Entrance Road", "nps:route_desc": "PRIMARY ROUTE", "source": "National Park Service", "osm_id": 104849141}}, {"type": "Feature", "geometry": {"type": "LineString", "coordinates": [[-110.3552044, 44.5585109], [-110.3550411, 44.5584603], [-110.3543652, 44.558267], [-110.3537491, 44.5580865], [-110.3533195, 44.5579705], [-110.3530899, 44.5579282], [-110.3528423, 44.5578825], [-110.3523432, 44.5578243], [-110.3518798, 44.5578057], [-110.3511308, 44.5578235], [-110.3488546, 44.5578609], [-110.3483995, 44.5578746], [-110.3474865, 44.5579077], [-110.3469803, 44.5579172], [-110.3451677, 44.5579557], [-110.3409505, 44.5580555], [-110.3376081, 44.5581461], [-110.3366614, 44.5582017], [-110.3357343, 44.5582945], [-110.3343725, 44.5584622], [-110.3285323, 44.5594132], [-110.3277199, 44.5595405], [-110.3267625, 44.5596979], [-110.3260363, 44.5598119], [-110.3255717, 44.5598889], [-110.3251309, 44.559955], [-110.3246035, 44.5600061], [-110.3243838, 44.5600292], [-110.3237963, 44.5600455], [-110.3228967, 44.5600066], [-110.3224464, 44.5599536], [-110.322007, 44.5598832], [-110.3215697, 44.5597867], [-110.3211605, 44.5596766], [-110.3204588, 44.5594396], [-110.3194262, 44.5590161], [-110.3188161, 44.5587601], [-110.3184851, 44.5586211], [-110.316586, 44.557808], [-110.3159746, 44.5575342], [-110.3143873, 44.5568997], [-110.3112222, 44.5555719], [-110.3095936, 44.5548998], [-110.3087378, 44.5545298], [-110.306769, 44.5536779], [-110.3059731, 44.5533089], [-110.3045439, 44.552659], [-110.3028776, 44.5518514], [-110.3009793, 44.5509145], [-110.2997186, 44.5502355], [-110.2978001, 44.549114], [-110.2966568, 44.548386], [-110.2958374, 44.5478125], [-110.2944553, 44.5468464], [-110.2938954, 44.5464211], [-110.2925931, 44.5453913], [-110.2912131, 44.544195], [-110.2909109, 44.5438961], [-110.2904992, 44.5434349], [-110.2899709, 44.5427459], [-110.2897267, 44.5423516], [-110.2894138, 44.5417072], [-110.2892053, 44.5410499], [-110.2890916, 44.5403907], [-110.289089, 44.5396749], [-110.2891453, 44.5392129], [-110.2891999, 44.5389992]]}, "properties": {"hgv": "no", "highway": "secondary", "lanes": "2", "loc_ref": "US 14;US 16;US 20", "maxspeed": "45 mph", "name": "East Entrance Road", "nps:route_desc": "PRIMARY ROUTE", "source": "National Park Service", "surface": "asphalt", "osm_id": 104849145}}, {"type": "Feature", "geometry": {"type": "LineString", "coordinates": [[-110.0321411, 44.4792199], [-110.0316849, 44.4792607], [-110.0312982, 44.4793137], [-110.0309306, 44.4794026], [-110.0304452, 44.4795479], [-110.0299501, 44.4797393]]}, "properties": {"hgv": "no", "highway": "secondary", "loc_ref": "US 14;US 16;US 20", "name": "East Entrance Road", "nps:route_desc": "PRIMARY ROUTE", "source": "Bing imagery", "osm_id": 104849149}}, {"type": "Feature", "geometry": {"type": "LineString", "coordinates": [[-110.0697523, 44.4665599], [-110.0696263, 44.466623], [-110.0694412, 44.4667341], [-110.0692642, 44.4668451], [-110.0690845, 44.4669446], [-110.0687546, 44.4671112], [-110.068481, 44.4672624], [-110.0682718, 44.4673772], [-110.0681296, 44.4674691], [-110.0680062, 44.4675782], [-110.0678587, 44.4677218], [-110.0675932, 44.4680414], [-110.0674725, 44.4681792], [-110.0673276, 44.4683037], [-110.0671908, 44.4683955], [-110.0670299, 44.4684759], [-110.0668582, 44.4685391], [-110.0666651, 44.4685831], [-110.0661984, 44.4686597], [-110.0659302, 44.4687018], [-110.0657639, 44.4687439], [-110.0655815, 44.4688071], [-110.0654286, 44.468876], [-110.0652275, 44.4689832], [-110.0650236, 44.469121], [-110.064809, 44.4692722], [-110.0646535, 44.4693966], [-110.0644898, 44.4695436], [-110.0642619, 44.469768], [-110.0641371, 44.4698997], [-110.0639614, 44.4700474], [-110.0637764, 44.4702063], [-110.0635858, 44.4703852], [-110.0634465, 44.4705202], [-110.0633714, 44.4705699], [-110.0632838, 44.4706045], [-110.0631622, 44.4706389], [-110.0629621, 44.470676], [-110.0624921, 44.4707523], [-110.0622046, 44.4708111], [-110.0619491, 44.4708783], [-110.0617969, 44.4709279], [-110.0616123, 44.4710102], [-110.0614455, 44.4710887], [-110.0612712, 44.4711882], [-110.0610508, 44.4713314], [-110.0605685, 44.4716476], [-110.0602561, 44.4718362], [-110.0600776, 44.4719289], [-110.0599059, 44.4720055], [-110.0596416, 44.472105], [-110.059399, 44.4721952], [-110.0592166, 44.4722734], [-110.0589779, 44.4723806], [-110.0586266, 44.4725612], [-110.0583932, 44.4726792], [-110.0581796, 44.472801], [-110.0579479, 44.4729701], [-110.0578138, 44.4730677], [-110.0576492, 44.4731509], [-110.057441, 44.4732323], [-110.0571482, 44.4733328], [-110.0567766, 44.4734503]]}, "properties": {"hgv": "no", "highway": "secondary", "loc_ref": "US 14;US 16;US 20", "maxspeed": "25 mph", "name": "East Entrance Road", "source": "Bing imagery", "osm_id": 104849150}}, {"type": "Feature", "geometry": {"type": "LineString", "coordinates": [[-110.0299501, 44.4797393], [-110.0292261, 44.4800262], [-110.0289044, 44.4801691], [-110.0286128, 44.4803213], [-110.0283198, 44.4805201], [-110.028075, 44.4807277], [-110.0278965, 44.4809321], [-110.0276989, 44.4811917], [-110.0275236, 44.4813641], [-110.0273207, 44.4814855], [-110.0271333, 44.4815705], [-110.0268969, 44.4816315], [-110.0264305, 44.4816962], [-110.0259901, 44.4817331], [-110.0255884, 44.4817932], [-110.0252513, 44.4818793], [-110.024779, 44.4820238], [-110.0220942, 44.4828823], [-110.0194094, 44.4836411], [-110.0188327, 44.4838011], [-110.018372, 44.4839528], [-110.0180673, 44.4840735], [-110.017885, 44.4841825], [-110.0171295, 44.4847231], [-110.0161718, 44.4854091], [-110.0158495, 44.4856178], [-110.0156439, 44.4857315], [-110.0154351, 44.4857935], [-110.0152899, 44.4858246], [-110.0151025, 44.4858443], [-110.0148693, 44.485828], [-110.014293, 44.4857851], [-110.0138708, 44.4857698], [-110.0134919, 44.4858345], [-110.0131648, 44.4859616], [-110.0129025, 44.4861048], [-110.0125139, 44.4863636], [-110.0121382, 44.4865854], [-110.0117302, 44.4867896], [-110.0111877, 44.4870315], [-110.0108876, 44.4871684], [-110.0105007, 44.4873293], [-110.0101389, 44.4874377], [-110.0097251, 44.4874848], [-110.0091366, 44.4875234], [-110.0088215, 44.4875525], [-110.0085369, 44.4876186], [-110.0083502, 44.4876776], [-110.0079513, 44.4877943], [-110.0075384, 44.4879015], [-110.0071789, 44.4879727], [-110.0068332, 44.488029], [-110.0064834, 44.4880666], [-110.0061846, 44.4880869], [-110.005923, 44.4881034], [-110.0058635, 44.4881072], [-110.0055935, 44.4881399], [-110.0053249, 44.4881954], [-110.0052768, 44.4882054], [-110.0051187, 44.4882309]]}, "properties": {"hgv": "no", "highway": "secondary", "loc_ref": "US 14;US 16;US 20", "maxspeed": "40 mph", "name": "East Entrance Road", "nps:route_desc": "PRIMARY ROUTE", "source": "National Park Service", "osm_id": 104849151}}, {"type": "Feature", "geometry": {"type": "LineString", "coordinates": [[-110.0023823, 44.4890885], [-110.0031659, 44.4888168], [-110.0037267, 44.4886274], [-110.0038558, 44.4885838], [-110.0039038, 44.4885704], [-110.0051187, 44.4882309]]}, "properties": {"hgv": "no", "highway": "secondary", "lanes": "4", "loc_ref": "US 14;US 16;US 20", "maxspeed": "15 mph", "name": "East Entrance Road", "oneway": "yes", "source": "National Park Service", "toll": "yes", "osm_id": 104849153}}, {"type": "Feature", "geometry": {"type": "LineString", "coordinates": [[-110.8611757, 44.6407498], [-110.8611301, 44.6408492], [-110.861088, 44.6409409], [-110.8609348, 44.6411171], [-110.8607573, 44.641281], [-110.8605769, 44.6414073], [-110.8602998, 44.6416095], [-110.860038, 44.6418162], [-110.8598108, 44.642041], [-110.8596189, 44.6422793], [-110.8594558, 44.6425267], [-110.859333, 44.6427876], [-110.8592345, 44.6433643], [-110.8591473, 44.643981], [-110.8590721, 44.644314], [-110.8589916, 44.6445959], [-110.858871, 44.6448445], [-110.8587385, 44.6450466], [-110.8585314, 44.6452866], [-110.858423, 44.6454123]]}, "properties": {"hgv": "no", "highway": "secondary", "lanes": "2", "maxspeed": "35 mph", "name": "Grand Loop Road", "nps:route_desc": "PRIMARY ROUTE", "source": "National Park Service;TIGER;GPS survey", "surface": "asphalt", "unsigned_ref": "US 20 Alt;US 89;US 191;US 287", "osm_id": 104856493}}, {"type": "Feature", "geometry": {"type": "LineString", "coordinates": [[-110.387607, 44.8922118], [-110.3874077, 44.8920577], [-110.3872259, 44.8918709], [-110.387142, 44.8917805], [-110.3870886, 44.8916951], [-110.3870298, 44.891601], [-110.3870051, 44.8914831], [-110.3869994, 44.8913555], [-110.3870195, 44.8911495], [-110.3870569, 44.8907938], [-110.38709, 44.8906336], [-110.3871257, 44.8904698], [-110.3871438, 44.8902966], [-110.3871312, 44.8901389], [-110.3870573, 44.8899538], [-110.3869511, 44.8897056], [-110.3869167, 44.8895588], [-110.3869184, 44.8893624], [-110.3869853, 44.8891476], [-110.3870416, 44.8888766], [-110.3870658, 44.8887426], [-110.3870549, 44.888591], [-110.3869596, 44.8883457], [-110.3868176, 44.8881038], [-110.3866381, 44.8878688], [-110.3864531, 44.887642], [-110.3862929, 44.8874865]]}, "properties": {"hgv": "no", "highway": "secondary", "lanes": "2", "maxspeed": "25 mph", "name": "Grand Loop Road", "nps:route_desc": "PRIMARY ROUTE", "source": "National Park Service;Bing", "surface": "asphalt", "unsigned_ref": "US 89 Alt", "osm_id": 104862198}}, {"type": "Feature", "geometry": {"type": "LineString", "coordinates": [[-110.4857153, 44.6774696], [-110.4848471, 44.676937], [-110.483376, 44.6760564], [-110.4818894, 44.6752091], [-110.4804578, 44.6744396], [-110.4796735, 44.6740306], [-110.4792301, 44.6738058], [-110.478388, 44.6733935], [-110.4771084, 44.6727856], [-110.4753244, 44.6719646], [-110.4740543, 44.6713901]]}, "properties": {"hgv": "no", "highway": "secondary", "lanes": "2", "loc_ref": "US 20;US 89 ALT", "maxspeed": "45 mph", "name": "Grand Loop Road", "nps:route_desc": "PRIMARY ROUTE", "source": "National Park Service", "osm_id": 104863788}}, {"type": "Feature", "geometry": {"type": "LineString", "coordinates": [[-110.4550558, 44.6406239], [-110.4548929, 44.6404757]]}, "properties": {"bridge": "yes", "hgv": "no", "highway": "secondary", "lanes": "2", "layer": "1", "loc_ref": "US 20;US 89 ALT", "maxspeed": "45 mph", "name": "Grand Loop Road", "nps:route_desc": "PRIMARY ROUTE", "source": "National Park Service", "surface": "asphalt", "osm_id": 104863792}}, {"type": "Feature", "geometry": {"type": "LineString", "coordinates": [[-110.5060854, 44.7017683], [-110.5061034, 44.7015522]]}, "properties": {"bridge": "yes", "hgv": "no", "highway": "secondary", "lanes": "2", "layer": "1", "loc_ref": "US 20;US 89 ALT", "maxspeed": "35 mph", "name": "Grand Loop Road", "nps:route_desc": "PRIMARY ROUTE", "source": "National Park Service", "surface": "asphalt", "osm_id": 104863794}}, {"type": "Feature", "geometry": {"type": "LineString", "coordinates": [[-110.4947105, 44.6841228], [-110.4955791, 44.6845826], [-110.4959298, 44.6848396], [-110.4962251, 44.685102], [-110.4966703, 44.6855981], [-110.4968289, 44.6858598], [-110.4969464, 44.6861304], [-110.4970293, 44.6864009], [-110.4970875, 44.6866847], [-110.497127, 44.6869595], [-110.4971679, 44.6872342], [-110.4972034, 44.6875044], [-110.4972367, 44.6877747], [-110.4972736, 44.6880584], [-110.4973248, 44.6883467], [-110.4973973, 44.6886306], [-110.4974989, 44.6889191], [-110.4976384, 44.6891988], [-110.497819, 44.6894742], [-110.4980226, 44.6897361], [-110.4982318, 44.6899936], [-110.4984425, 44.6902556], [-110.4986445, 44.6905176], [-110.4988346, 44.690793], [-110.4990144, 44.6910729], [-110.4991721, 44.6913571], [-110.4993099, 44.6916458], [-110.4994259, 44.6919299], [-110.4995157, 44.6922139], [-110.499578, 44.6924932], [-110.4996244, 44.692777], [-110.499674, 44.6930653], [-110.4997211, 44.6933581], [-110.4997785, 44.6936599], [-110.4997838, 44.6936815], [-110.4998516, 44.6939573], [-110.4999351, 44.694215], [-110.4999671, 44.6943241], [-110.5000484, 44.6945568], [-110.5001831, 44.6948635], [-110.5003367, 44.6951612], [-110.5005117, 44.6954546], [-110.500708, 44.6957435], [-110.5009248, 44.696028], [-110.5011535, 44.6963081], [-110.5013902, 44.6965837], [-110.501637, 44.6968639], [-110.5018902, 44.6971441], [-110.5021514, 44.6974243], [-110.5024211, 44.6977], [-110.5027066, 44.6979803], [-110.5029891, 44.6982516], [-110.5032686, 44.6985094], [-110.5035536, 44.6987627], [-110.5038412, 44.699013], [-110.5041541, 44.6992566], [-110.5044441, 44.6994798], [-110.504749, 44.6997125], [-110.5050215, 44.6999253], [-110.5053061, 44.7001561], [-110.5055782, 44.700392], [-110.5057893, 44.7006462], [-110.5059647, 44.7009182], [-110.5060631, 44.7011996], [-110.5061034, 44.7015522]]}, "properties": {"hgv": "no", "highway": "secondary", "lanes": "2", "loc_ref": "US 20;US 89 ALT", "maxspeed": "35 mph", "name": "Grand Loop Road", "nps:route_desc": "PRIMARY ROUTE", "source": "National Park Service", "surface": "asphalt", "osm_id": 104863798}}, {"type": "Feature", "geometry": {"type": "LineString", "coordinates": [[-110.485975, 44.6776344], [-110.4857153, 44.6774696]]}, "properties": {"hgv": "no", "highway": "secondary", "lanes": "2", "loc_ref": "US 20;US 89 ALT", "maxspeed": "45 mph", "name": "Grand Loop Road", "nps:route_desc": "PRIMARY ROUTE", "source": "National Park Service", "surface": "asphalt", "osm_id": 104863809}}, {"type": "Feature", "geometry": {"type": "LineString", "coordinates": [[-110.7443953, 44.6996103], [-110.7443172, 44.6993227], [-110.7442314, 44.6989806], [-110.744145, 44.6986568], [-110.7440549, 44.6983236], [-110.7440072, 44.6979878], [-110.7440266, 44.6976985]]}, "properties": {"hgv": "no", "highway": "secondary", "lanes": "2", "loc_ref": "US 20;US 89", "maxspeed": "45 mph", "name": "Grand Loop Road", "nps:route_desc": "PRIMARY ROUTE", "source": "National Park Service", "surface": "asphalt", "osm_id": 104865040}}, {"type": "Feature", "geometry": {"type": "LineString", "coordinates": [[-110.7442766, 44.6681299], [-110.7443962, 44.6679944], [-110.744529, 44.6678259]]}, "properties": {"bridge": "yes", "hgv": "no", "highway": "secondary", "lanes": "2", "layer": "1", "loc_ref": "US 20;US 89", "maxspeed": "45 mph", "name": "Grand Loop Road", "nps:route_desc": "PRIMARY ROUTE", "source": "National Park Service", "surface": "asphalt", "osm_id": 104865044}}, {"type": "Feature", "geometry": {"type": "LineString", "coordinates": [[-110.7462905, 44.6907838], [-110.7465031, 44.691041], [-110.7466351, 44.6912468], [-110.7467284, 44.6914472], [-110.7468124, 44.691792], [-110.746827, 44.6921282], [-110.7467524, 44.6925007], [-110.7466181, 44.6928602], [-110.7456102, 44.6946921], [-110.7446235, 44.6964724], [-110.7441145, 44.697405], [-110.7440624, 44.6975526], [-110.7440266, 44.6976985]]}, "properties": {"hgv": "no", "highway": "secondary", "lanes": "2", "loc_ref": "US 20;US 89", "maxspeed": "45 mph", "name": "Grand Loop Road", "source": "TIGER;Bing", "surface": "asphalt", "osm_id": 104865048}}, {"type": "Feature", "geometry": {"type": "LineString", "coordinates": [[-110.7446452, 44.6651348], [-110.7444201, 44.6645608], [-110.7443216, 44.6642935], [-110.7442478, 44.6639823], [-110.7442221, 44.6637006], [-110.7441793, 44.6634252], [-110.7440864, 44.6631537], [-110.7439579, 44.6628897], [-110.7438328, 44.6626284], [-110.7437354, 44.6623516], [-110.7436894, 44.6620421], [-110.7437013, 44.661753], [-110.7437512, 44.661516], [-110.7438923, 44.6611114], [-110.7440802, 44.6605503], [-110.7441722, 44.6602542], [-110.7442407, 44.6599656], [-110.7442579, 44.6597345], [-110.7442479, 44.6592341], [-110.7442942, 44.6589914], [-110.7444541, 44.6586928], [-110.7445983, 44.6584787], [-110.7446996, 44.658255], [-110.7447456, 44.6580523], [-110.7447633, 44.6578075], [-110.7447775, 44.657598], [-110.7447988, 44.6573809], [-110.744884, 44.6571688], [-110.7450705, 44.6569299], [-110.7453467, 44.6567143], [-110.7457002, 44.6565418], [-110.7461549, 44.656449], [-110.7466428, 44.6564088], [-110.7470171, 44.6564235], [-110.7474884, 44.6564925], [-110.7478696, 44.6566059], [-110.7481884, 44.6567193], [-110.7484795, 44.656882], [-110.7487429, 44.6570545], [-110.7489508, 44.6572419], [-110.7491518, 44.6574736], [-110.7493035, 44.6577061], [-110.7494095, 44.6579483], [-110.7495746, 44.6584695], [-110.7496994, 44.6587308], [-110.749838, 44.6589181], [-110.7499974, 44.6591252], [-110.7502331, 44.6593027], [-110.7506143, 44.6595196], [-110.7507636, 44.6595998], [-110.7511178, 44.659718], [-110.751549, 44.6598034], [-110.7520074, 44.6598401], [-110.752452, 44.6598076], [-110.7529293, 44.6597168], [-110.7533293, 44.6595762], [-110.7537205, 44.6593703], [-110.7540116, 44.659187], [-110.756541, 44.6576296], [-110.7567867, 44.6575007], [-110.7570866, 44.6573849], [-110.7574066, 44.6573082], [-110.7578526, 44.6572638], [-110.7582647, 44.6572899], [-110.758584, 44.6573581], [-110.7588831, 44.6574514], [-110.7590919, 44.6575545], [-110.7594358, 44.6577673], [-110.7605682, 44.6586494], [-110.7608584, 44.6588442], [-110.761205, 44.6590562], [-110.761607, 44.6592928], [-110.7619502, 44.6594905], [-110.762331, 44.659669], [-110.7628369, 44.659897], [-110.7635204, 44.6601603], [-110.7640274, 44.6603207], [-110.7644294, 44.6603882], [-110.7648144, 44.660382], [-110.7652206, 44.660298], [-110.7655218, 44.6601781], [-110.7657759, 44.6600306], [-110.7660184, 44.6598202], [-110.7662213, 44.6596253], [-110.7663648, 44.6595024], [-110.7665363, 44.6593839], [-110.7668082, 44.6592594], [-110.7671416, 44.6591646], [-110.7680241, 44.6590221], [-110.7683409, 44.6589515], [-110.7686024, 44.6588449], [-110.7689084, 44.6586505], [-110.7691176, 44.6584385], [-110.7692476, 44.6582247], [-110.7693647, 44.6578789]]}, "properties": {"hgv": "no", "highway": "secondary", "lanes": "2", "loc_ref": "US 20;US 89", "maxspeed": "35 mph", "name": "Grand Loop Road", "nps:route_desc": "PRIMARY ROUTE", "source": "GPS;NAIP aerial;National Park Service", "surface": "asphalt", "osm_id": 104865052}}, {"type": "Feature", "geometry": {"type": "LineString", "coordinates": [[-110.7447056, 44.7067951], [-110.7450321, 44.7063361], [-110.7453582, 44.7056835], [-110.7454265, 44.705476], [-110.7454801, 44.7052885], [-110.7455169, 44.7051251], [-110.7455631, 44.7047869], [-110.745565, 44.704425], [-110.745509, 44.7038799]]}, "properties": {"hgv": "no", "highway": "secondary", "lanes": "2", "loc_ref": "US 20;US 89", "maxspeed": "45 mph", "name": "Grand Loop Road", "source": "TIGER;Bing", "surface": "asphalt", "osm_id": 104865057}}, {"type": "Feature", "geometry": {"type": "LineString", "coordinates": [[-110.7444644, 44.6838652], [-110.7445674, 44.6836728], [-110.7448263, 44.6831926], [-110.744892, 44.6830305], [-110.7449294, 44.6828327], [-110.744907, 44.6825898], [-110.744822, 44.6822986], [-110.7447512, 44.6819801], [-110.7447486, 44.6816912], [-110.7448015, 44.6814189], [-110.744912, 44.6811469], [-110.7450835, 44.6808816], [-110.7452842, 44.6806402], [-110.7457347, 44.680208], [-110.7459311, 44.6800059], [-110.7460981, 44.6797992], [-110.7462126, 44.6795879], [-110.7462817, 44.679381], [-110.7463025, 44.6792159]]}, "properties": {"hgv": "no", "highway": "secondary", "lanes": "2", "loc_ref": "US 20;US 89", "maxspeed": "45 mph", "name": "Grand Loop Road", "nps:route_desc": "PRIMARY ROUTE", "source": "National Park Service", "surface": "asphalt", "osm_id": 104865062}}, {"type": "Feature", "geometry": {"type": "LineString", "coordinates": [[-110.697199, 44.7242157], [-110.6972844, 44.7238364], [-110.6974387, 44.7233524], [-110.6976569, 44.7229554], [-110.6978947, 44.7226008], [-110.6980727, 44.7223627], [-110.6982745, 44.7221202], [-110.6985051, 44.7218777], [-110.6987719, 44.7216263], [-110.699069, 44.7213841], [-110.6993883, 44.7211463], [-110.6997213, 44.7209312], [-110.7000632, 44.7207385], [-110.700418, 44.7205594], [-110.7007863, 44.7203983], [-110.7011702, 44.7202463], [-110.7015788, 44.7201123], [-110.7020076, 44.7199874], [-110.7024368, 44.7198715], [-110.7028615, 44.7197466], [-110.7032891, 44.7196216], [-110.7037196, 44.7194877], [-110.7041515, 44.7193448], [-110.7045792, 44.7191929], [-110.7050184, 44.719032], [-110.7054683, 44.7188666], [-110.7059183, 44.7186832], [-110.7063784, 44.7184953], [-110.7068533, 44.7182895], [-110.7073295, 44.7180702], [-110.707799, 44.7178508], [-110.7082559, 44.7176224], [-110.7087029, 44.717394], [-110.7091479, 44.7171701], [-110.7095904, 44.7169551], [-110.7100404, 44.7167672], [-110.7105075, 44.7166064], [-110.7109879, 44.7164861], [-110.7114816, 44.7163973], [-110.711994, 44.7163446], [-110.7125188, 44.7163234], [-110.7130518, 44.7163382], [-110.7135835, 44.7163846], [-110.7140984, 44.7164669], [-110.7146, 44.7165897], [-110.7150927, 44.7167529], [-110.7155883, 44.7169252], [-110.7160853, 44.717102], [-110.7165809, 44.7172833], [-110.7170819, 44.7174601], [-110.7175865, 44.7176369], [-110.7180993, 44.7177912], [-110.7186303, 44.7179095], [-110.7191705, 44.7179919], [-110.7197085, 44.7180337], [-110.7202364, 44.7180305], [-110.7207526, 44.7180002], [-110.7212659, 44.717934], [-110.7217738, 44.7178362], [-110.72227, 44.7177024], [-110.7227538, 44.7175325], [-110.7232391, 44.7173581], [-110.7237324, 44.7171748], [-110.7242304, 44.7169914], [-110.7247344, 44.7168036], [-110.7252459, 44.7166113], [-110.7257612, 44.7164235], [-110.7262806, 44.7162266], [-110.726803, 44.7160388], [-110.7273212, 44.7158465], [-110.7278216, 44.7156587], [-110.7280471, 44.7155769], [-110.7284252, 44.7154447]]}, "properties": {"hgv": "no", "highway": "secondary", "lanes": "2", "loc_ref": "US 20;US 89", "maxspeed": "45 mph", "name": "Grand Loop Road", "nps:route_desc": "PRIMARY ROUTE", "source": "National Park Service;TIGER;Bing", "surface": "asphalt", "osm_id": 104865065}}, {"type": "Feature", "geometry": {"type": "LineString", "coordinates": [[-110.9659475, 44.6638944], [-110.9663715, 44.6640746], [-110.9667889, 44.6642773], [-110.9669757, 44.6643944], [-110.9671845, 44.6645205], [-110.9675181, 44.6647688], [-110.9676357, 44.6648624], [-110.9679483, 44.6650803], [-110.968345, 44.6653787], [-110.9687514, 44.6656762], [-110.9691426, 44.6659629], [-110.9695534, 44.6662646], [-110.9699737, 44.6665656], [-110.9704225, 44.6668588], [-110.9708506, 44.6671176], [-110.9713307, 44.6673902], [-110.9718213, 44.667636], [-110.9723073, 44.6678682], [-110.9727921, 44.668079], [-110.973274, 44.6682717], [-110.9737609, 44.6684573], [-110.9742763, 44.6686275], [-110.9747883, 44.6687824], [-110.9753222, 44.6689286], [-110.9758465, 44.6690596], [-110.9764193, 44.6691687], [-110.9769728, 44.6692469], [-110.977535, 44.6692895], [-110.9781129, 44.6692851], [-110.9783909, 44.6692681], [-110.9786642, 44.6692333], [-110.9790863, 44.6691584], [-110.9793578, 44.6691076], [-110.9796631, 44.6690385], [-110.9799251, 44.6689733], [-110.9802382, 44.6688722], [-110.9804803, 44.6687788], [-110.9807118, 44.6686706], [-110.9811488, 44.6684569], [-110.9815113, 44.6682951], [-110.9817274, 44.6681862], [-110.9820274, 44.6680655], [-110.982441, 44.6679094], [-110.9828566, 44.6677682], [-110.9832798, 44.6676346], [-110.983706, 44.6675257], [-110.9841285, 44.6674251], [-110.9845406, 44.6673266], [-110.9849719, 44.6672294], [-110.9853977, 44.6671125], [-110.9858263, 44.666982], [-110.9862426, 44.666847], [-110.9866585, 44.6667075], [-110.9870834, 44.666559], [-110.9875042, 44.666406], [-110.9879201, 44.666253], [-110.9883352, 44.6660865], [-110.9887428, 44.6659155], [-110.9891398, 44.66574], [-110.9895262, 44.66556], [-110.9899055, 44.665371], [-110.9902635, 44.6651594], [-110.9905875, 44.6649164], [-110.9908706, 44.6646554], [-110.9911174, 44.6643628], [-110.9913241, 44.6640522], [-110.99149, 44.6637282], [-110.9916072, 44.6633861], [-110.991664, 44.6630305], [-110.9916699, 44.6626794], [-110.9916208, 44.6623193], [-110.9915326, 44.6620187], [-110.9913907, 44.6616126], [-110.9912653, 44.6612525], [-110.9911385, 44.6608924], [-110.9910108, 44.6605277], [-110.9908843, 44.6601631], [-110.9907645, 44.659803], [-110.990646, 44.6594429], [-110.9905163, 44.6589883], [-110.9904553, 44.6587362], [-110.9904029, 44.6583896], [-110.9903821, 44.658034], [-110.9903877, 44.6576739], [-110.9904162, 44.6573093], [-110.9904781, 44.6569402], [-110.990574, 44.6565801], [-110.9906564, 44.6563416], [-110.9906954, 44.656229], [-110.9908421, 44.655896], [-110.991016, 44.6555629], [-110.9912154, 44.6552388], [-110.9914393, 44.6549147], [-110.9916924, 44.6546042], [-110.9919719, 44.6543071], [-110.9922702, 44.6540145], [-110.9925896, 44.6537355], [-110.9929361, 44.6534699], [-110.993314, 44.6532134], [-110.9937168, 44.6529794], [-110.9941418, 44.6527588], [-110.9945843, 44.6525518], [-110.9950387, 44.6523672], [-110.9955019, 44.6522007], [-110.9959748, 44.6520612], [-110.9964553, 44.6519442], [-110.9969342, 44.6518407], [-110.9974177, 44.6517462], [-110.9979104, 44.6516561], [-110.998405, 44.6515706], [-110.9989052, 44.6514851], [-110.9994124, 44.6513996], [-110.9999227, 44.6513006], [-111.0004366, 44.6511925], [-111.0009581, 44.6510755], [-111.0014798, 44.650945], [-111.001916, 44.6508486], [-111.0020874, 44.6508035]]}, "properties": {"hgv": "no", "highway": "secondary", "lanes": "2", "loc_ref": "US 20;US 191;US 287", "maxspeed": "45 mph", "motor_vehicle:conditional": "no @ winter", "name": "West Entrance Road", "nps:route_desc": "PRIMARY ROUTE", "source": "National Park Service", "surface": "asphalt", "osm_id": 104870991}}, {"type": "Feature", "geometry": {"type": "LineString", "coordinates": [[-110.9649358, 44.6634998], [-110.9651968, 44.6636016], [-110.9659475, 44.6638944]]}, "properties": {"bridge": "yes", "hgv": "no", "highway": "secondary", "layer": "1", "loc_ref": "US 20;US 191;US 287", "maxspeed": "45 mph", "name": "West Entrance Road", "nps:route_desc": "PRIMARY ROUTE", "source": "National Park Service", "surface": "asphalt", "osm_id": 104871120}}, {"type": "Feature", "geometry": {"type": "LineString", "coordinates": [[-110.961674, 44.6613859], [-110.9617222, 44.6614354], [-110.9620368, 44.6617461], [-110.9623485, 44.6620568], [-110.9626743, 44.662354], [-110.9630296, 44.6626242], [-110.963226, 44.6627413], [-110.9634229, 44.6628584], [-110.9638372, 44.6630611], [-110.9642691, 44.6632412], [-110.9643407, 44.6632683], [-110.9646958, 44.6634079], [-110.9649358, 44.6634998]]}, "properties": {"hgv": "no", "highway": "secondary", "lanes": "2", "loc_ref": "US 20;US 191;US 287", "maxspeed": "45 mph", "name": "West Entrance Road", "nps:route_desc": "PRIMARY ROUTE", "source": "National Park Service", "surface": "asphalt", "osm_id": 104871126}}, {"type": "Feature", "geometry": {"type": "LineString", "coordinates": [[-110.8611757, 44.6407498], [-110.8611957, 44.64069], [-110.8612206, 44.640575], [-110.8612151, 44.6404524]]}, "properties": {"bridge": "yes", "hgv": "no", "highway": "secondary", "lanes": "2", "layer": "1", "maxspeed": "35 mph", "name": "Grand Loop Road", "nps:route_desc": "PRIMARY ROUTE", "source": "National Park Service", "surface": "asphalt", "unsigned_ref": "US 20 Alt;US 89;US 191;US 287", "osm_id": 104883365}}, {"type": "Feature", "geometry": {"type": "LineString", "coordinates": [[-110.8612151, 44.6404524], [-110.861204, 44.6404019], [-110.8611922, 44.6403485], [-110.8611238, 44.6401907], [-110.8610411, 44.6400625], [-110.8609547, 44.6399524], [-110.8608239, 44.6398324], [-110.8606441, 44.6397189], [-110.860453, 44.6396212], [-110.8599882, 44.6394395], [-110.8596472, 44.639304], [-110.8592993, 44.6391641], [-110.8589371, 44.6390286], [-110.8585627, 44.6388796]]}, "properties": {"hgv": "no", "highway": "secondary", "lanes": "2", "maxspeed": "35 mph", "name": "Grand Loop Road", "nps:route_desc": "PRIMARY ROUTE", "source": "National Park Service", "surface": "asphalt", "unsigned_ref": "US 20 Alt;US 89;US 191;US 287", "osm_id": 104883375}}, {"type": "Feature", "geometry": {"type": "LineString", "coordinates": [[-110.8568015, 44.6329582], [-110.8564813, 44.6328721], [-110.8561496, 44.6327997], [-110.8558135, 44.6327022], [-110.8555481, 44.6326392], [-110.855358, 44.6325763], [-110.8551545, 44.6324882], [-110.8549334, 44.6323623], [-110.8547565, 44.6322458], [-110.8546282, 44.6321231], [-110.8545132, 44.6319909], [-110.8544071, 44.631843], [-110.8543231, 44.6316856], [-110.8542877, 44.6315345], [-110.8542567, 44.6313488], [-110.8542701, 44.6311948], [-110.8542957, 44.6310459], [-110.8543613, 44.6308927], [-110.8544303, 44.6307454], [-110.8545492, 44.6305888], [-110.8546456, 44.6304799], [-110.8547568, 44.6303692], [-110.8548886, 44.6302718]]}, "properties": {"hgv": "no", "highway": "secondary", "lanes": "2", "maxspeed": "45 mph", "name": "Grand Loop Road", "source": "Bing", "surface": "asphalt", "unsigned_ref": "US 20 Alt;US 89;US 191;US 287", "osm_id": 104883377}}, {"type": "Feature", "geometry": {"type": "LineString", "coordinates": [[-110.8207769, 44.5730004], [-110.8212416, 44.5732889], [-110.8217541, 44.5736289], [-110.8222474, 44.5739156], [-110.8227148, 44.5741631], [-110.823703, 44.5746906], [-110.8242732, 44.5749751], [-110.8254245, 44.5755979], [-110.8265416, 44.5762044], [-110.8272739, 44.5766411], [-110.8280423, 44.5771909], [-110.8285493, 44.5776174], [-110.8290093, 44.5780454], [-110.8298535, 44.5788669], [-110.8305777, 44.5795852], [-110.8306788, 44.579731], [-110.8307923, 44.5799157], [-110.8308886, 44.5801596], [-110.8309706, 44.5804345], [-110.8310095, 44.5807391], [-110.8309816, 44.5810097], [-110.830921, 44.5812416], [-110.8308505, 44.5814472], [-110.830744, 44.5816389], [-110.830647, 44.5817974], [-110.830335, 44.5822493], [-110.8299824, 44.5827994], [-110.8298924, 44.5829886], [-110.829837, 44.5831822], [-110.8297878, 44.5834318], [-110.8297562, 44.5837157], [-110.8296656, 44.5845462], [-110.8295459, 44.5856618], [-110.8295102, 44.5861647], [-110.8295115, 44.5864045], [-110.8295496, 44.586826], [-110.8295877, 44.5870651], [-110.8296376, 44.5872667], [-110.8298092, 44.5877653], [-110.830022, 44.5884262], [-110.8301224, 44.5887598], [-110.8301794, 44.5889859], [-110.830221, 44.5892129], [-110.8302652, 44.5894825], [-110.830302, 44.5897868], [-110.8302974, 44.5904051], [-110.8303092, 44.5911419], [-110.8304719, 44.5927031], [-110.8306425, 44.5939419], [-110.8308712, 44.5955229], [-110.831002, 44.5963768], [-110.8310471, 44.5966394], [-110.8310873, 44.5969507], [-110.8311805, 44.5974426], [-110.8312563, 44.597772], [-110.8314069, 44.5981666], [-110.8315835, 44.5985111], [-110.8317632, 44.5987823], [-110.8320623, 44.5991854], [-110.8323399, 44.5994813], [-110.8327144, 44.5997958], [-110.832989, 44.6000141], [-110.833437, 44.6002976], [-110.8344043, 44.6007922], [-110.8346895, 44.6009347], [-110.834967, 44.6011082], [-110.835293, 44.6013453], [-110.8356172, 44.6016203], [-110.8362769, 44.6021688], [-110.8365639, 44.6023938], [-110.8367816, 44.6025293], [-110.8369995, 44.6026337], [-110.8373332, 44.6027521], [-110.837808, 44.6028808], [-110.8393767, 44.6033009], [-110.8397166, 44.603417], [-110.8400943, 44.603582], [-110.8403604, 44.6037042], [-110.8407144, 44.6039079], [-110.8410502, 44.6040651], [-110.8414939, 44.6042664], [-110.8426965, 44.6046778], [-110.8431901, 44.6048818], [-110.8436047, 44.6050792], [-110.844154, 44.6053725], [-110.8446411, 44.6057193], [-110.8448987, 44.6059607], [-110.8451067, 44.6061902], [-110.8454507, 44.6066412], [-110.845699, 44.6070407], [-110.8460423, 44.6076518], [-110.8462875, 44.6080768], [-110.8464656, 44.6083533], [-110.8466212, 44.6085172], [-110.8467655, 44.6086074], [-110.8469527, 44.6087005], [-110.8471619, 44.6087945], [-110.8473684, 44.6088418], [-110.8478619, 44.6089495], [-110.848107, 44.609006], [-110.8483936, 44.609121], [-110.8485947, 44.6092164], [-110.8488146, 44.6093688], [-110.8490292, 44.6096255], [-110.8493817, 44.6100368], [-110.8496472, 44.6103343], [-110.8509089, 44.6115257], [-110.8513123, 44.6117946], [-110.8517501, 44.6120329], [-110.8520848, 44.6121795], [-110.8527542, 44.6123969], [-110.8530821, 44.6125102], [-110.8533293, 44.6126317], [-110.853501, 44.6127355], [-110.8536459, 44.6128761], [-110.8537788, 44.6130557], [-110.8538663, 44.6132362]]}, "properties": {"hgv": "no", "highway": "secondary", "lanes": "2", "maxspeed": "45 mph", "name": "Grand Loop Road", "surface": "asphalt", "unsigned_ref": "US 20 Alt;US 89;US 191;US 287", "osm_id": 104894482}}, {"type": "Feature", "geometry": {"type": "LineString", "coordinates": [[-110.8548886, 44.6302718], [-110.8551814, 44.6300754], [-110.8554786, 44.6298822], [-110.8557749, 44.6296845], [-110.8560634, 44.6294823], [-110.8563291, 44.6292576], [-110.8565641, 44.6290058], [-110.8567857, 44.628736], [-110.8569861, 44.6285042], [-110.8578658, 44.6273131], [-110.8582896, 44.6267901], [-110.8588851, 44.6259692], [-110.8590996, 44.6256829], [-110.8592284, 44.6254271], [-110.8593341, 44.6250842], [-110.8594053, 44.6248007], [-110.8594249, 44.6245126], [-110.8594159, 44.624351], [-110.8593933, 44.62422], [-110.8593207, 44.6239273], [-110.8592378, 44.6237289], [-110.8591479, 44.6236135], [-110.8589977, 44.6233653], [-110.8587724, 44.6230752], [-110.8585203, 44.6228003], [-110.8582574, 44.6225712], [-110.8579302, 44.6222466], [-110.8574688, 44.6217426], [-110.8571899, 44.6214754], [-110.8569109, 44.6211776], [-110.8566803, 44.6208721], [-110.8564979, 44.620601], [-110.856337, 44.6202917], [-110.8562316, 44.6199219], [-110.8561275, 44.6196022], [-110.8560302, 44.6192914], [-110.8559337, 44.6189942], [-110.8558272, 44.6187105], [-110.8557031, 44.6184403], [-110.855583, 44.6182314], [-110.8552475, 44.6177016], [-110.8550023, 44.6172815]]}, "properties": {"hgv": "no", "highway": "secondary", "lanes": "2", "maxspeed": "45 mph", "name": "Grand Loop Road", "nps:route_desc": "PRIMARY ROUTE", "source": "National Park Service", "surface": "asphalt", "unsigned_ref": "US 20 Alt;US 89;US 191;US 287", "osm_id": 104932466}}, {"type": "Feature", "geometry": {"type": "LineString", "coordinates": [[-110.7186119, 44.4415759], [-110.7184735, 44.4416609], [-110.7183281, 44.4417444], [-110.7180373, 44.4419278], [-110.7178334, 44.442043], [-110.7176884, 44.4421198], [-110.717342, 44.4422815], [-110.7169899, 44.4424372], [-110.716622, 44.4425794], [-110.7162702, 44.4427055], [-110.7160655, 44.4427761], [-110.7158525, 44.4428469], [-110.7154447, 44.4429626], [-110.7152326, 44.4430298], [-110.7150088, 44.4431037], [-110.7148491, 44.4431734], [-110.7146357, 44.4432795], [-110.7143705, 44.443469], [-110.7142429, 44.4435986], [-110.7141246, 44.4437374], [-110.7140431, 44.4438839], [-110.7139638, 44.4440375], [-110.7139251, 44.4441548], [-110.7138883, 44.4443153], [-110.7138724, 44.4446269], [-110.7138893, 44.4449562], [-110.713906, 44.4452929], [-110.713913, 44.4454886], [-110.7139069, 44.4456826], [-110.7138982, 44.4458466], [-110.7138674, 44.4460034], [-110.7138205, 44.4461415], [-110.7137596, 44.446279], [-110.7136877, 44.4464134], [-110.7136461, 44.4464833], [-110.7135882, 44.4465582], [-110.7134677, 44.446692], [-110.7133236, 44.4468149], [-110.7131727, 44.4469266], [-110.7130079, 44.4470324], [-110.7128321, 44.44712], [-110.7126552, 44.4472019], [-110.7124525, 44.4472742], [-110.7122523, 44.447331], [-110.7120475, 44.4473785], [-110.711847, 44.447413], [-110.7116264, 44.4474522], [-110.7113996, 44.4474748], [-110.710996, 44.4475002], [-110.7105497, 44.4475158], [-110.7100997, 44.4475262], [-110.7096391, 44.4475364], [-110.7091911, 44.4475558], [-110.7087533, 44.4475911], [-110.7083189, 44.447671], [-110.7078908, 44.447769], [-110.7074575, 44.4478669], [-110.7070132, 44.4479558], [-110.7065738, 44.4480132], [-110.7061453, 44.4480436], [-110.7057159, 44.4480425], [-110.7052789, 44.4480233], [-110.7048389, 44.4479772], [-110.7043951, 44.447904], [-110.7039542, 44.4477948], [-110.7035174, 44.4476632], [-110.7030913, 44.4474955], [-110.7026665, 44.4473053], [-110.7022367, 44.4470972], [-110.7018195, 44.446898], [-110.7016047, 44.4468147], [-110.7014009, 44.4467349], [-110.7009667, 44.4466212], [-110.7005189, 44.4465615], [-110.7000625, 44.4465513], [-110.6996091, 44.4465951], [-110.6991695, 44.4466975], [-110.6987584, 44.4468495], [-110.6983831, 44.447051], [-110.6980944, 44.4472618], [-110.6980499, 44.4472932], [-110.69775, 44.447567], [-110.6974501, 44.4478453], [-110.6971568, 44.4481236], [-110.6970697, 44.4482044], [-110.6968597, 44.4483974], [-110.6965212, 44.4486351], [-110.69614, 44.4488231], [-110.6957242, 44.4489436], [-110.6952961, 44.449001], [-110.6948716, 44.4489953], [-110.6944662, 44.4489357], [-110.694089, 44.4488357], [-110.6937345, 44.4487222], [-110.6933926, 44.4486087], [-110.6930758, 44.4485134], [-110.6927777, 44.448445], [-110.6924707, 44.4483986], [-110.6921376, 44.4483868], [-110.6917957, 44.4484039], [-110.6916225, 44.4484336], [-110.691443, 44.4484704], [-110.6910826, 44.4485845], [-110.6907494, 44.4487452], [-110.6905684, 44.4488673], [-110.6903498, 44.4490245], [-110.6901638, 44.4492076], [-110.6899846, 44.449423], [-110.6898775, 44.4495997], [-110.6897865, 44.4497835], [-110.689715, 44.4499735], [-110.6896052, 44.4503014], [-110.6895025, 44.4506422], [-110.6893782, 44.4510145], [-110.689269, 44.4512549], [-110.68912, 44.4514675], [-110.6889692, 44.4516423], [-110.6887391, 44.4518288], [-110.6883867, 44.4520209], [-110.6880296, 44.4521445], [-110.6877829, 44.4522065], [-110.6875489, 44.4522461], [-110.6871878, 44.4522637], [-110.6867483, 44.4522278], [-110.686315, 44.4521523], [-110.6858745, 44.4519809], [-110.6855892, 44.4518246], [-110.6854078, 44.4516723], [-110.6852577, 44.4515152], [-110.6851141, 44.4513296], [-110.6850393, 44.4511793], [-110.6848957, 44.4509292], [-110.6847063, 44.4506085], [-110.6845387, 44.4502843], [-110.6843691, 44.4499699], [-110.6841768, 44.4496472], [-110.6839588, 44.4493393], [-110.683676, 44.4490504], [-110.6832893, 44.4488504], [-110.6828564, 44.4486892], [-110.6823931, 44.4486068], [-110.681946, 44.4485784], [-110.6814812, 44.4485877], [-110.6810076, 44.4486075], [-110.6802095, 44.4486438], [-110.6798631, 44.4486381], [-110.6795201, 44.4486072], [-110.6792495, 44.4485513], [-110.6790229, 44.4484807], [-110.6788404, 44.4484115], [-110.6786815, 44.4483304], [-110.678368, 44.4481173], [-110.678103, 44.447869], [-110.6779121, 44.4475893], [-110.6778038, 44.4472874], [-110.6777757, 44.4469813], [-110.6777947, 44.4466707], [-110.6778302, 44.4463602], [-110.6778751, 44.4460452], [-110.6779209, 44.4457303], [-110.6779635, 44.4454063], [-110.6780045, 44.4450823], [-110.6780038, 44.444727], [-110.6779768, 44.4445484], [-110.6779121, 44.4443599], [-110.6777875, 44.4441248], [-110.6776576, 44.4439614], [-110.6774977, 44.4437988], [-110.6772552, 44.4436084], [-110.6768762, 44.4433857], [-110.6765961, 44.4432016], [-110.6764222, 44.4430315], [-110.6763259, 44.442891], [-110.6762146, 44.4426445], [-110.6761502, 44.4424493], [-110.6761113, 44.4422724], [-110.6760972, 44.4420478], [-110.6761228, 44.4417352], [-110.6761453, 44.4415268], [-110.6761262, 44.4412042], [-110.6760236, 44.4408887], [-110.6758599, 44.4406064], [-110.6756177, 44.4403626], [-110.6753449, 44.4401367], [-110.6750697, 44.4399064], [-110.674819, 44.4396626], [-110.6746083, 44.4394099], [-110.6744739, 44.4391395], [-110.6744111, 44.4388512], [-110.6744238, 44.4385451], [-110.674475, 44.4382347], [-110.6745921, 44.4379244], [-110.6747, 44.4375961], [-110.6748071, 44.4372678], [-110.6749204, 44.4369305], [-110.6750189, 44.4365932], [-110.6751348, 44.4362379], [-110.6752364, 44.4359006], [-110.6753514, 44.4355543], [-110.6754483, 44.4352035], [-110.675489, 44.4350324], [-110.6755147, 44.4348403], [-110.6755096, 44.4344834], [-110.6754476, 44.4341358], [-110.6753358, 44.4337447], [-110.675144, 44.4330188], [-110.6749508, 44.4323077], [-110.6748122, 44.4319607], [-110.6745955, 44.431663], [-110.6743088, 44.4313966], [-110.6739629, 44.4311705], [-110.6735872, 44.4309669], [-110.6731972, 44.4307767], [-110.6723614, 44.4304333], [-110.6719529, 44.4302881], [-110.6715207, 44.4301885], [-110.6710758, 44.4301518], [-110.670618, 44.4301794], [-110.6701606, 44.4302475], [-110.6696936, 44.4303349], [-110.6691957, 44.4303997], [-110.668709, 44.4303975], [-110.6681947, 44.4303317], [-110.667765, 44.4302019], [-110.6672928, 44.4300746], [-110.6668147, 44.4299313], [-110.6663587, 44.4298482], [-110.6659098, 44.4298216], [-110.6654124, 44.4298145], [-110.6649243, 44.4298586], [-110.6644426, 44.429962], [-110.6639366, 44.4301104], [-110.6635749, 44.4302874], [-110.6631843, 44.4305119], [-110.6628038, 44.4307814], [-110.6622516, 44.4311928], [-110.6618728, 44.4314051], [-110.6614308, 44.431585], [-110.660893, 44.4316858], [-110.6604419, 44.4317057], [-110.6599296, 44.4316542], [-110.6594463, 44.4315391], [-110.6587149, 44.4311996], [-110.6582657, 44.4309785], [-110.6578789, 44.4307986], [-110.6574475, 44.4306835], [-110.6569928, 44.4306338], [-110.6565348, 44.4306402], [-110.6561086, 44.4307206], [-110.6556486, 44.4309074], [-110.6552641, 44.4311478], [-110.6550366, 44.4313704], [-110.6548138, 44.4316458], [-110.6546579, 44.4319542], [-110.654495, 44.4323194], [-110.6542484, 44.4328639], [-110.6540421, 44.433121], [-110.6538322, 44.4333184], [-110.6534548, 44.4335636], [-110.6530432, 44.4337148], [-110.6525806, 44.4338183], [-110.6520698, 44.4338502], [-110.6515308, 44.4338101], [-110.6504783, 44.4337115], [-110.6499272, 44.4336635], [-110.6492989, 44.4335944], [-110.648771, 44.4335707], [-110.6482303, 44.4335715], [-110.6476706, 44.4335929], [-110.6465065, 44.4336742], [-110.6453581, 44.4337586], [-110.6441731, 44.4338244], [-110.6429554, 44.4339068], [-110.6418096, 44.4339798], [-110.6413022, 44.4340001], [-110.6407989, 44.4340307], [-110.6402928, 44.4340555], [-110.639814, 44.4340655], [-110.6393027, 44.4340626], [-110.6388265, 44.4340468], [-110.6382797, 44.4340046], [-110.6377583, 44.4339426], [-110.637273, 44.4338695], [-110.636759, 44.4337783], [-110.6362228, 44.433663], [-110.6357115, 44.4335175], [-110.63521, 44.4333609], [-110.6347391, 44.4331959], [-110.6342811, 44.4330207], [-110.6338579, 44.4328312], [-110.6334689, 44.4326642], [-110.6329886, 44.4324439], [-110.6319392, 44.4319793], [-110.6313017, 44.431676], [-110.6308496, 44.4314577], [-110.6303605, 44.4312326], [-110.6298491, 44.431004], [-110.6294111, 44.4307986], [-110.6289361, 44.4305887], [-110.6280191, 44.4301757], [-110.6274835, 44.4299428], [-110.626503, 44.4294901], [-110.6254925, 44.429041], [-110.6249727, 44.428781], [-110.6239897, 44.4283461], [-110.6234729, 44.4280971], [-110.6225574, 44.4276772], [-110.6220785, 44.427466], [-110.6206857, 44.4268362], [-110.6201937, 44.4266115], [-110.6197147, 44.4263965], [-110.6192452, 44.4261961], [-110.6187444, 44.4259811], [-110.6182551, 44.4257838], [-110.6177119, 44.4255795], [-110.6166262, 44.4251855], [-110.6160979, 44.4249928], [-110.6155833, 44.4247942], [-110.6139965, 44.4242223], [-110.6128921, 44.4238243], [-110.6123399, 44.4236235], [-110.6120548, 44.4235189], [-110.6117639, 44.4234129], [-110.610189, 44.42284], [-110.6097772, 44.4226986], [-110.6093132, 44.4225334], [-110.6089541, 44.4223935], [-110.6086474, 44.4222841], [-110.6081015, 44.4220846], [-110.607626, 44.4219039], [-110.6073273, 44.4217929], [-110.6070533, 44.421683], [-110.6065286, 44.4214761], [-110.6060375, 44.4212691], [-110.6055348, 44.421052], [-110.6050463, 44.4208313], [-110.6048101, 44.4207288], [-110.6045574, 44.420606], [-110.6043126, 44.420496], [-110.6040661, 44.4203782], [-110.6038311, 44.4202719], [-110.6035828, 44.4201498], [-110.6030923, 44.4199215], [-110.6026304, 44.419688], [-110.6021628, 44.4194494], [-110.6019227, 44.4193246], [-110.6016826, 44.4191903], [-110.6014721, 44.419087], [-110.6012035, 44.4189556], [-110.60098, 44.4188427], [-110.6007528, 44.4187202], [-110.6003045, 44.4184955], [-110.6000854, 44.4183782], [-110.5998521, 44.4182611], [-110.599616, 44.4181387], [-110.5993605, 44.4180109], [-110.5989789, 44.4178112], [-110.5987161, 44.417677], [-110.5984401, 44.4175278], [-110.5980869, 44.4173588], [-110.5976875, 44.4171904], [-110.5975159, 44.4171233], [-110.5971967, 44.4170314], [-110.5970114, 44.4169846], [-110.5965451, 44.4168959], [-110.5960891, 44.4168481], [-110.5958167, 44.4168408], [-110.5955453, 44.4168419], [-110.5952507, 44.416859], [-110.5949723, 44.4168904], [-110.5946714, 44.4169366], [-110.5943756, 44.4170002], [-110.5941363, 44.4170687], [-110.5938682, 44.4171639], [-110.593577, 44.4172718], [-110.5933507, 44.4173825], [-110.5930862, 44.4175247], [-110.5928464, 44.4176935], [-110.592598, 44.4178935], [-110.5923729, 44.4180997], [-110.5921196, 44.4183888], [-110.5919391, 44.4186334], [-110.5918537, 44.4188102], [-110.591777, 44.4189853], [-110.5916536, 44.4193483], [-110.591615, 44.4195803], [-110.591606, 44.4198289], [-110.5916285, 44.4201368], [-110.5916767, 44.4203351], [-110.5917338, 44.4205259], [-110.5918771, 44.4209136], [-110.5920064, 44.4212876], [-110.5920684, 44.4214369], [-110.5921201, 44.4216437], [-110.5921407, 44.4218159], [-110.5921414, 44.4219893], [-110.5921233, 44.4221569], [-110.5920846, 44.4223244], [-110.5919972, 44.4225132], [-110.5918834, 44.4226813], [-110.5917706, 44.4228053], [-110.5916382, 44.4229377], [-110.591493, 44.4230582], [-110.5913192, 44.4231699], [-110.5911174, 44.423267], [-110.5909037, 44.4233513], [-110.590644, 44.4234308], [-110.5903911, 44.4234963], [-110.5901251, 44.4235496], [-110.5898678, 44.4235918], [-110.5895993, 44.4236319], [-110.5893435, 44.4236616], [-110.589087, 44.4236826], [-110.5888318, 44.4236903], [-110.588572, 44.4236799], [-110.5883191, 44.4236544], [-110.5881, 44.4236089], [-110.5878763, 44.4235502], [-110.5876587, 44.4234672], [-110.5874687, 44.4233701], [-110.587298, 44.4232603], [-110.5871244, 44.4231268], [-110.5869788, 44.4229873], [-110.586867, 44.4228267], [-110.5866932, 44.4225379], [-110.5866036, 44.422227], [-110.5865784, 44.4218893], [-110.5865802, 44.4215382], [-110.5865796, 44.4211736], [-110.5865806, 44.4208], [-110.586566, 44.4204218], [-110.5864816, 44.4200389], [-110.586291, 44.4196781], [-110.5859871, 44.4193529], [-110.5855989, 44.4190903], [-110.5851887, 44.4188572], [-110.5847689, 44.4186216], [-110.5843321, 44.418375], [-110.5838926, 44.418124], [-110.5834574, 44.4178786], [-110.583071, 44.4176511], [-110.5828721, 44.4175454], [-110.5825715, 44.4173733], [-110.5821477, 44.4171274], [-110.5817267, 44.4168751], [-110.5813021, 44.4166349], [-110.5811006, 44.4165037]]}, "properties": {"hgv": "no", "highway": "secondary", "lanes": "2", "maxspeed": "45 mph", "name": "Grand Loop Road", "nps:route_desc": "PRIMARY ROUTE", "shoulder": "yes", "source": "National Park Service", "surface": "asphalt", "unsigned_ref": "US 20 Alt;US 89;US 191;US 287", "osm_id": 104932485}}, {"type": "Feature", "geometry": {"type": "LineString", "coordinates": [[-110.7192052, 44.4412959], [-110.7189117, 44.4414343], [-110.7186119, 44.4415759]]}, "properties": {"bridge": "yes", "hgv": "no", "highway": "secondary", "lanes": "2", "layer": "1", "maxspeed": "45 mph", "name": "Grand Loop Road", "nps:route_desc": "PRIMARY ROUTE", "source": "National Park Service", "surface": "asphalt", "unsigned_ref": "US 20 Alt;US 89;US 191;US 287", "osm_id": 104932507}}, {"type": "Feature", "geometry": {"type": "LineString", "coordinates": [[-110.8093471, 44.4498379], [-110.8096652, 44.4500861], [-110.8099656, 44.4503296], [-110.8102349, 44.4506047], [-110.8104891, 44.4508662], [-110.8107246, 44.4511056], [-110.8109204, 44.4513411], [-110.8111846, 44.4516704], [-110.8114086, 44.4519404], [-110.8116688, 44.4522314], [-110.8119276, 44.4524851], [-110.8122441, 44.4527378], [-110.8125727, 44.4529685], [-110.8128583, 44.4531523], [-110.813207, 44.4533381], [-110.8133626, 44.4534146], [-110.8136496, 44.453563], [-110.8139527, 44.4537018], [-110.8143054, 44.4538483], [-110.8147413, 44.4540043], [-110.8151208, 44.4541164], [-110.8155794, 44.4542236], [-110.8160368, 44.4542992], [-110.8163908, 44.4543327], [-110.8168361, 44.4543566], [-110.8172116, 44.4543566], [-110.8176233, 44.4543356], [-110.8180672, 44.4542887], [-110.8185259, 44.4542073], [-110.8189403, 44.4541183], [-110.8192152, 44.4540484]]}, "properties": {"hgv": "no", "highway": "secondary", "lanes": "2", "maxspeed": "45 mph", "name": "Grand Loop Road", "nps:route_desc": "PRIMARY ROUTE", "source": "National Park Service", "surface": "asphalt", "unsigned_ref": "US 20 Alt;US 89;US 191;US 287", "osm_id": 104932521}}, {"type": "Feature", "geometry": {"type": "LineString", "coordinates": [[-110.3862929, 44.8874865], [-110.3858826, 44.8871157], [-110.3853356, 44.8867398], [-110.3850491, 44.8865042], [-110.3848026, 44.8862553], [-110.3846042, 44.8859977], [-110.3844368, 44.8857357]]}, "properties": {"fixme": "SPEED: check where 35 resumes at north end.", "hgv": "no", "highway": "secondary", "incline": "7%", "lanes": "2", "maxspeed": "25 mph", "name": "Grand Loop Road", "nps:route_desc": "PRIMARY ROUTE", "source": "National Park Service;Bing", "surface": "asphalt", "unsigned_ref": "US 89 Alt", "osm_id": 105234815}}, {"type": "Feature", "geometry": {"type": "LineString", "coordinates": [[-110.4549738, 44.7712897], [-110.4547279, 44.7711296], [-110.4545089, 44.7709493], [-110.4543299, 44.7707459], [-110.454211, 44.7705338], [-110.4541602, 44.770322], [-110.4541903, 44.7700764], [-110.4542489, 44.7698633], [-110.4543531, 44.7696343], [-110.4545809, 44.7691627], [-110.4546695, 44.7689066], [-110.4547935, 44.7686551], [-110.454934, 44.7684247], [-110.4550908, 44.7681949], [-110.4551947, 44.7680601], [-110.4553189, 44.7679337], [-110.4554601, 44.7678157], [-110.4556135, 44.7676833], [-110.4557774, 44.7675696], [-110.4560668, 44.7674061], [-110.45633, 44.7672671], [-110.4566131, 44.7671514], [-110.4568809, 44.7670582], [-110.4571469, 44.7669919], [-110.4574254, 44.7669461], [-110.4577092, 44.7668992], [-110.4580163, 44.7668627], [-110.4583285, 44.766822], [-110.458633, 44.7667739], [-110.4589432, 44.7667124], [-110.4592308, 44.7666147], [-110.4595045, 44.7664765], [-110.4597777, 44.7663247], [-110.4600289, 44.7662071], [-110.4603093, 44.7661], [-110.4606906, 44.7660175], [-110.4610262, 44.7659722], [-110.4613717, 44.7659446], [-110.4617101, 44.7659062], [-110.4620424, 44.7658493], [-110.4623668, 44.7657992], [-110.4627092, 44.7657312], [-110.4630379, 44.7656424], [-110.4633671, 44.7655719], [-110.4637091, 44.765479], [-110.46405, 44.7653994], [-110.4643932, 44.7653083], [-110.4647363, 44.7652142], [-110.4650812, 44.7651074], [-110.46539, 44.7650054], [-110.4656744, 44.7648491], [-110.4658639, 44.7646834], [-110.4660408, 44.7645087], [-110.4662148, 44.7643205], [-110.466409, 44.7641503], [-110.4666198, 44.7639803], [-110.4668613, 44.7638328], [-110.4671332, 44.7637216], [-110.4674223, 44.7636329], [-110.467686, 44.7635486], [-110.4679659, 44.7634467], [-110.4682524, 44.7633296], [-110.4685415, 44.7632068], [-110.4688089, 44.7630783], [-110.4690969, 44.7629458], [-110.4693623, 44.7628231], [-110.4696562, 44.7626868], [-110.4699337, 44.7625588], [-110.4702284, 44.7624127], [-110.4704941, 44.7622668], [-110.4707535, 44.7621088], [-110.4709568, 44.7619762], [-110.4711576, 44.7618369], [-110.4714914, 44.7616038], [-110.471756, 44.761425], [-110.4720301, 44.7612507], [-110.4722978, 44.7610719], [-110.4725726, 44.7608931], [-110.4728539, 44.7607099], [-110.4731264, 44.7605311], [-110.4733761, 44.7603575], [-110.4736341, 44.7601815], [-110.4738891, 44.7600116], [-110.474149, 44.7598422], [-110.4744147, 44.7596802], [-110.4746817, 44.7595231], [-110.4749447, 44.7593556], [-110.4752116, 44.7591813], [-110.4754778, 44.759007], [-110.475747, 44.7588327], [-110.4760163, 44.7586539], [-110.4762762, 44.7584795], [-110.4765374, 44.7583187], [-110.4768011, 44.7581444], [-110.4770688, 44.7579655], [-110.4773263, 44.7577912], [-110.4774503, 44.7577017], [-110.4775828, 44.7576258], [-110.4778307, 44.7574649], [-110.4781356, 44.7573583], [-110.4784285, 44.7572876], [-110.4787683, 44.7572531], [-110.4791072, 44.7572502], [-110.4794405, 44.7572292], [-110.4797733, 44.7571902], [-110.4800797, 44.7571061], [-110.4803769, 44.7569949], [-110.4806553, 44.7568566], [-110.4809036, 44.7567272], [-110.4811665, 44.7565574], [-110.4814158, 44.7564054], [-110.4816384, 44.7562354], [-110.4818642, 44.7560654], [-110.48209, 44.7558909], [-110.4822977, 44.7557118], [-110.482455, 44.7555189], [-110.4825476, 44.7553078], [-110.4825733, 44.7550919], [-110.4825293, 44.7548801], [-110.4824239, 44.7546591], [-110.4823092, 44.75442], [-110.4821859, 44.7541809], [-110.4820702, 44.7539508], [-110.4819501, 44.7536982], [-110.4819071, 44.7534639], [-110.48194, 44.7532345], [-110.4820337, 44.7530009], [-110.482225, 44.7527947], [-110.4824731, 44.7525978], [-110.4827665, 44.7524686], [-110.4830669, 44.7523349], [-110.4840789, 44.7520109], [-110.4844327, 44.751918], [-110.4847825, 44.7518205]]}, "properties": {"hgv": "no", "highway": "secondary", "incline": "-7%", "lanes": "2", "maxspeed": "35 mph", "name": "Grand Loop Road", "nps:route_desc": "PRIMARY ROUTE", "source": "National Park Service;Bing", "surface": "asphalt", "unsigned_ref": "US 89 Alt", "osm_id": 105234821}}, {"type": "Feature", "geometry": {"type": "LineString", "coordinates": [[-110.4527593, 44.7875952], [-110.4527362, 44.7873655], [-110.4526806, 44.7871492], [-110.4526082, 44.7869418], [-110.4525525, 44.7867435], [-110.4525537, 44.7865364], [-110.4526129, 44.7863702], [-110.4527147, 44.7862176], [-110.4528314, 44.7860651], [-110.4529522, 44.7859127], [-110.4530761, 44.7857647], [-110.453207, 44.7856213], [-110.4533426, 44.7854734], [-110.4534202, 44.7854172], [-110.4535764, 44.7853178], [-110.4537053, 44.7852282], [-110.4539166, 44.7850333], [-110.4540108, 44.7849037], [-110.4540438, 44.7847807], [-110.4540165, 44.7846485], [-110.4539889, 44.7844773], [-110.453922, 44.7842744], [-110.4538779, 44.7840851], [-110.453833, 44.7838626], [-110.453846, 44.783643], [-110.4539068, 44.7834316], [-110.4540344, 44.7832206], [-110.4542459, 44.7830246], [-110.454486, 44.7828547]]}, "properties": {"hgv": "no", "highway": "secondary", "lanes": "2", "maxspeed": "25 mph", "name": "Grand Loop Road", "nps:route_desc": "PRIMARY ROUTE", "source": "National Park Service;Bing", "surface": "asphalt", "unsigned_ref": "US 89 Alt", "osm_id": 105234823}}, {"type": "Feature", "geometry": {"type": "LineString", "coordinates": [[-110.3968613, 44.9023264], [-110.3966667, 44.902201], [-110.396259, 44.9020738], [-110.3957588, 44.902009], [-110.3955159, 44.9019942], [-110.3952515, 44.9019838], [-110.3949715, 44.9019688], [-110.3947207, 44.9019454], [-110.394466, 44.9018714], [-110.3940926, 44.9016991], [-110.3939718, 44.9016413], [-110.3938266, 44.9015828], [-110.393604, 44.9015037], [-110.3933885, 44.9014333], [-110.393101, 44.9013535], [-110.3927441, 44.9012622], [-110.3926015, 44.9012086], [-110.3921954, 44.9010339], [-110.39196, 44.9008541], [-110.3917893, 44.9005985], [-110.3916664, 44.9003258], [-110.3915472, 44.900123], [-110.3913596, 44.8999723], [-110.3911674, 44.8998176], [-110.3909457, 44.8996422], [-110.3907019, 44.8995232], [-110.3904563, 44.8993712], [-110.3902795, 44.8992538], [-110.3901233, 44.8991215], [-110.3900038, 44.8989503], [-110.3899022, 44.8987698], [-110.3897918, 44.8985779], [-110.3896861, 44.8984065], [-110.3895592, 44.8982072], [-110.3894562, 44.8980186], [-110.3894257, 44.8978448], [-110.389454, 44.8975665], [-110.3894932, 44.8973326], [-110.38953, 44.8969955], [-110.389521, 44.8968146], [-110.3894756, 44.8966411], [-110.3894045, 44.8964664], [-110.3893093, 44.8963027], [-110.3891946, 44.8961394], [-110.3890378, 44.8959544], [-110.3889015, 44.8957897], [-110.3887518, 44.8956046], [-110.3885919, 44.8954158], [-110.3884474, 44.8952293], [-110.3883138, 44.8950536], [-110.3882021, 44.8948584], [-110.388143, 44.8946644], [-110.3881327, 44.8945121], [-110.3881425, 44.8944517], [-110.3881929, 44.8942494], [-110.3882156, 44.8940515], [-110.3881978, 44.8938713], [-110.3881528, 44.893709], [-110.3881195, 44.8935648], [-110.3881027, 44.8934297], [-110.3881046, 44.8933172], [-110.3881185, 44.8932047], [-110.3881292, 44.8930923], [-110.3881393, 44.8929663], [-110.388135, 44.8928402], [-110.3881079, 44.8927096], [-110.3880342, 44.8925786], [-110.3878546, 44.8924159]]}, "properties": {"hgv": "no", "highway": "secondary", "lanes": "2", "maxspeed": "25 mph", "name": "Grand Loop Road", "nps:route_desc": "PRIMARY ROUTE", "source": "National Park Service", "surface": "asphalt", "unsigned_ref": "US 89 Alt", "osm_id": 105234824}}, {"type": "Feature", "geometry": {"type": "LineString", "coordinates": [[-110.4931056, 44.7402538], [-110.4930378, 44.7399744], [-110.4930187, 44.7391821], [-110.4930262, 44.7390516], [-110.4930369, 44.7389121], [-110.4930502, 44.7386466], [-110.4930651, 44.7383856], [-110.4930893, 44.7381471], [-110.4931144, 44.7379042], [-110.4931244, 44.7376567], [-110.49314, 44.7374002], [-110.4931598, 44.7371347], [-110.4931854, 44.7369052], [-110.4932112, 44.7367568], [-110.4932731, 44.7360397], [-110.493277, 44.7359199]]}, "properties": {"hgv": "no", "highway": "secondary", "lanes": "2", "maxspeed": "25 mph", "name": "Grand Loop Road", "nps:route_desc": "PRIMARY ROUTE", "source": "National Park Service;Bing", "surface": "asphalt", "unsigned_ref": "US 89 Alt", "osm_id": 105234825}}, {"type": "Feature", "geometry": {"type": "LineString", "coordinates": [[-110.5005968, 44.7358306], [-110.5000548, 44.7359149], [-110.4995361, 44.735975], [-110.4989118, 44.736034], [-110.4983268, 44.7360665], [-110.4975909, 44.7360795], [-110.4972676, 44.7360687], [-110.4956432, 44.7360166], [-110.4940122, 44.7359542], [-110.4934689, 44.7359284], [-110.493277, 44.7359199]]}, "properties": {"hgv": "no", "highway": "secondary", "lanes": "2", "loc_ref": "US 20", "maxspeed": "35 mph", "name": "Norris-Canyon Road", "nps:route_desc": "PRIMARY ROUTE", "source": "National Park Service", "source:name": "https://www.nps.gov/yell/planyourvisit/maps.htm", "surface": "asphalt", "osm_id": 105423099}}, {"type": "Feature", "geometry": {"type": "LineString", "coordinates": [[-110.6982058, 44.7375626], [-110.698105, 44.7374155], [-110.6979618, 44.7371701], [-110.6978906, 44.7370264], [-110.6976726, 44.7366322], [-110.6974889, 44.7362931], [-110.6972899, 44.7359408], [-110.6969682, 44.7353639], [-110.6966385, 44.734747], [-110.6963317, 44.7342336], [-110.6962169, 44.7339894], [-110.696116, 44.7337833], [-110.6959485, 44.7334147], [-110.6958674, 44.7331984], [-110.6957467, 44.7327377], [-110.6956998, 44.7324522], [-110.6956708, 44.7322885], [-110.6956764, 44.7320363], [-110.695688, 44.731758], [-110.6957124, 44.7315179], [-110.6957557, 44.7312325], [-110.6958683, 44.7306727], [-110.6960079, 44.7300383], [-110.6962872, 44.7286124], [-110.6963917, 44.7281452], [-110.6965284, 44.7274926], [-110.6965351, 44.7274612], [-110.6965541, 44.727366]]}, "properties": {"hgv": "no", "highway": "secondary", "lanes": "2", "maxspeed": "35 mph", "name": "Grand Loop Road", "source": "TIGER;Bing", "surface": "asphalt", "unsigned_ref": "US 89", "osm_id": 105423104}}, {"type": "Feature", "geometry": {"type": "LineString", "coordinates": [[-110.6859494, 44.7269863], [-110.6857654, 44.7269602], [-110.685448, 44.7269103], [-110.6851282, 44.726826], [-110.6847974, 44.726709], [-110.6807462, 44.7250456], [-110.6719466, 44.7214609], [-110.6682676, 44.7199619]]}, "properties": {"hgv": "no", "highway": "secondary", "lanes": "2", "loc_ref": "US 20", "maxspeed": "45 mph", "name": "Norris-Canyon Road", "nps:route_desc": "PRIMARY ROUTE", "source": "National Park Service", "source:name": "https://www.nps.gov/yell/planyourvisit/maps.htm", "surface": "asphalt", "osm_id": 105423123}}, {"type": "Feature", "geometry": {"type": "LineString", "coordinates": [[-110.70174, 44.969206], [-110.7014952, 44.9685045], [-110.7014538, 44.9683738], [-110.7014138, 44.9682343], [-110.7013451, 44.9679505], [-110.701321, 44.9677789], [-110.7013099, 44.9676579], [-110.7012978, 44.9673698], [-110.7012916, 44.9668161], [-110.7012782, 44.966164], [-110.7012748, 44.9657662], [-110.7012607, 44.964147], [-110.7012661, 44.9638814], [-110.7012777, 44.9636204], [-110.7013091, 44.9633594], [-110.7013652, 44.9630985], [-110.7014477, 44.9628422], [-110.7015581, 44.9625814], [-110.7016794, 44.9623207], [-110.7023545, 44.9609373], [-110.7025052, 44.9606226], [-110.7028245, 44.9599397]]}, "properties": {"bicycle": "yes", "foot": "yes", "hgv": "no", "highway": "secondary", "lanes": "2", "maxspeed": "35 mph", "name": "Grand Loop Road", "nps:route_desc": "PRIMARY ROUTE", "source": "National Park Service", "surface": "asphalt", "unsigned_ref": "US 89", "osm_id": 105423142}}, {"type": "Feature", "geometry": {"type": "LineString", "coordinates": [[-110.6630309, 44.7191364], [-110.6626629, 44.7191713], [-110.6622816, 44.7192062], [-110.6618869, 44.719241], [-110.6614802, 44.7192803], [-110.6610641, 44.7193151], [-110.6606457, 44.7193408], [-110.660225, 44.7193441], [-110.6598022, 44.7193158], [-110.6593812, 44.7192561], [-110.6589571, 44.7191738], [-110.6585213, 44.7190734], [-110.6580791, 44.7189911], [-110.6576295, 44.7189447], [-110.6571727, 44.7189389], [-110.6567157, 44.7189465], [-110.6562731, 44.7189407], [-110.6558273, 44.7189033], [-110.6553795, 44.7188345], [-110.6549238, 44.7187656], [-110.6548068, 44.7187617], [-110.6544593, 44.7187326], [-110.6539928, 44.7187447], [-110.6537659, 44.7187766], [-110.653534, 44.7188019], [-110.6533265, 44.7188528], [-110.6530937, 44.7189181], [-110.6526881, 44.7190652], [-110.652265, 44.7192239], [-110.6518432, 44.7193705], [-110.6514048, 44.7194888], [-110.6509376, 44.7195927], [-110.650463, 44.7196471], [-110.6499669, 44.7196688], [-110.6494634, 44.7196628], [-110.648959, 44.7196208], [-110.6484522, 44.7195922], [-110.6479523, 44.7195677], [-110.6474565, 44.7195771], [-110.6469701, 44.7196193], [-110.6464625, 44.7196866], [-110.6459815, 44.7197906], [-110.6454895, 44.7199157], [-110.6450566, 44.7200336], [-110.6448288, 44.7200724], [-110.6445505, 44.7200926], [-110.6443866, 44.7200871], [-110.644073, 44.7200534], [-110.6438496, 44.7200032], [-110.6436166, 44.7199299], [-110.6433851, 44.7198378], [-110.6432062, 44.7197519], [-110.6429692, 44.7196166], [-110.6428554, 44.7195387], [-110.6425088, 44.7193125], [-110.6421662, 44.7190774], [-110.6418307, 44.7188423], [-110.641496, 44.7186117], [-110.6408218, 44.7181414], [-110.6404973, 44.7179153], [-110.6401861, 44.7176983], [-110.6398875, 44.7174948], [-110.6395998, 44.7173004], [-110.6393106, 44.7171194], [-110.6389991, 44.7169564], [-110.6386474, 44.7167977], [-110.6382451, 44.7166524], [-110.6378126, 44.716534], [-110.6375348, 44.7164748], [-110.6373577, 44.716447], [-110.636887, 44.716396], [-110.6364065, 44.7163855], [-110.6359226, 44.7164155], [-110.6354384, 44.7164769], [-110.634955, 44.7165609], [-110.63447, 44.7166404], [-110.6341029, 44.7166838], [-110.6339467, 44.7166869], [-110.6337235, 44.7166802], [-110.6335255, 44.7166464], [-110.6333417, 44.7166133], [-110.6331102, 44.716537], [-110.6330069, 44.7164999], [-110.6328761, 44.7164423], [-110.6327547, 44.7163603], [-110.6326041, 44.7162602], [-110.6324626, 44.7161343], [-110.6322156, 44.7158724], [-110.6319806, 44.7155971], [-110.6317473, 44.7153218], [-110.6316233, 44.7151673], [-110.6314473, 44.7149944], [-110.6312163, 44.7147979], [-110.6309086, 44.7145494], [-110.6305716, 44.7143142], [-110.6302139, 44.714097], [-110.6298357, 44.7138887], [-110.6294346, 44.7136984], [-110.6293505, 44.7136488], [-110.6290143, 44.713517], [-110.6285775, 44.713331], [-110.6281329, 44.713145], [-110.6276835, 44.712959], [-110.6272311, 44.712773], [-110.6267952, 44.712569], [-110.626407, 44.7123337], [-110.6260812, 44.712067], [-110.6257752, 44.7117869], [-110.6254702, 44.7115024], [-110.6251556, 44.7112133], [-110.6248506, 44.7109287], [-110.6245357, 44.7106846], [-110.6243889, 44.7105894], [-110.624203, 44.710526], [-110.6240515, 44.7104463], [-110.6238242, 44.7103987], [-110.623654, 44.7103422], [-110.6234223, 44.7103298], [-110.6229973, 44.7102879], [-110.6225691, 44.7102415], [-110.622134, 44.710177], [-110.6217086, 44.7100721], [-110.6212993, 44.7099267], [-110.6209131, 44.7097544], [-110.6205521, 44.7095596], [-110.6201912, 44.7093694], [-110.6198439, 44.7091612], [-110.6194908, 44.7089619], [-110.6191395, 44.7087717], [-110.618776, 44.7085995], [-110.618392, 44.7084541], [-110.6180023, 44.7083088], [-110.6176073, 44.7081589], [-110.6172122, 44.7080046], [-110.6168229, 44.7078277], [-110.6164446, 44.7076284], [-110.6160697, 44.7074156], [-110.6156878, 44.7071937], [-110.6152947, 44.7069719], [-110.6149009, 44.7067455], [-110.6145047, 44.7065236], [-110.614111, 44.7062927], [-110.6137188, 44.7060663], [-110.6133258, 44.7058444], [-110.6129288, 44.705627], [-110.6125168, 44.7054231], [-110.6120856, 44.705246], [-110.6116352, 44.705105], [-110.611161, 44.7050088], [-110.6106739, 44.7049307], [-110.6101796, 44.7048615], [-110.6096792, 44.7048012], [-110.6091754, 44.7047365], [-110.6086693, 44.7046717], [-110.6081616, 44.7046115], [-110.6076517, 44.7045512], [-110.6071361, 44.7044864], [-110.6066134, 44.7044216], [-110.6060805, 44.7043568], [-110.605539, 44.7042919], [-110.6049912, 44.7042225], [-110.6038938, 44.7040926], [-110.6033546, 44.7040322], [-110.6028209, 44.7039764], [-110.6022888, 44.703916], [-110.6017526, 44.7038736], [-110.6012188, 44.7038268], [-110.6006865, 44.7037889], [-110.6001566, 44.703751], [-110.5996314, 44.7037132], [-110.5991062, 44.7036798], [-110.5985787, 44.703651], [-110.598044, 44.7036131], [-110.597503, 44.7035797], [-110.5969564, 44.7035507], [-110.5964029, 44.7035173], [-110.5958492, 44.7034883], [-110.5952925, 44.7034746], [-110.5947332, 44.7034591], [-110.5941653, 44.7034474], [-110.5936005, 44.7034466], [-110.5930334, 44.7034439], [-110.5924612, 44.7034405], [-110.5919059, 44.7034377], [-110.5913274, 44.70343], [-110.590757, 44.7034227], [-110.5901885, 44.7034169], [-110.5896147, 44.7034103], [-110.588472, 44.7033915], [-110.5879021, 44.7033914], [-110.5873409, 44.7033842], [-110.5867914, 44.7033822], [-110.5862503, 44.703388], [-110.5857279, 44.7034228], [-110.5851823, 44.7034653], [-110.58465, 44.7035309], [-110.5840923, 44.7036078], [-110.5835289, 44.7036835], [-110.5829647, 44.7037625], [-110.5823961, 44.7038286], [-110.5818483, 44.7038974], [-110.5812663, 44.7039763], [-110.580691, 44.7040507], [-110.580108, 44.704127], [-110.5795205, 44.7042033], [-110.5789541, 44.7042841], [-110.5783796, 44.7043592], [-110.5778175, 44.7044471], [-110.5772665, 44.704555], [-110.5767209, 44.7046782], [-110.576162, 44.7048138], [-110.5756127, 44.7049667], [-110.5750813, 44.7051327], [-110.5745595, 44.7053217], [-110.5740587, 44.7055159], [-110.5735501, 44.7057294], [-110.5732084, 44.7058864], [-110.5729326, 44.7060118], [-110.5725987, 44.7061749], [-110.5721543, 44.7064001], [-110.5716793, 44.7066279], [-110.5712078, 44.7068576], [-110.5707516, 44.7070824], [-110.5703228, 44.7073289], [-110.5699039, 44.7076058], [-110.5695141, 44.7078879], [-110.5691068, 44.7081756], [-110.568721, 44.7084442], [-110.5683095, 44.7086876], [-110.5678556, 44.7088873], [-110.5674166, 44.7090526], [-110.5669576, 44.7092201], [-110.5665027, 44.7093785], [-110.5660446, 44.7095433], [-110.5655811, 44.7097081], [-110.5651135, 44.7098773], [-110.5646388, 44.7100511], [-110.564157, 44.7102248], [-110.5636696, 44.710403], [-110.5626822, 44.7107593], [-110.5621917, 44.7109375], [-110.5617053, 44.7111118], [-110.5612156, 44.7112855], [-110.5607354, 44.7114592], [-110.5602598, 44.7116329], [-110.5597899, 44.7118021], [-110.5593176, 44.7119669], [-110.5588672, 44.7121407], [-110.558417, 44.7123055], [-110.5579932, 44.7124838], [-110.5575473, 44.7126859], [-110.5571499, 44.7128935], [-110.5567737, 44.7131395], [-110.5563866, 44.7133946], [-110.5560152, 44.7136452], [-110.5555333, 44.7139732], [-110.5552534, 44.7141612], [-110.5548695, 44.7144208], [-110.5544863, 44.7146849], [-110.5541024, 44.7149399], [-110.5537216, 44.7151995], [-110.5533449, 44.7154591], [-110.5529712, 44.7157142], [-110.5525937, 44.7159693], [-110.5522066, 44.7162289], [-110.5518328, 44.716478], [-110.5513739, 44.7167047], [-110.5508903, 44.7168951], [-110.5503891, 44.7170274], [-110.5498912, 44.7170993], [-110.5496834, 44.7171154], [-110.549551, 44.7171231], [-110.5493471, 44.7171333], [-110.5488432, 44.7171555], [-110.5483257, 44.7171641], [-110.5478031, 44.7171742], [-110.547272, 44.7171787], [-110.5467353, 44.7171901], [-110.5461938, 44.717206], [-110.5456476, 44.7172218], [-110.5450959, 44.7172376], [-110.5445362, 44.7172534], [-110.5441159, 44.7172637], [-110.5439735, 44.7172691], [-110.5434115, 44.7172894], [-110.5428526, 44.7173142], [-110.5422992, 44.717348], [-110.5417456, 44.7173998], [-110.5411991, 44.7174606], [-110.5406594, 44.7175394], [-110.5401308, 44.7176318], [-110.5396082, 44.7177422], [-110.5390905, 44.7178617], [-110.5385772, 44.7179947], [-110.5380678, 44.7181456], [-110.5375591, 44.7183146], [-110.5370495, 44.7184926], [-110.5365382, 44.7186751], [-110.5360246, 44.718862], [-110.5355149, 44.719049], [-110.5350099, 44.719236], [-110.5345113, 44.719423], [-110.5340213, 44.7196056], [-110.5335369, 44.7197837], [-110.5330573, 44.7199572], [-110.5325815, 44.7201308], [-110.532109, 44.7203045], [-110.5316405, 44.7204781], [-110.5311672, 44.7206517], [-110.5306923, 44.7208253], [-110.5302118, 44.7210034], [-110.5297305, 44.7211814], [-110.5292444, 44.721364], [-110.5287506, 44.721542], [-110.5282559, 44.7217245], [-110.5277595, 44.721907], [-110.5272609, 44.7220895], [-110.5267646, 44.722272], [-110.5262786, 44.7224545], [-110.5258137, 44.7226461], [-110.5253771, 44.7228604], [-110.5249703, 44.7230972], [-110.524595, 44.7233567], [-110.5242501, 44.7236299], [-110.5239432, 44.7239212], [-110.5236738, 44.7242351], [-110.5234343, 44.7245627], [-110.5232319, 44.7248995], [-110.5230688, 44.7252499], [-110.5229475, 44.725614], [-110.5228583, 44.7259917], [-110.5227932, 44.7263758], [-110.5227225, 44.7267595], [-110.522641, 44.7271583], [-110.5225581, 44.7275605], [-110.5224976, 44.7279661], [-110.5224593, 44.7283725], [-110.5224705, 44.7287949], [-110.5224876, 44.7292181], [-110.5225023, 44.7296457], [-110.5225177, 44.7300734], [-110.5225441, 44.7305011], [-110.5225697, 44.7309334], [-110.5225899, 44.7313656], [-110.5225772, 44.7317893], [-110.522483, 44.7322125], [-110.522324, 44.7326098], [-110.5220803, 44.7329822], [-110.5218051, 44.733313], [-110.5214649, 44.7336118], [-110.5210881, 44.7338905], [-110.5206418, 44.7341356], [-110.5201701, 44.7343312], [-110.5196544, 44.7344898], [-110.5191053, 44.7345867], [-110.5185349, 44.7346518], [-110.5179466, 44.7346628], [-110.5173492, 44.7346513], [-110.5167416, 44.7346352], [-110.5161166, 44.7346191], [-110.5154789, 44.7346029], [-110.5148364, 44.7345866], [-110.5141925, 44.7345659], [-110.5135477, 44.7345496], [-110.5129115, 44.7345424], [-110.5122865, 44.7345308], [-110.5116788, 44.7345192], [-110.5110869, 44.7344986], [-110.510507, 44.7344826], [-110.5099292, 44.7344712], [-110.5093618, 44.7344597], [-110.5088005, 44.7344573], [-110.508244, 44.7344684], [-110.5076975, 44.7344931], [-110.5071723, 44.7345313], [-110.5066643, 44.7345831], [-110.5061744, 44.7346395], [-110.5056907, 44.7347095], [-110.5052053, 44.7347839], [-110.5047207, 44.7348763], [-110.5042517, 44.7349823], [-110.5037961, 44.7350928], [-110.5034266, 44.735187], [-110.503361, 44.7352037], [-110.5028736, 44.7353319], [-110.5024132, 44.7354514], [-110.5019559, 44.7355665], [-110.5014989, 44.735668], [-110.501045, 44.735756], [-110.5005968, 44.7358306]]}, "properties": {"hgv": "no", "highway": "secondary", "lanes": "2", "loc_ref": "US 20", "maxspeed": "45 mph", "name": "Norris-Canyon Road", "nps:route_desc": "PRIMARY ROUTE", "source": "National Park Service", "source:name": "https://www.nps.gov/yell/planyourvisit/maps.htm", "surface": "asphalt", "osm_id": 105423162}}, {"type": "Feature", "geometry": {"type": "LineString", "coordinates": [[-110.6994415, 44.7385656], [-110.699161, 44.7384048], [-110.6990779, 44.7383497], [-110.698917, 44.738242]]}, "properties": {"hgv": "no", "highway": "secondary", "lanes": "2", "maxspeed": "35 mph", "name": "Grand Loop Road", "nps:route_desc": "PRIMARY ROUTE", "source": "National Park Service", "surface": "asphalt", "unsigned_ref": "US 89", "osm_id": 105423183}}, {"type": "Feature", "geometry": {"type": "LineString", "coordinates": [[-110.7300715, 44.930517], [-110.730194, 44.9303938], [-110.7304747, 44.9301003], [-110.7308058, 44.9296662], [-110.7309739, 44.9294461], [-110.7311329, 44.9292259], [-110.7312841, 44.9290012], [-110.7314361, 44.928763], [-110.7315798, 44.9285158], [-110.7316672, 44.9283633], [-110.7319012, 44.9278774], [-110.7320711, 44.9274694], [-110.7322281, 44.9269735], [-110.7322931, 44.926717], [-110.7323541, 44.9264471], [-110.7324105, 44.9261592], [-110.7324542, 44.9258577], [-110.7324815, 44.9255427], [-110.7324983, 44.9252277], [-110.7324998, 44.9248991], [-110.7324824, 44.924566], [-110.7324475, 44.9242328], [-110.7323945, 44.9238951], [-110.732322, 44.9235529], [-110.7322384, 44.9232061], [-110.7321463, 44.9228548], [-110.7320497, 44.922499], [-110.7319504, 44.9221387], [-110.7318566, 44.9217964], [-110.7317663, 44.9214541], [-110.7316745, 44.9211028], [-110.7315794, 44.9207571], [-110.7314813, 44.9204002], [-110.7314302, 44.920206], [-110.7313888, 44.9200489], [-110.7312977, 44.9196976], [-110.7312111, 44.9193463], [-110.7311367, 44.9189861], [-110.7310707, 44.9186258], [-110.7310091, 44.9182611], [-110.7309502, 44.9178964], [-110.7308879, 44.9175227], [-110.7308281, 44.9171534], [-110.7307689, 44.9167797], [-110.7307122, 44.916406], [-110.7305953, 44.9156495], [-110.7305352, 44.9152803], [-110.7304823, 44.9149201], [-110.7304281, 44.9145644], [-110.7303826, 44.9142132], [-110.7303491, 44.9138575], [-110.7303369, 44.9134974], [-110.7303425, 44.9131419], [-110.7303691, 44.9127863], [-110.7304131, 44.9124354], [-110.730469, 44.9120799], [-110.7305403, 44.911729], [-110.7306323, 44.9113736], [-110.7307444, 44.9110228], [-110.7308735, 44.9106765], [-110.7310215, 44.9103258], [-110.7311784, 44.9099751], [-110.7313387, 44.9096289], [-110.7314999, 44.9092827], [-110.7316618, 44.908941], [-110.7318135, 44.9085993], [-110.7319595, 44.9082575], [-110.7320946, 44.9079158], [-110.7322047, 44.9075605], [-110.7322906, 44.9072006], [-110.7323604, 44.9068407], [-110.7324148, 44.9064717], [-110.7324508, 44.9061027], [-110.7324557, 44.9057426], [-110.7324519, 44.9053825], [-110.7324519, 44.905018], [-110.7324639, 44.9046579], [-110.7324905, 44.9042934], [-110.7325326, 44.9039244], [-110.7325861, 44.9035599], [-110.7326286, 44.9031999], [-110.7326809, 44.9028445], [-110.7327368, 44.902489], [-110.7327947, 44.9021291], [-110.7328519, 44.9017601], [-110.7329002, 44.9013957], [-110.7329585, 44.9010222], [-110.7330098, 44.9006442], [-110.733093, 44.9000727], [-110.7331241, 44.8998883], [-110.7331853, 44.8995059], [-110.7332412, 44.8991279], [-110.7332968, 44.8987545], [-110.7333538, 44.89839], [-110.7334058, 44.8980301], [-110.7334557, 44.8976701], [-110.7335124, 44.8973192], [-110.7335647, 44.8969637], [-110.7336189, 44.8966037], [-110.7336705, 44.8962393], [-110.7337257, 44.8958703], [-110.7337801, 44.8954969], [-110.7338364, 44.8951234], [-110.7338923, 44.8947454], [-110.7339495, 44.8943675], [-110.7340086, 44.8939895], [-110.7340665, 44.8936116], [-110.734134, 44.8932246], [-110.7341824, 44.8928557], [-110.7342432, 44.8924732], [-110.7342983, 44.8920953], [-110.7343368, 44.8917308], [-110.7343491, 44.8913707], [-110.7343313, 44.8910196], [-110.7342542, 44.8906728], [-110.7341394, 44.8903395], [-110.7339727, 44.890024], [-110.7337801, 44.8897175], [-110.7335861, 44.889411], [-110.7333907, 44.8891225], [-110.7331915, 44.8888294], [-110.7329937, 44.8885364], [-110.7327921, 44.8882434], [-110.732631, 44.8880044]]}, "properties": {"hgv": "no", "highway": "secondary", "lanes": "2", "maxspeed": "45 mph", "name": "Grand Loop Road", "nps:route_desc": "PRIMARY ROUTE", "source": "National Park Service", "surface": "asphalt", "unsigned_ref": "US 89", "osm_id": 105423185}}, {"type": "Feature", "geometry": {"type": "LineString", "coordinates": [[-110.6682676, 44.7199619], [-110.6671244, 44.7194995], [-110.666967, 44.719436], [-110.6666544, 44.719309], [-110.6665088, 44.7192546], [-110.6662331, 44.7191638], [-110.6660299, 44.7191002], [-110.6657193, 44.7190317], [-110.6653992, 44.7189903], [-110.6650788, 44.7189758], [-110.6647545, 44.7189839], [-110.6644252, 44.7190099], [-110.664085, 44.7190359], [-110.6630309, 44.7191364]]}, "properties": {"hgv": "no", "highway": "secondary", "lanes": "2", "loc_ref": "US 20", "maxspeed": "35 mph", "name": "Norris-Canyon Road", "nps:route_desc": "PRIMARY ROUTE", "source": "National Park Service", "source:name": "https://www.nps.gov/yell/planyourvisit/maps.htm", "surface": "asphalt", "osm_id": 105423195}}, {"type": "Feature", "geometry": {"type": "LineString", "coordinates": [[-110.493582, 44.7317651], [-110.4936733, 44.7304752], [-110.4936933, 44.7301782], [-110.4937116, 44.7298902], [-110.4937242, 44.7296202], [-110.493736, 44.7293547], [-110.4937542, 44.7290847], [-110.4937654, 44.7287967], [-110.4937844, 44.7285087], [-110.4938067, 44.7282117], [-110.4938212, 44.7279102], [-110.4938374, 44.7275952], [-110.4938527, 44.7272802], [-110.4938688, 44.7269697], [-110.493889, 44.7266592], [-110.4939082, 44.7263532], [-110.4939321, 44.7260562], [-110.4939518, 44.7258329], [-110.4939583, 44.7257593], [-110.4939728, 44.7254622], [-110.4939848, 44.7251652], [-110.4939953, 44.7248772], [-110.4940127, 44.7245892], [-110.4940461, 44.7242968], [-110.4940944, 44.7240089], [-110.4941536, 44.7237391], [-110.4942291, 44.7234919], [-110.4942871, 44.7233526], [-110.4944589, 44.7230113], [-110.4946086, 44.7227734], [-110.4947715, 44.7225625], [-110.4949094, 44.7224011], [-110.4950265, 44.7222801], [-110.4951188, 44.7221905], [-110.4953153, 44.7220158], [-110.4954211, 44.7219127], [-110.4955806, 44.7218054], [-110.495818, 44.7216399], [-110.4961187, 44.7214612], [-110.496446, 44.7213006], [-110.4967953, 44.7211536], [-110.4971453, 44.7210201], [-110.4974982, 44.7209091], [-110.4978573, 44.7208207], [-110.4982083, 44.7207457], [-110.4985568, 44.7206977], [-110.4989011, 44.7206632], [-110.4992605, 44.7206333], [-110.4996407, 44.7206035], [-110.5000162, 44.7205781], [-110.500423, 44.7205393], [-110.5008361, 44.7204961], [-110.5012509, 44.7204304], [-110.5016336, 44.7203466], [-110.5019833, 44.7202401], [-110.502315, 44.7201155], [-110.5026279, 44.7199863], [-110.5029425, 44.7198301], [-110.5032534, 44.7196469], [-110.5035518, 44.7194457], [-110.5037108, 44.719327], [-110.5038355, 44.7192219], [-110.503968, 44.719102], [-110.5041015, 44.7189515], [-110.5041995, 44.7188273], [-110.5043105, 44.7186857], [-110.5044126, 44.7185217], [-110.5044945, 44.718383], [-110.5046405, 44.7181046], [-110.5047297, 44.7178214], [-110.5047873, 44.7175471], [-110.5048452, 44.7172727], [-110.5048643, 44.7170766], [-110.5049222, 44.7166475], [-110.5049362, 44.7164674], [-110.5049598, 44.7161929], [-110.5049787, 44.715923], [-110.5049906, 44.7156394], [-110.5049715, 44.7153783], [-110.5049059, 44.7151124], [-110.5048039, 44.7148554], [-110.5046689, 44.7145938], [-110.5045158, 44.714323], [-110.5043594, 44.7140478], [-110.5042176, 44.7137591], [-110.5041455, 44.7135112], [-110.5041296, 44.7132456], [-110.504157, 44.7129891], [-110.5042271, 44.7127284], [-110.5043302, 44.7124902], [-110.5043942, 44.7123966], [-110.5044734, 44.7122658], [-110.5046448, 44.712046], [-110.5048219, 44.7118262], [-110.5049912, 44.7115929], [-110.5050954, 44.7114528], [-110.5051679, 44.7113326], [-110.5052368, 44.7111988], [-110.5052736, 44.7111072], [-110.5053057, 44.7109804], [-110.5053351, 44.7108446], [-110.5053505, 44.710644], [-110.5053393, 44.7104666], [-110.5053249, 44.710345], [-110.5053057, 44.7102269], [-110.505253, 44.7100495], [-110.5051247, 44.7098052], [-110.5050225, 44.70968], [-110.5049593, 44.7095807], [-110.5047767, 44.7093503], [-110.5045845, 44.709129], [-110.5043945, 44.7089301], [-110.5042046, 44.7087132], [-110.5040342, 44.7085189], [-110.5038992, 44.7083428], [-110.5037667, 44.7081268], [-110.5036638, 44.7079096], [-110.5035833, 44.7076482], [-110.5035646, 44.7075292], [-110.5035344, 44.7073689], [-110.5034968, 44.7070627], [-110.5034913, 44.706743], [-110.5034674, 44.7064333], [-110.5034523, 44.7061178], [-110.5034151, 44.7058097], [-110.5034211, 44.7056992], [-110.5034228, 44.7055055], [-110.5034369, 44.7053594], [-110.5034663, 44.7051926], [-110.5035107, 44.7050521], [-110.5035721, 44.7048934], [-110.5036642, 44.704746], [-110.5037538, 44.7046028], [-110.5039627, 44.704328], [-110.5042197, 44.704077], [-110.5044934, 44.7038126], [-110.504763, 44.7035573], [-110.5050161, 44.7032883], [-110.5052731, 44.7030373], [-110.5055253, 44.7027863], [-110.5057514, 44.7025672], [-110.5058082, 44.7024885], [-110.5059336, 44.7022868], [-110.5059975, 44.7021088], [-110.5060371, 44.7020003], [-110.5060854, 44.7017683]]}, "properties": {"hgv": "no", "highway": "secondary", "lanes": "2", "loc_ref": "US 20;US 89 ALT", "maxspeed": "35 mph", "name": "Grand Loop Road", "nps:route_desc": "PRIMARY ROUTE", "source": "National Park Service;Bing", "surface": "asphalt", "osm_id": 105561471}}, {"type": "Feature", "geometry": {"type": "LineString", "coordinates": [[-110.7463025, 44.6792159], [-110.7463238, 44.6788544], [-110.7463307, 44.6787149], [-110.7463491, 44.6785628]]}, "properties": {"bridge": "yes", "hgv": "no", "highway": "secondary", "lanes": "2", "layer": "1", "loc_ref": "US 20;US 89", "maxspeed": "45 mph", "name": "Grand Loop Road", "nps:route_desc": "PRIMARY ROUTE", "source": "National Park Service", "surface": "asphalt", "osm_id": 105953474}}, {"type": "Feature", "geometry": {"type": "LineString", "coordinates": [[-110.8096514, 44.5449371], [-110.8091204, 44.545575], [-110.8082369, 44.5466168], [-110.8067543, 44.5484055], [-110.8062698, 44.5489922]]}, "properties": {"hgv": "no", "highway": "secondary", "lanes": "2", "maxspeed": "35 mph", "name": "Grand Loop Road", "surface": "asphalt", "unsigned_ref": "US 20 Alt;US 89;US 191;US 287", "osm_id": 105953476}}, {"type": "Feature", "geometry": {"type": "LineString", "coordinates": [[-110.7463491, 44.6785628], [-110.7463784, 44.6784494], [-110.7464422, 44.6782785], [-110.7465254, 44.6780739], [-110.746616, 44.6778716], [-110.7466975, 44.6776702], [-110.7467739, 44.6774577], [-110.7468179, 44.6772388], [-110.7468407, 44.6770273], [-110.7468482, 44.6768214], [-110.7468193, 44.6765958], [-110.7467569, 44.6763668], [-110.7466587, 44.6761344], [-110.7465138, 44.6758784], [-110.7463602, 44.67566], [-110.7461648, 44.6754409], [-110.7459629, 44.6752296], [-110.7452835, 44.6745839], [-110.7443914, 44.6737255], [-110.743758, 44.6731233], [-110.7435489, 44.6729101], [-110.7433952, 44.6727237], [-110.7432629, 44.6725296], [-110.74316, 44.6723406], [-110.7430709, 44.6721255], [-110.7428756, 44.671535], [-110.7428058, 44.6712916], [-110.7427483, 44.6710243], [-110.7427274, 44.6708145], [-110.7427256, 44.6706047], [-110.7427438, 44.6704024], [-110.7427964, 44.6701542], [-110.7429223, 44.6697081], [-110.7429932, 44.6695016], [-110.7430881, 44.6692918], [-110.7432416, 44.6690508], [-110.7434204, 44.6688458], [-110.7436562, 44.6686348], [-110.7438989, 44.6684393], [-110.7441378, 44.6682491], [-110.7442766, 44.6681299]]}, "properties": {"hgv": "no", "highway": "secondary", "lanes": "2", "loc_ref": "US 20;US 89", "maxspeed": "45 mph", "name": "Grand Loop Road", "nps:route_desc": "PRIMARY ROUTE", "source": "National Park Service", "surface": "asphalt", "osm_id": 105953478}}, {"type": "Feature", "geometry": {"type": "LineString", "coordinates": [[-110.8549008, 44.4669181], [-110.855559, 44.467877], [-110.8560774, 44.4685258], [-110.8567507, 44.4693508], [-110.8576479, 44.4704676], [-110.8578014, 44.4707326], [-110.8579166, 44.4710095], [-110.8579758, 44.4712073], [-110.8580089, 44.4714228], [-110.8580267, 44.4716121], [-110.8580127, 44.4718085], [-110.857951, 44.472154], [-110.8578578, 44.4724151], [-110.8577324, 44.4726669], [-110.8575694, 44.4728964], [-110.8573508, 44.4731797], [-110.8568478, 44.4738229], [-110.8564632, 44.4743747], [-110.8560661, 44.4749569], [-110.8556583, 44.4757267], [-110.8553355, 44.4763682], [-110.8550925, 44.4769625], [-110.8549896, 44.4772568], [-110.8547564, 44.4779381], [-110.8545297, 44.478708]]}, "properties": {"hgv": "no", "highway": "secondary", "lanes": "2", "maxspeed": "45 mph", "name": "Grand Loop Road", "surface": "asphalt", "unsigned_ref": "US 20 Alt;US 89;US 191;US 287", "osm_id": 105953483}}, {"type": "Feature", "geometry": {"type": "LineString", "coordinates": [[-110.8585627, 44.6388796], [-110.8581817, 44.6387171], [-110.8578071, 44.6385275], [-110.857472, 44.6383066], [-110.8572231, 44.6380497], [-110.8570882, 44.6377614], [-110.8570692, 44.6374823], [-110.8571436, 44.6372168], [-110.8572798, 44.6369785], [-110.8574468, 44.6367671], [-110.8576238, 44.6365783], [-110.8579944, 44.6361721]]}, "properties": {"hgv": "no", "highway": "secondary", "lanes": "2", "maxspeed": "35 mph", "name": "Grand Loop Road", "nps:route_desc": "PRIMARY ROUTE", "source": "National Park Service", "surface": "asphalt", "unsigned_ref": "US 20 Alt;US 89;US 191;US 287", "osm_id": 105953484}}, {"type": "Feature", "geometry": {"type": "LineString", "coordinates": [[-110.7767174, 44.6490868], [-110.7760547, 44.6490916], [-110.7750789, 44.6491652], [-110.7743488, 44.649307], [-110.7742767, 44.6493253], [-110.7734226, 44.6495554], [-110.7725612, 44.6499508], [-110.7718039, 44.6504349], [-110.7714657, 44.6507585], [-110.7713523, 44.6510247], [-110.7713003, 44.6512405], [-110.771378, 44.6515732], [-110.7717458, 44.6522612], [-110.7722643, 44.6531243], [-110.772334, 44.6532508], [-110.7723614, 44.6533569], [-110.7723657, 44.6534452], [-110.7723475, 44.6535286], [-110.7723021, 44.653619], [-110.7719258, 44.653977], [-110.7717847, 44.6541359], [-110.771737, 44.6542836], [-110.7717146, 44.6544755], [-110.7716422, 44.6548258], [-110.7714071, 44.6551861], [-110.7711534, 44.6554425], [-110.770815, 44.655651], [-110.7703633, 44.6558965], [-110.7701835, 44.6560245], [-110.7699988, 44.6562139], [-110.7697133, 44.6566807], [-110.769623, 44.6569293], [-110.7695615, 44.6571583]]}, "properties": {"hgv": "no", "highway": "secondary", "lanes": "2", "loc_ref": "US 20;US 89", "maxspeed": "35 mph", "name": "Grand Loop Road", "source": "TIGER;GPS survey", "surface": "asphalt", "osm_id": 105953485}}, {"type": "Feature", "geometry": {"type": "LineString", "coordinates": [[-110.8534236, 44.6465444], [-110.8529895, 44.6465928], [-110.8526838, 44.646647], [-110.8523539, 44.6467514], [-110.8520309, 44.6468764], [-110.8517632, 44.6470092], [-110.8511131, 44.6473604], [-110.8502323, 44.6478181], [-110.8493702, 44.6482438], [-110.8482394, 44.6488695], [-110.8477029, 44.6491571], [-110.8473947, 44.6493026], [-110.8471623, 44.6494123], [-110.8469519, 44.6494815], [-110.8467679, 44.6495281], [-110.8465855, 44.6495563], [-110.8464337, 44.6495697], [-110.8460834, 44.6495666], [-110.8456629, 44.6494765], [-110.8447386, 44.6492174], [-110.8435112, 44.6488438], [-110.8425826, 44.6485995], [-110.8423439, 44.6485627], [-110.8420998, 44.6485227], [-110.8417435, 44.6485012], [-110.8414829, 44.6485112], [-110.8411637, 44.6485475], [-110.84083, 44.648603], [-110.8396831, 44.6488564], [-110.8394337, 44.648889], [-110.8390099, 44.6489482], [-110.8383163, 44.6490086], [-110.8370539, 44.6490928], [-110.8364779, 44.6491333], [-110.8360782, 44.6491728], [-110.8354774, 44.6492421], [-110.8349524, 44.6493054], [-110.8346137, 44.6493756], [-110.8342677, 44.6494691], [-110.8338177, 44.649646], [-110.8335261, 44.6497888], [-110.8330575, 44.6500299], [-110.8329226, 44.650096], [-110.8327706, 44.6501509], [-110.8325712, 44.6502124], [-110.8323701, 44.6502353], [-110.8320845, 44.6502425], [-110.8317008, 44.6502133], [-110.8311922, 44.6501715], [-110.8307715, 44.6501437], [-110.8303345, 44.6501363], [-110.829959, 44.6501522], [-110.8295395, 44.650196], [-110.8292654, 44.6502334], [-110.8289516, 44.6502902], [-110.8286295, 44.6503588], [-110.8264223, 44.6509996], [-110.8229354, 44.6520003], [-110.8210256, 44.6525643], [-110.8192352, 44.6530735], [-110.8182244, 44.6533388], [-110.8178293, 44.6534353], [-110.8173149, 44.6534963], [-110.8168033, 44.6535367], [-110.8163371, 44.6535077], [-110.8159263, 44.6534798], [-110.8153544, 44.6533882], [-110.8076941, 44.651709], [-110.8069505, 44.6515389], [-110.806384, 44.651429], [-110.8054823, 44.6513609], [-110.8028299, 44.6511899], [-110.8024026, 44.6511492], [-110.8020223, 44.6511055], [-110.8016152, 44.6510382], [-110.8012793, 44.6509716], [-110.8009755, 44.6509041], [-110.800592, 44.650814], [-110.8002211, 44.6507129], [-110.8001364, 44.6506827], [-110.7996515, 44.6505097], [-110.7994779, 44.6504417], [-110.7993161, 44.650373], [-110.7991388, 44.6502809], [-110.7988831, 44.6501212], [-110.7986805, 44.649958], [-110.7983742, 44.6496945], [-110.7982365, 44.6495807], [-110.7980694, 44.6494549], [-110.7979814, 44.6493987], [-110.7978843, 44.6493398], [-110.7976362, 44.6492158], [-110.7974969, 44.6491563], [-110.797463, 44.6491419], [-110.797404, 44.6491167], [-110.7971129, 44.6490338], [-110.7967468, 44.6489586], [-110.7964183, 44.6489175], [-110.7959213, 44.6489319], [-110.7949901, 44.6489827], [-110.7945063, 44.6490173], [-110.7940397, 44.6490508], [-110.7928324, 44.6491373], [-110.7923081, 44.6491806], [-110.7880248, 44.6495139], [-110.7863656, 44.6496257], [-110.785569, 44.6496078], [-110.7849964, 44.6495219], [-110.7847361, 44.6494747], [-110.7841569, 44.6493778], [-110.7838087, 44.6493283], [-110.7834065, 44.6492968], [-110.781863, 44.6492722], [-110.7792015, 44.6492429], [-110.7783468, 44.6491952], [-110.7776682, 44.6491433]]}, "properties": {"hgv": "no", "highway": "secondary", "lanes": "2", "loc_ref": "US 20;US 89", "maxspeed": "45 mph", "name": "Grand Loop Road", "source": "TIGER;GPS survey", "surface": "asphalt", "osm_id": 105953491}}, {"type": "Feature", "geometry": {"type": "LineString", "coordinates": [[-110.5759622, 44.4114206], [-110.5758109, 44.4112625], [-110.5745273, 44.4099793], [-110.5741717, 44.4096584], [-110.5737877, 44.4093554], [-110.5716693, 44.4078169], [-110.5713172, 44.40755], [-110.5709623, 44.4072651], [-110.5706199, 44.4069532], [-110.5702904, 44.4066099], [-110.5699954, 44.4062667], [-110.5697406, 44.4059011], [-110.5695253, 44.4055472]]}, "properties": {"hgv": "no", "highway": "secondary", "maxspeed": "45 mph", "name": "South Entrance Road", "nps:route_desc": "PRIMARY ROUTE", "shoulder": "yes", "source": "National Park Service", "unsigned_ref": "US 89;US 191;US 287", "osm_id": 106211035}}, {"type": "Feature", "geometry": {"type": "LineString", "coordinates": [[-110.8018918, 44.4421684], [-110.8017366, 44.4418125], [-110.8015489, 44.4414746], [-110.8013336, 44.4411456], [-110.801076, 44.4408255], [-110.8007926, 44.4405235], [-110.8004968, 44.4402303], [-110.8002036, 44.4399372], [-110.7999385, 44.4396352], [-110.7997082, 44.4393287], [-110.7995082, 44.4390177], [-110.7993318, 44.4387023], [-110.799183, 44.4383735], [-110.7990651, 44.4380402], [-110.7989787, 44.4376934], [-110.7988393, 44.4373872], [-110.7986455, 44.4370716], [-110.7983943, 44.4368011], [-110.7980857, 44.436571], [-110.7977416, 44.4363813], [-110.7973667, 44.4362231], [-110.7969678, 44.4361188], [-110.7965424, 44.4360596], [-110.7961073, 44.4360408], [-110.7956676, 44.4360265], [-110.7952251, 44.4360167], [-110.7947804, 44.4359844], [-110.7943384, 44.4359251], [-110.7939135, 44.4358118], [-110.793516, 44.4356445], [-110.7931429, 44.4354413], [-110.7927878, 44.4352291], [-110.7924373, 44.4350124], [-110.7920799, 44.4348046], [-110.7917142, 44.4346059], [-110.7913285, 44.4344297], [-110.7909154, 44.4342939], [-110.790489, 44.4341805], [-110.7900611, 44.4340717], [-110.7896272, 44.4339629], [-110.7891914, 44.4338541], [-110.7887653, 44.4337452], [-110.7883235, 44.4336364], [-110.7878866, 44.433523], [-110.7874406, 44.4334097], [-110.7869906, 44.4333008], [-110.78655, 44.4331919], [-110.7861141, 44.4330921], [-110.7856806, 44.4330013], [-110.7852431, 44.4329284], [-110.7847952, 44.4328961], [-110.7843402, 44.4328817], [-110.7838808, 44.4328718], [-110.7834079, 44.4328349], [-110.7829279, 44.4327665], [-110.7824505, 44.4326755], [-110.7819714, 44.4325711], [-110.7814915, 44.4324712], [-110.7810172, 44.4323757], [-110.7805342, 44.4322713], [-110.780047, 44.4321713], [-110.779542, 44.432086], [-110.7789894, 44.432014], [-110.7785117, 44.4319817], [-110.7780082, 44.4319607], [-110.7774841, 44.431957], [-110.7769627, 44.4319582], [-110.7764295, 44.4319505], [-110.7759047, 44.4319366], [-110.7753691, 44.4318864], [-110.7748594, 44.4317963], [-110.7743976, 44.4316963], [-110.7738744, 44.4315474], [-110.7734235, 44.4314036], [-110.7729942, 44.4312419], [-110.7725498, 44.4310917], [-110.772114, 44.4309109], [-110.7716521, 44.4307368], [-110.7712122, 44.4305796], [-110.7707506, 44.4304167], [-110.7702931, 44.4302706], [-110.7698194, 44.4301334], [-110.7695006, 44.4300523], [-110.7690217, 44.4299722], [-110.7686786, 44.4299141], [-110.7682802, 44.4298608], [-110.7677802, 44.4298123], [-110.7672576, 44.429798], [-110.7670114, 44.4297988], [-110.7667406, 44.4298015], [-110.7662721, 44.4298304], [-110.7660122, 44.4298582], [-110.7657637, 44.4298958], [-110.7655058, 44.42995], [-110.7653609, 44.4299922], [-110.7651579, 44.4300459], [-110.7649461, 44.4301027], [-110.7647288, 44.4301733], [-110.7645058, 44.4302566], [-110.7642809, 44.430361], [-110.764038, 44.4304928], [-110.7636808, 44.430686], [-110.7633369, 44.430874], [-110.7630618, 44.4310046], [-110.7628783, 44.4310816], [-110.7626581, 44.4311731], [-110.7625039, 44.4312196], [-110.7623269, 44.4312734], [-110.7620788, 44.4313283], [-110.7618492, 44.4313665], [-110.7614023, 44.4314212], [-110.7608647, 44.4314846], [-110.7603252, 44.4315323], [-110.7597636, 44.4315784], [-110.7592015, 44.431622], [-110.758668, 44.4316828], [-110.7581689, 44.4317251], [-110.7578784, 44.4317314], [-110.7575786, 44.431723], [-110.7572548, 44.4317018], [-110.7569337, 44.431667], [-110.7565844, 44.4315986], [-110.7560881, 44.4314845], [-110.7558359, 44.4314164], [-110.7555676, 44.4313549], [-110.7551022, 44.4312403], [-110.7545774, 44.4311196], [-110.7540881, 44.4310024], [-110.7535548, 44.4308769], [-110.7530992, 44.4307732], [-110.7528292, 44.4307048], [-110.7525722, 44.4306417], [-110.752105, 44.4305329], [-110.7517576, 44.430474], [-110.7513458, 44.4304057], [-110.7510818, 44.4303885], [-110.7508028, 44.4303744], [-110.7505317, 44.4303845], [-110.7503146, 44.4304031], [-110.749993, 44.4304422], [-110.7497513, 44.4304865], [-110.7494784, 44.4305615], [-110.749227, 44.4306426], [-110.7489793, 44.4307372], [-110.7487535, 44.4308312], [-110.7485307, 44.4309551], [-110.7482232, 44.4311552], [-110.7480696, 44.4312813], [-110.7479333, 44.4313948], [-110.7478067, 44.4315227], [-110.7476411, 44.4317093], [-110.7474849, 44.4319057], [-110.7473722, 44.4320465], [-110.7471334, 44.4323434], [-110.7468743, 44.4326497], [-110.7467164, 44.4328213], [-110.7465598, 44.4329554], [-110.7463503, 44.4331306], [-110.7461508, 44.4332505], [-110.7459386, 44.43337], [-110.7457124, 44.4334765], [-110.7454611, 44.4335749], [-110.745221, 44.4336587], [-110.7449676, 44.4337233], [-110.7447035, 44.4337714], [-110.7443909, 44.4338191], [-110.7440953, 44.433848], [-110.7436456, 44.4338746], [-110.7431579, 44.4339013], [-110.7425293, 44.4339306], [-110.7420081, 44.4339591], [-110.7413826, 44.4339884], [-110.7407743, 44.4340179], [-110.7402654, 44.4340427], [-110.7397007, 44.4340694], [-110.7391446, 44.4340923], [-110.7386133, 44.4341238], [-110.7380499, 44.4341582], [-110.7376471, 44.4341725], [-110.7371054, 44.4342106], [-110.7367668, 44.4342251], [-110.7364174, 44.4342629], [-110.7361552, 44.4343219], [-110.735819, 44.4344152], [-110.7354737, 44.4345424], [-110.7352526, 44.4346522], [-110.7350467, 44.4347689], [-110.7348757, 44.4348778], [-110.7346728, 44.435039], [-110.7343452, 44.435344], [-110.7340256, 44.4356497], [-110.7338633, 44.4358148], [-110.7336959, 44.4359673], [-110.733375, 44.436298], [-110.7330304, 44.436628], [-110.7327548, 44.4368977], [-110.7324572, 44.4371844], [-110.7321572, 44.437488], [-110.7318592, 44.4377106], [-110.7316437, 44.4378477], [-110.7314235, 44.4379458], [-110.7310914, 44.4380621], [-110.730623, 44.438144], [-110.7302033, 44.4381436], [-110.7299633, 44.4381273], [-110.7297167, 44.4380805], [-110.7295074, 44.4380325], [-110.7292821, 44.4379548], [-110.7291265, 44.4378812], [-110.7289492, 44.4377684], [-110.7287925, 44.4376505], [-110.7286582, 44.4375165], [-110.7283473, 44.4372952], [-110.728003, 44.4371098], [-110.7276158, 44.4369738], [-110.7271991, 44.4368918], [-110.7269834, 44.4368767], [-110.7267555, 44.4368737], [-110.7265194, 44.4369007], [-110.7263212, 44.4369361], [-110.7259913, 44.4370176], [-110.7257979, 44.4370931], [-110.725555, 44.4372037], [-110.7252437, 44.4373988], [-110.7249642, 44.4376247], [-110.7247279, 44.4378727], [-110.7245969, 44.43801], [-110.724439, 44.4381463], [-110.7243019, 44.438259], [-110.7241359, 44.4383697], [-110.7239056, 44.438496], [-110.7236852, 44.4386056], [-110.7234078, 44.438716], [-110.7230045, 44.438868], [-110.7226002, 44.4390206], [-110.7220873, 44.4392151], [-110.7217922, 44.4393398], [-110.7215268, 44.4394828], [-110.7214078, 44.4395684], [-110.7212609, 44.4396782], [-110.7210078, 44.4398887], [-110.7207478, 44.4401062], [-110.7204668, 44.4403202], [-110.7202134, 44.4405148], [-110.719947, 44.4407473], [-110.7197041, 44.4409503], [-110.719553, 44.4410756], [-110.7194147, 44.441186], [-110.7192052, 44.4412959]]}, "properties": {"hgv": "no", "highway": "secondary", "lanes": "2", "maxspeed": "45 mph", "name": "Grand Loop Road", "nps:route_desc": "PRIMARY ROUTE", "source": "National Park Service", "surface": "asphalt", "unsigned_ref": "US 20 Alt;US 89;US 191;US 287", "osm_id": 106211036}}, {"type": "Feature", "geometry": {"type": "LineString", "coordinates": [[-110.5811006, 44.4165037], [-110.5805799, 44.4160786], [-110.579943, 44.4154657], [-110.5796886, 44.4152286], [-110.5785426, 44.4140525]]}, "properties": {"hgv": "no", "highway": "secondary", "lanes": "3", "lanes:backward": "2", "lanes:forward": "1", "maxspeed": "35 mph", "name": "Grand Loop Road", "nps:route_desc": "PRIMARY ROUTE", "shoulder": "yes", "source": "National Park Service", "surface": "asphalt", "unsigned_ref": "US 20 Alt;US 89;US 191;US 287", "osm_id": 106211039}}, {"type": "Feature", "geometry": {"type": "LineString", "coordinates": [[-110.8093471, 44.4498379], [-110.8084688, 44.4492468], [-110.8083027, 44.449125], [-110.8079338, 44.4489128], [-110.8075578, 44.4487141], [-110.8071877, 44.4484929], [-110.8068174, 44.4482447], [-110.8065359, 44.4479696], [-110.8063088, 44.4476767], [-110.8062086, 44.4474927], [-110.8061444, 44.4473748], [-110.8059946, 44.4470729], [-110.8058643, 44.4467846], [-110.8057286, 44.4465143], [-110.8055649, 44.446271], [-110.8053716, 44.4460456], [-110.805157, 44.4458381], [-110.8049193, 44.4456352], [-110.804658, 44.4454502], [-110.8044534, 44.4453164], [-110.8040828, 44.4450936], [-110.8036399, 44.4448002], [-110.8034957, 44.4446919], [-110.8032095, 44.4444529], [-110.802952, 44.4441913], [-110.8027196, 44.4438938], [-110.8025102, 44.4435694], [-110.8023398, 44.4432405], [-110.8021835, 44.4428891], [-110.8020327, 44.4425332], [-110.8018918, 44.4421684]]}, "properties": {"hgv": "no", "highway": "secondary", "lanes": "2", "maxspeed": "35 mph", "name": "Grand Loop Road", "nps:route_desc": "PRIMARY ROUTE", "source": "National Park Service", "surface": "asphalt", "unsigned_ref": "US 20 Alt;US 89;US 191;US 287", "osm_id": 106211041}}, {"type": "Feature", "geometry": {"type": "LineString", "coordinates": [[-110.8314943, 44.4548621], [-110.8318135, 44.4549463], [-110.8321515, 44.4550152], [-110.8327644, 44.4551196], [-110.8337367, 44.4552689], [-110.8342778, 44.4553704], [-110.834557, 44.4554326], [-110.8348404, 44.4554958], [-110.8355673, 44.4556959], [-110.8362754, 44.4559371], [-110.8369781, 44.4562137], [-110.8373389, 44.4563822], [-110.8377743, 44.4566046]]}, "properties": {"hgv": "no", "highway": "secondary", "lanes": "2", "maxspeed": "25 mph", "name": "Grand Loop Road", "surface": "asphalt", "unsigned_ref": "US 20 Alt;US 89;US 191;US 287", "osm_id": 106211044}}, {"type": "Feature", "geometry": {"type": "LineString", "coordinates": [[-110.8377743, 44.4566046], [-110.838335, 44.4569243], [-110.8387867, 44.4572155], [-110.840064, 44.4581397], [-110.8417463, 44.4593872]]}, "properties": {"hgv": "no", "highway": "secondary", "lanes": "2", "maxspeed": "35 mph", "name": "Grand Loop Road", "surface": "asphalt", "unsigned_ref": "US 20 Alt;US 89;US 191;US 287", "osm_id": 106211045}}, {"type": "Feature", "geometry": {"type": "LineString", "coordinates": [[-110.5703737, 44.3946949], [-110.5706515, 44.3939442], [-110.57114, 44.3926292]]}, "properties": {"hgv": "no", "highway": "secondary", "lanes": "2", "maxspeed": "35 mph", "name": "South Entrance Road", "nps:route_desc": "PRIMARY ROUTE", "shoulder": "yes", "source": "National Park Service", "unsigned_ref": "US 89;US 191;US 287", "osm_id": 106211046}}, {"type": "Feature", "geometry": {"type": "LineString", "coordinates": [[-110.3855261, 44.5678967], [-110.3852125, 44.5678215], [-110.3849229, 44.5677492], [-110.3846057, 44.5676607], [-110.3839887, 44.5674512], [-110.3837759, 44.567374], [-110.3835611, 44.5672839], [-110.3833523, 44.5671931], [-110.3829283, 44.5670011], [-110.3829173, 44.5669961]]}, "properties": {"hgv": "no", "highway": "secondary", "loc_ref": "US 14;US 16;US 20", "maxspeed": "25 mph", "name": "East Entrance Road", "nps:route_desc": "PRIMARY ROUTE", "source": "National Park Service", "surface": "asphalt", "wikidata": "Q111962646", "osm_id": 106349019}}, {"type": "Feature", "geometry": {"type": "LineString", "coordinates": [[-110.3812034, 44.5662036], [-110.3811945, 44.5661993], [-110.3811776, 44.5661914], [-110.3807917, 44.5660162], [-110.380485, 44.5658983], [-110.3801927, 44.565795], [-110.3795897, 44.5656128], [-110.3794757, 44.5655781], [-110.3784618, 44.5652889], [-110.3782442, 44.5652261], [-110.3776587, 44.5650511], [-110.3767003, 44.5647623], [-110.3765998, 44.5647338], [-110.3754549, 44.564409], [-110.3748113, 44.5642264], [-110.3730115, 44.5637249], [-110.3725137, 44.563579], [-110.3708681, 44.5631046], [-110.3701795, 44.5629105], [-110.368473, 44.5624154], [-110.3676753, 44.5621838]]}, "properties": {"hgv": "no", "highway": "secondary", "lanes": "2", "loc_ref": "US 14;US 16;US 20", "maxspeed": "25 mph", "name": "East Entrance Road", "nps:route_desc": "PRIMARY ROUTE", "source": "National Park Service", "surface": "asphalt", "wikidata": "Q111962646", "osm_id": 106349054}}, {"type": "Feature", "geometry": {"type": "LineString", "coordinates": [[-110.5736262, 44.4180894], [-110.5738219, 44.4177326], [-110.573989, 44.4175307], [-110.5741779, 44.4173513], [-110.5743824, 44.4171991], [-110.5746001, 44.4170558], [-110.57541, 44.416574], [-110.5759019, 44.4162774], [-110.5761165, 44.4161297], [-110.5763052, 44.4159683], [-110.5766147, 44.4156126], [-110.5769105, 44.4152143], [-110.5770745, 44.4150124], [-110.5772666, 44.414824], [-110.5774821, 44.4146538], [-110.5777078, 44.4145015], [-110.5778741, 44.4143994], [-110.5785426, 44.4140525]]}, "properties": {"hgv": "no", "highway": "secondary", "maxspeed": "35 mph", "name": "Grand Loop Road", "nps:route_desc": "PRIMARY ROUTE", "source": "National Park Service", "unsigned_ref": "US 14;US 16;US 20 Alt;US 89 Alt", "osm_id": 106349083}}, {"type": "Feature", "geometry": {"type": "LineString", "coordinates": [[-110.4358294, 44.6290618], [-110.4353004, 44.6288475], [-110.4347576, 44.628607], [-110.4340033, 44.6282251], [-110.4336513, 44.6280383], [-110.4333903, 44.6278839], [-110.4331611, 44.6277208], [-110.4329706, 44.6275398], [-110.4328772, 44.6273502], [-110.4328035, 44.6271473], [-110.4327804, 44.6269311], [-110.4328077, 44.6267107], [-110.4328754, 44.626486], [-110.4329152, 44.6263843], [-110.4330396, 44.6260367], [-110.4330915, 44.6258074], [-110.4330962, 44.6255688], [-110.4330347, 44.6253345], [-110.4329187, 44.6251043], [-110.4327443, 44.6248919], [-110.4317534, 44.6238646], [-110.4313897, 44.6234984], [-110.4300856, 44.6221365]]}, "properties": {"hgv": "no", "highway": "secondary", "lanes": "2", "loc_ref": "US 20;US 89 ALT", "maxspeed": "25 mph", "name": "Grand Loop Road", "nps:route_desc": "PRIMARY ROUTE", "source": "National Park Service", "surface": "asphalt", "osm_id": 106349098}}, {"type": "Feature", "geometry": {"type": "LineString", "coordinates": [[-110.3918641, 44.6084887], [-110.3914303, 44.6084296], [-110.3910163, 44.6083718], [-110.390804, 44.6083413], [-110.3900936, 44.6081994], [-110.3890796, 44.6080054], [-110.3884699, 44.6079044], [-110.3880024, 44.6078311], [-110.3872551, 44.6077205], [-110.3866271, 44.6075973], [-110.3860296, 44.6074657], [-110.3855785, 44.6073799], [-110.385246, 44.6072706], [-110.3850044, 44.6071678], [-110.3847773, 44.6070448], [-110.384439, 44.6068056], [-110.384163, 44.6065992], [-110.3839195, 44.6063291], [-110.3838837, 44.6062729], [-110.38376, 44.6060789], [-110.3836693, 44.6057956], [-110.3836247, 44.6055145], [-110.3836258, 44.6053145], [-110.3836486, 44.6051146], [-110.3836942, 44.6049498], [-110.3837605, 44.6048036], [-110.3838753, 44.6046007], [-110.3840969, 44.6042901], [-110.3843634, 44.6040121], [-110.3847021, 44.6037025], [-110.384945, 44.603456], [-110.3852001, 44.6031735], [-110.3853743, 44.6029039], [-110.3855697, 44.6025917], [-110.3865801, 44.60063], [-110.3868877, 44.5999835], [-110.3870163, 44.5996691], [-110.3871306, 44.5993501], [-110.387231, 44.5990221], [-110.3873156, 44.5986939], [-110.3873733, 44.5983656], [-110.3874598, 44.5976999], [-110.387562, 44.5967372], [-110.3876056, 44.5964898], [-110.3876764, 44.5959051], [-110.3876787, 44.5956125], [-110.3876361, 44.5953152], [-110.3875565, 44.5950177], [-110.3874462, 44.5947245], [-110.38718, 44.5941289], [-110.3870473, 44.5938626], [-110.3869213, 44.5935693], [-110.3867965, 44.5932401], [-110.3865696, 44.5926697], [-110.3864414, 44.5923822], [-110.3862074, 44.5918601], [-110.3859638, 44.5912988], [-110.385629, 44.5904358], [-110.3853019, 44.5895437], [-110.3851582, 44.5891789], [-110.3849982, 44.5888694], [-110.3848069, 44.5885642], [-110.3843921, 44.587949], [-110.3839619, 44.5873281], [-110.3837786, 44.5870211], [-110.3836227, 44.5867141], [-110.3835017, 44.5863984], [-110.3834153, 44.5860783], [-110.3831198, 44.5844839], [-110.3830206, 44.5841477], [-110.3828838, 44.5838534], [-110.3827657, 44.5836624], [-110.3826155, 44.5834676], [-110.382344, 44.5831017], [-110.382053, 44.5826012], [-110.3818726, 44.5822659], [-110.3816742, 44.5819622], [-110.3813844, 44.5815916], [-110.3808722, 44.5809497], [-110.3803303, 44.5802811], [-110.380156, 44.580025], [-110.3799656, 44.5797098], [-110.3798422, 44.5793927], [-110.3797563, 44.5791577], [-110.3796839, 44.5789093], [-110.3796303, 44.5786648], [-110.3796195, 44.5783897], [-110.3796276, 44.5780687], [-110.3796544, 44.5778031], [-110.3797431, 44.5774205], [-110.379863, 44.577097], [-110.3800324, 44.5767919], [-110.3802346, 44.5765004], [-110.3804833, 44.5762136], [-110.3807627, 44.5759226], [-110.3810639, 44.5756451], [-110.3813809, 44.5753723], [-110.381683, 44.5750903], [-110.3819983, 44.5748265], [-110.3829232, 44.5740122], [-110.3832286, 44.5737168], [-110.3838468, 44.57318], [-110.3841596, 44.5729251], [-110.3847793, 44.5723838], [-110.3850834, 44.5720658], [-110.3856289, 44.5715286], [-110.3863654, 44.570603]]}, "properties": {"hgv": "no", "highway": "secondary", "lanes": "2", "loc_ref": "US 20;US 89 ALT", "maxspeed": "45 mph", "name": "Grand Loop Road", "nps:route_desc": "PRIMARY ROUTE", "source": "National Park Service", "surface": "asphalt", "osm_id": 106349102}}, {"type": "Feature", "geometry": {"type": "LineString", "coordinates": [[-110.5723089, 44.3894175], [-110.5726549, 44.38846], [-110.5727246, 44.3882667], [-110.5728693, 44.3878846], [-110.5730078, 44.387507], [-110.5731353, 44.3871383], [-110.5732777, 44.3867652], [-110.5733933, 44.3864056], [-110.5735338, 44.386082], [-110.5736421, 44.3857403], [-110.5737349, 44.385394], [-110.5738103, 44.3850477], [-110.57386, 44.3846922], [-110.5739483, 44.3839903], [-110.5739909, 44.3836394], [-110.5740115, 44.3832703], [-110.5740684, 44.3829104], [-110.574136, 44.3825551], [-110.5742249, 44.3821998], [-110.5743467, 44.3818536], [-110.5745292, 44.3815572], [-110.5747146, 44.3812113], [-110.5749102, 44.3808564], [-110.5751369, 44.3805377], [-110.5753597, 44.3802189], [-110.5755799, 44.3799091], [-110.5758011, 44.3795993], [-110.5760419, 44.3792806], [-110.5762725, 44.3789664], [-110.5765023, 44.3786431], [-110.5767362, 44.3783109], [-110.5769599, 44.3779741], [-110.5771734, 44.3776283], [-110.5773736, 44.3772869], [-110.5775691, 44.376932], [-110.5777529, 44.3765771], [-110.5779171, 44.3762176], [-110.5780868, 44.3758626], [-110.5782415, 44.375494], [-110.5783792, 44.3751164], [-110.5785427, 44.3747524], [-110.5786999, 44.3743839], [-110.5788376, 44.3739972], [-110.5789892, 44.3736242], [-110.5791386, 44.3732556], [-110.5792816, 44.3729005], [-110.5794277, 44.3725455], [-110.5795933, 44.372213], [-110.5797322, 44.3718624], [-110.5798704, 44.3715117], [-110.5800127, 44.3711567], [-110.5801643, 44.3707836], [-110.5803247, 44.3704106], [-110.5804921, 44.3700331], [-110.5806236, 44.3696374], [-110.580758, 44.3692643], [-110.5808729, 44.3688866], [-110.580951, 44.3685042], [-110.5809874, 44.3681308], [-110.5809496, 44.3677165], [-110.5809232, 44.3673248], [-110.5808931, 44.366933], [-110.5808597, 44.3665503], [-110.5808311, 44.3661585], [-110.5808065, 44.3657758], [-110.5807936, 44.3653932], [-110.5807641, 44.3650014], [-110.5806992, 44.3642089], [-110.5806691, 44.3638082], [-110.5806406, 44.3634074], [-110.5806246, 44.3630113], [-110.5805688, 44.3625924], [-110.5805465, 44.3621962], [-110.580575, 44.3618317], [-110.5805967, 44.3614266], [-110.5806927, 44.3610624], [-110.5808082, 44.3606982], [-110.5809596, 44.3603566], [-110.5811393, 44.3600197], [-110.5813331, 44.3596828], [-110.5815269, 44.3593369], [-110.5817222, 44.359], [-110.5819246, 44.3586631], [-110.5819595, 44.3586028], [-110.5820687, 44.3584144], [-110.5821199, 44.3583262], [-110.5823223, 44.3579893], [-110.5825248, 44.357648], [-110.582721, 44.3573021], [-110.5828905, 44.3569471], [-110.5830139, 44.3565694], [-110.5830967, 44.3561826], [-110.5831622, 44.3557957], [-110.5832197, 44.3554088], [-110.5832986, 44.3550309], [-110.5834383, 44.3546668], [-110.5836313, 44.3543299], [-110.5838361, 44.3539976], [-110.5840273, 44.3536696], [-110.5841757, 44.3533146], [-110.5842912, 44.3529459], [-110.5844029, 44.3525682], [-110.5845178, 44.3521859], [-110.5846296, 44.3517857], [-110.5847454, 44.35139], [-110.584854, 44.3509763], [-110.5849777, 44.3505716], [-110.5851022, 44.3501669], [-110.5852109, 44.3497487], [-110.5853244, 44.3493484], [-110.5854432, 44.3489573], [-110.585591, 44.3485662], [-110.585778, 44.3481842], [-110.5860072, 44.3478159], [-110.5862732, 44.3474568], [-110.5865666, 44.3470977], [-110.5869021, 44.3467748], [-110.5872338, 44.3464384], [-110.5875726, 44.3460975], [-110.5879448, 44.3457973], [-110.5882844, 44.3454564], [-110.5885903, 44.3450884], [-110.588911, 44.3447609], [-110.5892308, 44.3444469], [-110.5895574, 44.34416], [-110.5898647, 44.3438415], [-110.5901828, 44.3435366], [-110.590504, 44.3432181], [-110.5908091, 44.3428771], [-110.5911274, 44.3425586], [-110.5914526, 44.3422492], [-110.5917599, 44.3419127], [-110.5920421, 44.3415761], [-110.5922985, 44.3412349], [-110.5925305, 44.3408936], [-110.5927392, 44.3405432], [-110.5929299, 44.3401838], [-110.5931228, 44.3398334], [-110.5933128, 44.3394694], [-110.5935081, 44.3391055], [-110.5937051, 44.3387326], [-110.5939046, 44.3383506], [-110.5941086, 44.3379732], [-110.594301, 44.3376003], [-110.5944939, 44.3372364], [-110.595147, 44.3359963], [-110.5952399, 44.3358211], [-110.5954218, 44.3354661], [-110.5956023, 44.3351111], [-110.5957663, 44.3347561], [-110.595887, 44.3343964], [-110.5959695, 44.334041], [-110.5960016, 44.33369], [-110.595983, 44.3333344], [-110.5959266, 44.332974], [-110.5958248, 44.3326271], [-110.5956649, 44.3322709], [-110.5954785, 44.3319191], [-110.5952911, 44.3315673], [-110.5950992, 44.3312065], [-110.5949041, 44.3308412], [-110.5947083, 44.3304804], [-110.5945195, 44.3301286], [-110.5943518, 44.3297769], [-110.5942217, 44.3294208], [-110.5941467, 44.3290604], [-110.5941154, 44.3286957], [-110.5941366, 44.3283492], [-110.5941978, 44.3280163], [-110.5942878, 44.327697], [-110.5944113, 44.3273868], [-110.5945493, 44.3270587], [-110.5947012, 44.3267306], [-110.5948525, 44.3263891], [-110.5950085, 44.326043], [-110.595167, 44.3256834], [-110.5953403, 44.3253194], [-110.5955396, 44.324951], [-110.5957569, 44.3245827], [-110.5960094, 44.3242234], [-110.5962878, 44.3238688], [-110.5965786, 44.3235232], [-110.5968679, 44.3231821], [-110.5971461, 44.3228365], [-110.5973845, 44.3224817], [-110.597579, 44.3221088], [-110.5977446, 44.3217267], [-110.5978869, 44.3213311], [-110.5980258, 44.3209535], [-110.5981513, 44.3205938], [-110.5982744, 44.3202566]]}, "properties": {"hgv": "no", "highway": "secondary", "lanes": "2", "maxspeed": "45 mph", "name": "South Entrance Road", "nps:route_desc": "PRIMARY ROUTE", "source": "National Park Service", "unsigned_ref": "US 89;US 191;US 287", "osm_id": 106471277}}, {"type": "Feature", "geometry": {"type": "LineString", "coordinates": [[-110.0567766, 44.4734503], [-110.0560933, 44.4736841], [-110.054673, 44.4741376], [-110.0542354, 44.4742739], [-110.0538173, 44.4743845], [-110.0531065, 44.4745664], [-110.0526881, 44.4746812], [-110.0522469, 44.474814], [-110.0518057, 44.474953], [-110.0513792, 44.4750965], [-110.0508735, 44.4752829], [-110.0504243, 44.4754487], [-110.0498886, 44.4756529], [-110.0489116, 44.4760592], [-110.0484315, 44.4762582], [-110.0479781, 44.4764304]]}, "properties": {"hgv": "no", "highway": "secondary", "loc_ref": "US 14;US 16;US 20", "maxspeed": "40 mph", "name": "East Entrance Road", "source": "Bing imagery", "osm_id": 108967115}}, {"type": "Feature", "geometry": {"type": "LineString", "coordinates": [[-110.1350173, 44.4679264], [-110.1347259, 44.4677978], [-110.1339953, 44.4674887], [-110.1330364, 44.4671353], [-110.1324111, 44.466898], [-110.1322301, 44.4668247], [-110.1320389, 44.4667278], [-110.1318661, 44.4666133], [-110.1316977, 44.466486], [-110.1312715, 44.466132], [-110.1309092, 44.4658542], [-110.1306452, 44.4656291], [-110.1303071, 44.4653562], [-110.1301235, 44.4652305], [-110.1299202, 44.4651237], [-110.1296916, 44.4650224], [-110.129465, 44.4649462], [-110.1292464, 44.4648755], [-110.1290184, 44.4648219], [-110.128768, 44.4647687], [-110.1279677, 44.4646645], [-110.1277243, 44.4646227], [-110.1274779, 44.4645706], [-110.1273194, 44.4645209], [-110.127182, 44.4644686]]}, "properties": {"hgv": "no", "highway": "secondary", "loc_ref": "US 14;US 16;US 20", "maxspeed": "45 mph", "name": "East Entrance Road", "source": "GPS survey", "osm_id": 108967125}}, {"type": "Feature", "geometry": {"type": "LineString", "coordinates": [[-110.8649871, 44.6460689], [-110.8655298, 44.6460901], [-110.8660104, 44.6461206], [-110.8664138, 44.6461878], [-110.8690131, 44.6466836], [-110.8692741, 44.6467202], [-110.8695549, 44.6467466], [-110.8698847, 44.6467332], [-110.8702622, 44.6466832], [-110.8705312, 44.6466226], [-110.8707638, 44.6465442], [-110.8709979, 44.6464534], [-110.8712451, 44.646308], [-110.8714002, 44.6462044], [-110.8715567, 44.6460797], [-110.8717368, 44.6459012], [-110.8719242, 44.6456174], [-110.8720993, 44.6451935], [-110.8722825, 44.6446702], [-110.8724406, 44.6442573], [-110.8724896, 44.6441049], [-110.8726032, 44.643902], [-110.8726902, 44.6437415], [-110.8728245, 44.643572], [-110.8729547, 44.6434079], [-110.8731558, 44.643209], [-110.87336, 44.6430392], [-110.8736077, 44.6428674], [-110.8739667, 44.6426741], [-110.8744186, 44.6424833], [-110.8747394, 44.6423736], [-110.875065, 44.6422787], [-110.8755829, 44.6421099], [-110.8764866, 44.6418428], [-110.8773431, 44.6415852], [-110.8778711, 44.641426], [-110.8792091, 44.6410971], [-110.8813655, 44.6406295], [-110.88218, 44.640469], [-110.8830833, 44.6402802], [-110.8841244, 44.6401188], [-110.8847473, 44.6400741], [-110.8853719, 44.6400816], [-110.8860154, 44.640108], [-110.8865245, 44.6401611], [-110.887399, 44.6402611], [-110.8883122, 44.6403648], [-110.8888158, 44.6404036], [-110.889278, 44.6404264], [-110.8897144, 44.6404246], [-110.8900838, 44.6404085], [-110.8917602, 44.6402879], [-110.8923295, 44.6402548], [-110.8927885, 44.6402424], [-110.893517, 44.6402753], [-110.8940461, 44.6403521], [-110.8944977, 44.6404352], [-110.8951757, 44.6406367], [-110.8957937, 44.6408932], [-110.8962764, 44.6411737], [-110.8967357, 44.6414733], [-110.8970409, 44.6417165], [-110.8976605, 44.6422776], [-110.8979742, 44.6425077], [-110.8981975, 44.6426539], [-110.8985553, 44.6428287], [-110.8989485, 44.6429608], [-110.8993609, 44.6430707], [-110.8996507, 44.6431161], [-110.8999564, 44.6431317], [-110.9003626, 44.6431352], [-110.9021516, 44.6430059], [-110.9032781, 44.6429337], [-110.9041279, 44.6429356], [-110.9048317, 44.6430062], [-110.9051511, 44.6430686], [-110.9056266, 44.6431791], [-110.906281, 44.6433245], [-110.9069259, 44.643452], [-110.9073084, 44.6435074], [-110.9076221, 44.6435325], [-110.9081737, 44.643533], [-110.9092502, 44.6434962], [-110.9101993, 44.6434661], [-110.9106369, 44.6434733], [-110.9111188, 44.6435059], [-110.9115677, 44.6435535], [-110.9124152, 44.6437004], [-110.9128654, 44.6437696], [-110.9130992, 44.643792], [-110.9134103, 44.6438111], [-110.9138991, 44.6438136], [-110.9142822, 44.6438108], [-110.9149586, 44.6438283], [-110.91539, 44.6438571], [-110.9183672, 44.644368], [-110.9198606, 44.6446367], [-110.9200435, 44.6446636], [-110.9204014, 44.6447161], [-110.9215745, 44.644787], [-110.9217146, 44.6447955], [-110.9221609, 44.6448016], [-110.9231479, 44.6448199], [-110.9243753, 44.6449359], [-110.9246987, 44.6449844], [-110.9254739, 44.6451008], [-110.9266927, 44.6454], [-110.9276455, 44.6457176], [-110.9298091, 44.6466715], [-110.9318254, 44.6475984], [-110.9334025, 44.6483293], [-110.9341257, 44.6486609], [-110.9345634, 44.6487708], [-110.934904, 44.6488613], [-110.9358337, 44.6489505], [-110.9375448, 44.6489458], [-110.9388314, 44.6489369], [-110.9401252, 44.6489356], [-110.9430698, 44.6489501], [-110.9447944, 44.6490295], [-110.9463622, 44.6491792], [-110.9483768, 44.6494211], [-110.9489889, 44.6494822], [-110.9499872, 44.6495524], [-110.9509083, 44.6495928], [-110.9521158, 44.6495944], [-110.9529655, 44.6496264], [-110.9537208, 44.6497111], [-110.9544075, 44.6499126], [-110.955137, 44.6502363], [-110.9558065, 44.6507003], [-110.9562957, 44.651201], [-110.956579, 44.6516529], [-110.9567764, 44.6521841], [-110.9568279, 44.6528008], [-110.9567592, 44.6535151], [-110.9566391, 44.6548279], [-110.9566714, 44.6552865], [-110.9567703, 44.6557243], [-110.9569652, 44.6562199], [-110.9572742, 44.656745], [-110.9581583, 44.6578562], [-110.9595535, 44.6592856], [-110.9604474, 44.6601656], [-110.9611313, 44.6608456], [-110.961674, 44.6613859]]}, "properties": {"hgv": "no", "highway": "secondary", "lanes": "2", "loc_ref": "US 20;US 191;US 287", "maxspeed": "45 mph", "motor_vehicle:conditional": "no @ winter", "name": "West Entrance Road", "surface": "asphalt", "osm_id": 108967130}}, {"type": "Feature", "geometry": {"type": "LineString", "coordinates": [[-110.3883146, 44.5681054], [-110.3884906, 44.5678889], [-110.3887309, 44.5675722], [-110.3893853, 44.5667098], [-110.3908342, 44.5648433]]}, "properties": {"hgv": "no", "highway": "secondary", "maxspeed": "35 mph", "name": "Grand Loop Road", "nps:route_desc": "PRIMARY ROUTE", "source": "National Park Service", "unsigned_ref": "US 14;US 16;US 20 Alt;US 89 Alt", "osm_id": 108967175}}, {"type": "Feature", "geometry": {"type": "LineString", "coordinates": [[-110.3863654, 44.570603], [-110.3865634, 44.5703574], [-110.3876517, 44.568961], [-110.3879905, 44.5685277], [-110.3881156, 44.5683562]]}, "properties": {"hgv": "no", "highway": "secondary", "loc_ref": "US 20;US 89 ALT", "maxspeed": "35 mph", "name": "Grand Loop Road", "nps:route_desc": "PRIMARY ROUTE", "source": "National Park Service", "osm_id": 108967196}}, {"type": "Feature", "geometry": {"type": "LineString", "coordinates": [[-110.3676753, 44.5621838], [-110.3673068, 44.5620779], [-110.3671603, 44.5620358], [-110.3669477, 44.561973], [-110.3651297, 44.5614491], [-110.363476, 44.560978], [-110.3629363, 44.5608136], [-110.362234, 44.5605714], [-110.3614849, 44.5603215], [-110.3613112, 44.5602636], [-110.3607527, 44.560097], [-110.3606918, 44.5600789], [-110.3605642, 44.5600455]]}, "properties": {"hgv": "no", "highway": "secondary", "lanes": "2", "loc_ref": "US 14;US 16;US 20", "maxspeed": "45 mph", "name": "East Entrance Road", "nps:route_desc": "PRIMARY ROUTE", "source": "National Park Service", "surface": "asphalt", "osm_id": 108967204}}, {"type": "Feature", "geometry": {"type": "LineString", "coordinates": [[-109.9592308, 44.5021928], [-109.9587011, 44.5021071], [-109.9584375, 44.5020544], [-109.9581696, 44.5020008], [-109.9575307, 44.5018278], [-109.9568717, 44.5016209], [-109.9565746, 44.5014995], [-109.9562958, 44.5013821], [-109.9556739, 44.5010658], [-109.955076, 44.5007395], [-109.9536304, 44.4999539], [-109.9532675, 44.4997488], [-109.9526923, 44.4993532], [-109.9524184, 44.4991383], [-109.9519254, 44.4986157], [-109.951583, 44.4982445], [-109.95109, 44.497844], [-109.9506441, 44.4975873], [-109.9501656, 44.4973693], [-109.9498503, 44.497257], [-109.9485171, 44.4968765], [-109.9472885, 44.4965031], [-109.9446293, 44.49561], [-109.942896, 44.495023], [-109.939511, 44.493945], [-109.938115, 44.493704], [-109.9363983, 44.4935819], [-109.9357897, 44.4935328], [-109.9350397, 44.4933844], [-109.9344144, 44.4932499]]}, "properties": {"NHS": "yes", "hgv": "designated", "hgv:national_network": "yes", "highway": "primary", "lanes": "2", "maxspeed": "50 mph", "name": "North Fork Highway", "ref": "US 14;US 16;US 20", "source": "GPS survey", "source:hgv:national_network": "https://hepgis-usdot.hub.arcgis.com/apps/usdot::national-network-conventional-combination-trucks-map/explore", "wydot_ml_number": "31", "osm_id": 109021413}}, {"type": "Feature", "geometry": {"type": "LineString", "coordinates": [[-109.9132338, 44.4838994], [-109.9106639, 44.4815909], [-109.9100945, 44.4811222], [-109.9095178, 44.4806791], [-109.9091503, 44.4804361], [-109.9083296, 44.4799672], [-109.9078441, 44.4797471], [-109.9073559, 44.4795481], [-109.9068705, 44.4793682], [-109.906275, 44.4792075], [-109.9056206, 44.4790448], [-109.9050331, 44.4789261], [-109.9044136, 44.4788362], [-109.9039215, 44.4787818], [-109.9033435, 44.4787412]]}, "properties": {"NHS": "yes", "hgv": "designated", "hgv:national_network": "yes", "highway": "primary", "lanes": "3", "lanes:backward": "1", "lanes:forward": "2", "maxspeed": "50 mph", "name": "North Fork Highway", "ref": "US 14;US 16;US 20", "source": "GPS survey", "source:hgv:national_network": "https://hepgis-usdot.hub.arcgis.com/apps/usdot::national-network-conventional-combination-trucks-map/explore", "wydot_ml_number": "31", "osm_id": 109021415}}, {"type": "Feature", "geometry": {"type": "LineString", "coordinates": [[-109.9337791, 44.4931295], [-109.9322902, 44.4927896], [-109.929815, 44.4922562], [-109.9286267, 44.4920236], [-109.9270325, 44.4915916], [-109.925588, 44.490923], [-109.9237293, 44.4901738], [-109.9233097, 44.4899762], [-109.9229266, 44.4897538], [-109.9225238, 44.4894672], [-109.9223334, 44.4892931], [-109.9221635, 44.4891137], [-109.922045, 44.488964], [-109.9217812, 44.4886101], [-109.921251, 44.4877675], [-109.9210808, 44.4875423], [-109.9209376, 44.487365], [-109.9207616, 44.4871921], [-109.9205897, 44.4870371], [-109.9204278, 44.4869071], [-109.9200347, 44.4866449], [-109.9196346, 44.486448], [-109.9190638, 44.4862315], [-109.9184763, 44.4860698], [-109.917932, 44.4859519]]}, "properties": {"NHS": "yes", "hgv": "designated", "hgv:national_network": "yes", "highway": "primary", "lanes": "2", "maxspeed": "50 mph", "name": "North Fork Highway", "ref": "US 14;US 16;US 20", "source": "GPS survey", "source:hgv:national_network": "https://hepgis-usdot.hub.arcgis.com/apps/usdot::national-network-conventional-combination-trucks-map/explore", "wydot_ml_number": "31", "osm_id": 109021423}}, {"type": "Feature", "geometry": {"type": "LineString", "coordinates": [[-109.8644608, 44.462071], [-109.8644066, 44.46184]]}, "properties": {"NHS": "yes", "bridge": "yes", "hgv": "designated", "hgv:national_network": "yes", "highway": "primary", "lanes": "2", "layer": "1", "maxspeed": "50 mph", "name": "North Fork Highway", "ref": "US 14;US 16;US 20", "source": "GPS survey", "source:hgv:national_network": "https://hepgis-usdot.hub.arcgis.com/apps/usdot::national-network-conventional-combination-trucks-map/explore", "wydot_ml_number": "31", "osm_id": 109021426}}, {"type": "Feature", "geometry": {"type": "LineString", "coordinates": [[-109.7571541, 44.4530078], [-109.756802, 44.4528962]]}, "properties": {"NHS": "yes", "bridge": "yes", "hgv": "designated", "hgv:national_network": "yes", "highway": "primary", "lanes": "2", "layer": "1", "maxspeed": "50 mph", "name": "North Fork Highway", "ref": "US 14;US 16;US 20", "source": "GPS survey", "source:hgv:national_network": "https://hepgis-usdot.hub.arcgis.com/apps/usdot::national-network-conventional-combination-trucks-map/explore", "wydot_ml_number": "31", "osm_id": 109021428}}, {"type": "Feature", "geometry": {"type": "LineString", "coordinates": [[-109.8382916, 44.4533647], [-109.8380552, 44.4532056]]}, "properties": {"NHS": "yes", "bridge": "yes", "hgv": "designated", "hgv:national_network": "yes", "highway": "primary", "lanes": "2", "layer": "1", "maxspeed": "50 mph", "name": "North Fork Highway", "ref": "US 14;US 16;US 20", "source": "GPS survey", "source:hgv:national_network": "https://hepgis-usdot.hub.arcgis.com/apps/usdot::national-network-conventional-combination-trucks-map/explore", "wydot_ml_number": "31", "osm_id": 109021432}}, {"type": "Feature", "geometry": {"type": "LineString", "coordinates": [[-109.917932, 44.4859519], [-109.9176569, 44.4858895]]}, "properties": {"NHS": "yes", "bridge": "yes", "hgv": "designated", "hgv:national_network": "yes", "highway": "primary", "lanes": "2", "layer": "1", "maxspeed": "50 mph", "name": "North Fork Highway", "ref": "US 14;US 16;US 20", "source": "GPS survey", "source:hgv:national_network": "https://hepgis-usdot.hub.arcgis.com/apps/usdot::national-network-conventional-combination-trucks-map/explore", "wydot_ml_number": "31", "osm_id": 109021435}}, {"type": "Feature", "geometry": {"type": "LineString", "coordinates": [[-109.8644066, 44.46184], [-109.86413, 44.460659], [-109.86396, 44.46028], [-109.8637271, 44.4599747], [-109.8635957, 44.4598216], [-109.8634106, 44.459655], [-109.8631263, 44.4594349], [-109.8628661, 44.4592856], [-109.8625148, 44.4591228], [-109.8622412, 44.4590252], [-109.861973, 44.4589544], [-109.8616136, 44.4588701], [-109.86123, 44.4588223], [-109.8609189, 44.4588127], [-109.8604656, 44.458807], [-109.8581884, 44.4589525], [-109.8577109, 44.4589716], [-109.8571021, 44.4589505], [-109.8550287, 44.4588701], [-109.8544467, 44.4588854], [-109.8536393, 44.4589027], [-109.8529232, 44.4589276], [-109.8519469, 44.4590099], [-109.8488811, 44.4592913], [-109.8483956, 44.4593258], [-109.8478833, 44.4593258], [-109.8473442, 44.4593009], [-109.846797, 44.4592492], [-109.846313, 44.45918], [-109.844772, 44.4589793], [-109.8441604, 44.4588472], [-109.8436991, 44.4587265], [-109.8432833, 44.4585906], [-109.842871, 44.458426], [-109.8418805, 44.4579761], [-109.8416365, 44.4578516], [-109.8412636, 44.4576008], [-109.8408881, 44.4573098], [-109.8404777, 44.456971], [-109.8399225, 44.4564426], [-109.8396865, 44.456186], [-109.8395363, 44.4559907], [-109.8393754, 44.4557246], [-109.8392788, 44.4554642], [-109.8391179, 44.4547271], [-109.8390481, 44.4544017], [-109.8389542, 44.4541662], [-109.8388506, 44.4539811], [-109.8386459, 44.4537245], [-109.8385385, 44.453588], [-109.8382916, 44.4533647]]}, "properties": {"NHS": "yes", "hgv": "designated", "hgv:national_network": "yes", "highway": "primary", "lanes": "2", "maxspeed": "50 mph", "name": "North Fork Highway", "ref": "US 14;US 16;US 20", "source": "GPS survey", "source:hgv:national_network": "https://hepgis-usdot.hub.arcgis.com/apps/usdot::national-network-conventional-combination-trucks-map/explore", "wydot_ml_number": "31", "osm_id": 109021439}}, {"type": "Feature", "geometry": {"type": "LineString", "coordinates": [[-109.756802, 44.4528962], [-109.756377, 44.452799], [-109.7552394, 44.452741], [-109.7546484, 44.452775], [-109.7540704, 44.452858], [-109.7537904, 44.452918], [-109.7532581, 44.4530876], [-109.7528697, 44.4532378], [-109.7525812, 44.4533533], [-109.7518489, 44.4536951], [-109.7515861, 44.4538406], [-109.7513286, 44.4539823], [-109.7509396, 44.4542159], [-109.7505507, 44.4544897], [-109.7501994, 44.4547501], [-109.749738, 44.4551464], [-109.7494537, 44.4554125], [-109.749156, 44.4557284], [-109.7489092, 44.4560367], [-109.7486726, 44.4563499], [-109.7483531, 44.4568457], [-109.7481128, 44.4573038], [-109.7478784, 44.457879], [-109.7477817, 44.4582514], [-109.7477211, 44.4584783], [-109.7475467, 44.4592989], [-109.747426, 44.4596914], [-109.7472913, 44.4599916], [-109.7471363, 44.4602734], [-109.7469995, 44.4604744], [-109.746809, 44.4606945], [-109.7465462, 44.4609625], [-109.7462511, 44.4612171], [-109.7459212, 44.4614449], [-109.745479, 44.461687], [-109.745079, 44.4618699], [-109.744462, 44.462086], [-109.7439847, 44.4621877], [-109.7434482, 44.4622643], [-109.7431156, 44.4622987], [-109.7427455, 44.4623064], [-109.742421, 44.4623026], [-109.7420723, 44.4622853], [-109.7417102, 44.4622471], [-109.7414098, 44.4621954], [-109.7409457, 44.4620901], [-109.7405997, 44.4619848], [-109.7402805, 44.4618642], [-109.7400257, 44.4617512], [-109.739787, 44.4616192], [-109.739618, 44.4615234]]}, "properties": {"NHS": "yes", "hgv": "designated", "hgv:national_network": "yes", "highway": "primary", "lanes": "2", "maxspeed": "50 mph", "name": "North Fork Highway", "ref": "US 14;US 16;US 20", "source": "GPS survey", "source:hgv:national_network": "https://hepgis-usdot.hub.arcgis.com/apps/usdot::national-network-conventional-combination-trucks-map/explore", "wydot_ml_number": "31", "osm_id": 109021440}}, {"type": "Feature", "geometry": {"type": "LineString", "coordinates": [[-109.9344144, 44.4932499], [-109.9337791, 44.4931295]]}, "properties": {"NHS": "yes", "bridge": "yes", "hgv": "designated", "hgv:national_network": "yes", "highway": "primary", "lanes": "2", "layer": "1", "maxspeed": "50 mph", "name": "North Fork Highway", "ref": "US 14;US 16;US 20", "source": "GPS survey", "source:hgv:national_network": "https://hepgis-usdot.hub.arcgis.com/apps/usdot::national-network-conventional-combination-trucks-map/explore", "wydot_ml_number": "31", "osm_id": 109021441}}, {"type": "Feature", "geometry": {"type": "LineString", "coordinates": [[-110.0003102, 44.4903031], [-109.9998904, 44.4905551], [-109.9995289, 44.4908239], [-109.9993461, 44.4909756], [-109.9991643, 44.4911597], [-109.9989543, 44.491386], [-109.9986847, 44.4916322], [-109.9984098, 44.4918668], [-109.9982139, 44.4919956], [-109.9980371, 44.4921017], [-109.9977233, 44.4922751], [-109.9974827, 44.4923851], [-109.9971502, 44.4925382], [-109.9963582, 44.4928913], [-109.995579, 44.4932422], [-109.9950749, 44.4934546], [-109.9945673, 44.4936673], [-109.9942373, 44.4937858], [-109.994026, 44.4938529], [-109.9936079, 44.4939696], [-109.9931745, 44.4940752], [-109.992613, 44.4941731], [-109.9921055, 44.4942292], [-109.9917168, 44.4942601], [-109.9905754, 44.4943283], [-109.9899738, 44.4943646], [-109.9896206, 44.4943998], [-109.9887321, 44.4945373], [-109.9885408, 44.4945824], [-109.9881845, 44.4946628], [-109.9876045, 44.4948487], [-109.9872898, 44.4949598], [-109.9867839, 44.4951766], [-109.9862024, 44.4954473], [-109.9856579, 44.4956772], [-109.9853602, 44.495763], [-109.9849977, 44.4958522], [-109.9846737, 44.495905], [-109.9842141, 44.4959589], [-109.9838979, 44.4959908], [-109.9837767, 44.4960009], [-109.98354, 44.4960205], [-109.9831929, 44.4960799], [-109.9826793, 44.4962021], [-109.9823677, 44.4962945]]}, "properties": {"NHS": "yes", "hgv": "designated", "hgv:national_network": "yes", "highway": "primary", "lanes": "2", "maxspeed": "50 mph", "name": "North Fork Highway", "ref": "US 14;US 16;US 20", "source": "GPS survey", "source:hgv:national_network": "https://hepgis-usdot.hub.arcgis.com/apps/usdot::national-network-conventional-combination-trucks-map/explore", "wydot_ml_number": "31", "osm_id": 109021442}}, {"type": "Feature", "geometry": {"type": "LineString", "coordinates": [[-109.7937966, 44.4533371], [-109.7932381, 44.4531952]]}, "properties": {"NHS": "yes", "bridge": "yes", "hgv": "designated", "hgv:national_network": "yes", "highway": "primary", "lanes": "2", "layer": "1", "maxspeed": "50 mph", "name": "North Fork Highway", "ref": "US 14;US 16;US 20", "source": "GPS survey", "source:hgv:national_network": "https://hepgis-usdot.hub.arcgis.com/apps/usdot::national-network-conventional-combination-trucks-map/explore", "wydot_ml_number": "31", "osm_id": 109021445}}, {"type": "Feature", "geometry": {"type": "LineString", "coordinates": [[-109.8380552, 44.4532056], [-109.8377821, 44.4530461], [-109.8375166, 44.4529236], [-109.8371798, 44.4528047], [-109.8367736, 44.4527034], [-109.8363686, 44.4526364], [-109.8359582, 44.4526096], [-109.8355827, 44.4526172], [-109.835293, 44.4526421], [-109.8350302, 44.45269], [-109.8347271, 44.4527532], [-109.8344642, 44.4528413], [-109.8342121, 44.4529389], [-109.8339171, 44.453071], [-109.833681, 44.453207], [-109.8316035, 44.4543959], [-109.8310954, 44.4546831], [-109.8308003, 44.4548612], [-109.8304865, 44.4550239], [-109.8301861, 44.4551541], [-109.8299179, 44.4552594], [-109.8295477, 44.4553724], [-109.8292071, 44.4554623], [-109.8288933, 44.4555255], [-109.8285634, 44.4555772], [-109.8281959, 44.4556136], [-109.8278124, 44.455627], [-109.8274744, 44.4556232], [-109.8271257, 44.455604], [-109.8267395, 44.4555619], [-109.8262406, 44.4554777], [-109.8255539, 44.4553073], [-109.8240331, 44.454888], [-109.8237032, 44.4548056], [-109.8231963, 44.4546984], [-109.8228395, 44.4546429], [-109.8224989, 44.4546027], [-109.8220939, 44.454574], [-109.8202217, 44.454528], [-109.8197201, 44.4545051], [-109.8192722, 44.4544648], [-109.8185748, 44.4543844], [-109.8151094, 44.4539613], [-109.8134008, 44.4537564], [-109.8128859, 44.4536799], [-109.8124031, 44.4535822], [-109.8119685, 44.4534731], [-109.8109976, 44.4531955], [-109.8105416, 44.4530806], [-109.8101312, 44.4530021], [-109.8096806, 44.4529427], [-109.8092595, 44.4528987], [-109.8082, 44.4528317], [-109.80739, 44.4527934], [-109.8065076, 44.4528221], [-109.8061213, 44.4528432], [-109.8054266, 44.4529121], [-109.8049626, 44.4529791], [-109.8044449, 44.4530634], [-109.8039675, 44.453161], [-109.8035089, 44.4532778], [-109.8029215, 44.4534425], [-109.8023501, 44.4536358], [-109.8013872, 44.4540073], [-109.8009849, 44.4541566], [-109.8005826, 44.4542734], [-109.8002714, 44.4543481], [-109.8000005, 44.4543921], [-109.7997806, 44.454417], [-109.7994909, 44.4544419], [-109.7991556, 44.4544553], [-109.798909, 44.454455], [-109.7985977, 44.454438], [-109.7982598, 44.4543998], [-109.797462, 44.454275], [-109.7958592, 44.453969], [-109.7954032, 44.4538598], [-109.795017, 44.4537411], [-109.7944756, 44.4535663], [-109.7937966, 44.4533371]]}, "properties": {"NHS": "yes", "hgv": "designated", "hgv:national_network": "yes", "highway": "primary", "lanes": "2", "maxspeed": "50 mph", "name": "North Fork Highway", "ref": "US 14;US 16;US 20", "source": "GPS survey", "source:hgv:national_network": "https://hepgis-usdot.hub.arcgis.com/apps/usdot::national-network-conventional-combination-trucks-map/explore", "wydot_ml_number": "31", "osm_id": 109021446}}, {"type": "Feature", "geometry": {"type": "LineString", "coordinates": [[-109.9605552, 44.5023074], [-109.9602364, 44.5022898], [-109.9598284, 44.5022673], [-109.9592308, 44.5021928]]}, "properties": {"NHS": "yes", "bridge": "yes", "hgv": "designated", "hgv:national_network": "yes", "highway": "primary", "lanes": "2", "layer": "1", "maxspeed": "40 mph", "name": "North Fork Highway", "ref": "US 14;US 16;US 20", "source": "GPS survey", "source:hgv:national_network": "https://hepgis-usdot.hub.arcgis.com/apps/usdot::national-network-conventional-combination-trucks-map/explore", "wydot_ml_number": "31", "osm_id": 109021447}}, {"type": "Feature", "geometry": {"type": "LineString", "coordinates": [[-109.7932381, 44.4531952], [-109.792765, 44.453052], [-109.791385, 44.452774], [-109.790825, 44.452702], [-109.790263, 44.452648], [-109.78942, 44.452604], [-109.788032, 44.452656], [-109.786372, 44.452855], [-109.784747, 44.453242], [-109.783202, 44.453805], [-109.781805, 44.454537], [-109.780741, 44.455241], [-109.77906, 44.456388], [-109.778628, 44.456652], [-109.776632, 44.457794], [-109.776024, 44.458102], [-109.775353, 44.458385], [-109.774842, 44.458539], [-109.774437, 44.458684], [-109.773786, 44.458885], [-109.772882, 44.459059], [-109.77243, 44.459093], [-109.771985, 44.459099], [-109.770755, 44.459034], [-109.7696684, 44.458976], [-109.7689616, 44.4589221], [-109.7683618, 44.4588278], [-109.767889, 44.458697], [-109.7674051, 44.458556], [-109.766962, 44.458301], [-109.7665598, 44.4580521], [-109.766184, 44.457733], [-109.765349, 44.456896], [-109.764111, 44.455754], [-109.7637138, 44.4555148], [-109.76302, 44.455097], [-109.7628512, 44.4550297], [-109.761763, 44.454596], [-109.759893, 44.454069], [-109.7593237, 44.4538823], [-109.758385, 44.453483], [-109.758141, 44.453375], [-109.7576535, 44.4531861], [-109.7571541, 44.4530078]]}, "properties": {"NHS": "yes", "hgv": "designated", "hgv:national_network": "yes", "highway": "primary", "lanes": "2", "maxspeed": "50 mph", "name": "North Fork Highway", "ref": "US 14;US 16;US 20", "source": "GPS survey", "source:hgv:national_network": "https://hepgis-usdot.hub.arcgis.com/apps/usdot::national-network-conventional-combination-trucks-map/explore", "wydot_ml_number": "31", "osm_id": 109021460}}, {"type": "Feature", "geometry": {"type": "LineString", "coordinates": [[-109.968736, 44.5004453], [-109.9672808, 44.5009155], [-109.9671031, 44.5009752], [-109.9661021, 44.5012622], [-109.965439, 44.5014368], [-109.9646295, 44.5016927], [-109.963949, 44.5019007], [-109.9636618, 44.5019641], [-109.9632793, 44.5020477], [-109.9627287, 44.5021466], [-109.9623509, 44.5022025], [-109.961924, 44.5022514], [-109.9615116, 44.5022942]]}, "properties": {"NHS": "yes", "hgv": "designated", "hgv:national_network": "yes", "highway": "primary", "lanes": "2", "maxspeed": "40 mph", "name": "North Fork Highway", "ref": "US 14;US 16;US 20", "source": "GPS survey", "source:hgv:national_network": "https://hepgis-usdot.hub.arcgis.com/apps/usdot::national-network-conventional-combination-trucks-map/explore", "wydot_ml_number": "31", "osm_id": 109022044}}, {"type": "Feature", "geometry": {"type": "LineString", "coordinates": [[-111.1207588, 44.6650477], [-111.1229992, 44.6654417]]}, "properties": {"NHS": "yes", "highway": "trunk", "lanes": "2", "maxspeed": "55 mph", "mdt_base_route": "P-12", "name": "Targhee Pass Highway", "ref": "US 20", "osm_id": 109338285}}, {"type": "Feature", "geometry": {"type": "LineString", "coordinates": [[-111.1132499, 44.6637305], [-111.1166768, 44.6643312]]}, "properties": {"NHS": "yes", "highway": "trunk", "lanes": "2", "maxspeed": "35 mph", "mdt_base_route": "P-12", "name": "Targhee Pass Highway", "ref": "US 20", "osm_id": 109338298}}, {"type": "Feature", "geometry": {"type": "LineString", "coordinates": [[-111.1166768, 44.6643312], [-111.1207588, 44.6650477]]}, "properties": {"NHS": "yes", "highway": "trunk", "lanes": "2", "maxspeed": "45 mph", "mdt_base_route": "P-12", "name": "Targhee Pass Highway", "ref": "US 20", "osm_id": 109338304}}, {"type": "Feature", "geometry": {"type": "LineString", "coordinates": [[-110.858423, 44.6454123], [-110.858292, 44.645541], [-110.858122, 44.6456651], [-110.8578205, 44.6458645], [-110.8575346, 44.6459895], [-110.8572444, 44.6461084], [-110.8569579, 44.6462127], [-110.8566721, 44.6462794], [-110.8562477, 44.646363], [-110.8558944, 44.6464136], [-110.8556079, 44.6464341], [-110.855087, 44.6464543], [-110.8534236, 44.6465444]]}, "properties": {"hgv": "no", "highway": "secondary", "lanes": "2", "loc_ref": "US 20;US 89", "maxspeed": "35 mph", "name": "Grand Loop Road", "nps:route_desc": "PRIMARY ROUTE", "source": "National Park Service;TIGER;GPS survey", "surface": "asphalt", "osm_id": 133257173}}, {"type": "Feature", "geometry": {"type": "LineString", "coordinates": [[-110.7009335, 44.9762998], [-110.7008119, 44.9764016], [-110.7003672, 44.976635]]}, "properties": {"hgv": "no", "highway": "secondary", "lanes": "2", "lit": "yes", "maxspeed": "25 mph", "name": "Albright Avenue", "sidewalk": "both", "source": "TIGER;Bing", "surface": "asphalt", "unsigned_ref": "US 89", "osm_id": 138641358}}, {"type": "Feature", "geometry": {"type": "LineString", "coordinates": [[-109.9823677, 44.4962945], [-109.9818047, 44.4964815], [-109.9816015, 44.4965485], [-109.9807141, 44.4968413], [-109.9797917, 44.497134], [-109.97886, 44.4974002], [-109.9782801, 44.4975697], [-109.9763103, 44.4981418], [-109.9745765, 44.4986435], [-109.9721933, 44.4993825], [-109.9709774, 44.4997466], [-109.9693536, 44.5002564], [-109.968736, 44.5004453]]}, "properties": {"NHS": "yes", "hgv": "designated", "hgv:national_network": "yes", "highway": "primary", "lanes": "3", "maxspeed": "50 mph", "name": "North Fork Highway", "note": "There are three lanes here. Two going east and one west. One of the east bound lanes is a passing lane.", "ref": "US 14;US 16;US 20", "source": "GPS survey", "source:hgv:national_network": "https://hepgis-usdot.hub.arcgis.com/apps/usdot::national-network-conventional-combination-trucks-map/explore", "wydot_ml_number": "31", "osm_id": 165373768}}, {"type": "Feature", "geometry": {"type": "LineString", "coordinates": [[-109.9615116, 44.5022942], [-109.9609655, 44.5023096], [-109.960753, 44.5023084], [-109.9605552, 44.5023074]]}, "properties": {"NHS": "yes", "hgv": "designated", "hgv:national_network": "yes", "highway": "primary", "lanes": "2", "maxspeed": "40 mph", "name": "North Fork Highway", "ref": "US 14;US 16;US 20", "source": "GPS survey", "source:hgv:national_network": "https://hepgis-usdot.hub.arcgis.com/apps/usdot::national-network-conventional-combination-trucks-map/explore", "wydot_ml_number": "31", "osm_id": 165373769}}, {"type": "Feature", "geometry": {"type": "LineString", "coordinates": [[-110.7026283, 45.0263152], [-110.7023099, 45.0260406], [-110.7022686, 45.0260114], [-110.702071, 45.0258964], [-110.701823, 45.0257811], [-110.701802, 45.0257748], [-110.7016045, 45.0256948], [-110.7015301, 45.0256694], [-110.701461, 45.0256497], [-110.7011644, 45.0256003]]}, "properties": {"check_date": "2025-03-31", "check_date:surface": "2025-03-31", "hgv": "no", "highway": "secondary", "lanes": "1", "maxspeed": "25 mph", "name": "North Entrance Road", "oneway": "yes", "surface": "asphalt", "unsigned_ref": "US 89", "osm_id": 277497011}}, {"type": "Feature", "geometry": {"type": "LineString", "coordinates": [[-110.7010315, 45.0251026], [-110.7009088, 45.0251491], [-110.7008652, 45.0251714], [-110.7008371, 45.0251903], [-110.7008096, 45.0252126], [-110.7007861, 45.0252363], [-110.7007627, 45.0252728], [-110.7007459, 45.025315], [-110.7007372, 45.0253524], [-110.7007358, 45.0253936], [-110.7007392, 45.0254249], [-110.7007513, 45.0254676], [-110.7007633, 45.0254955], [-110.7007908, 45.0255368], [-110.7008257, 45.0255775], [-110.7009672, 45.025707], [-110.7010167, 45.0257504], [-110.7010694, 45.0257865], [-110.7011395, 45.0258301], [-110.7011981, 45.0258658], [-110.7012822, 45.0259081], [-110.70133, 45.0259323], [-110.7014072, 45.0259685], [-110.7015191, 45.0260184], [-110.7017679, 45.0261187], [-110.7018181, 45.0261347], [-110.7018747, 45.0261491], [-110.7019274, 45.0261593], [-110.702176, 45.0262045], [-110.7022731, 45.0262257], [-110.7023569, 45.0262473], [-110.7026283, 45.0263152]]}, "properties": {"hgv": "no", "highway": "secondary", "lanes": "2", "maxspeed": "25 mph", "name": "North Entrance Road", "oneway": "yes", "surface": "asphalt", "unsigned_ref": "US 89", "osm_id": 277497014}}, {"type": "Feature", "geometry": {"type": "LineString", "coordinates": [[-110.7001832, 44.9769541], [-110.7003396, 44.9768673], [-110.7003779, 44.9768234], [-110.7004, 44.9767555], [-110.7003979, 44.9766902], [-110.7003672, 44.976635]]}, "properties": {"hgv": "no", "highway": "secondary", "lane_markings": "no", "lit": "yes", "maxspeed": "25 mph", "name": "Albright Avenue", "oneway": "yes", "sidewalk": "right", "surface": "asphalt", "unsigned_ref": "US 89", "osm_id": 277750575}}, {"type": "Feature", "geometry": {"type": "LineString", "coordinates": [[-110.6977912, 44.9782921], [-110.6980625, 44.9781445], [-110.698216, 44.9780631], [-110.6983728, 44.9779824], [-110.6990466, 44.9775835], [-110.6999041, 44.9771163], [-110.7001832, 44.9769541]]}, "properties": {"hgv": "no", "highway": "secondary", "lane_markings": "no", "maxspeed": "25 mph", "name": "Albright Avenue", "oneway": "yes", "surface": "asphalt", "unsigned_ref": "US 89", "osm_id": 277750576}}, {"type": "Feature", "geometry": {"type": "LineString", "coordinates": [[-110.7001256, 44.9765793], [-110.7000462, 44.9765985], [-110.6996079, 44.9768592], [-110.6987561, 44.9773339], [-110.6979144, 44.9778157]]}, "properties": {"hgv": "no", "highway": "secondary", "lane_markings": "no", "lit": "yes", "maxspeed": "25 mph", "name": "Albright Avenue", "oneway": "yes", "sidewalk": "right", "surface": "asphalt", "unsigned_ref": "US 89", "osm_id": 277750577}}, {"type": "Feature", "geometry": {"type": "LineString", "coordinates": [[-110.701784, 44.9759338], [-110.70136, 44.9761052], [-110.7011233, 44.9762168], [-110.7009335, 44.9762998]]}, "properties": {"hgv": "no", "highway": "secondary", "lanes": "2", "maxspeed": "25 mph", "name": "Albright Avenue", "source": "TIGER;Bing", "surface": "asphalt", "unsigned_ref": "US 89", "osm_id": 278400563}}, {"type": "Feature", "geometry": {"type": "LineString", "coordinates": [[-110.7032262, 44.9752638], [-110.7028029, 44.9754994], [-110.7027263, 44.9755431], [-110.7025935, 44.9756069], [-110.7020271, 44.9758367], [-110.701784, 44.9759338]]}, "properties": {"hgv": "no", "highway": "secondary", "lanes": "2", "lit": "yes", "maxspeed": "25 mph", "name": "Grand Loop Road", "sidewalk": "right", "source": "TIGER;Bing", "surface": "asphalt", "unsigned_ref": "US 89", "osm_id": 278400564}}, {"type": "Feature", "geometry": {"type": "LineString", "coordinates": [[-110.6979144, 44.9778157], [-110.6973615, 44.9781193]]}, "properties": {"hgv": "no", "highway": "secondary", "lane_markings": "no", "maxspeed": "25 mph", "name": "Albright Avenue", "oneway": "yes", "surface": "asphalt", "unsigned_ref": "US 89", "osm_id": 278400579}}, {"type": "Feature", "geometry": {"type": "LineString", "coordinates": [[-110.7333806, 44.8813731], [-110.7328596, 44.8819399], [-110.7326201, 44.8822242]]}, "properties": {"hgv": "no", "highway": "secondary", "maxspeed": "45 mph", "maxspeed:advisory": "35 mph", "name": "Grand Loop Road", "source": "TIGER;Bing", "unsigned_ref": "US 89", "osm_id": 278471734}}, {"type": "Feature", "geometry": {"type": "LineString", "coordinates": [[-110.7313788, 44.8857871], [-110.7315341, 44.8862507]]}, "properties": {"bridge": "yes", "hgv": "no", "highway": "secondary", "lanes": "2", "layer": "1", "maxspeed": "35 mph", "maxspeed:advisory": "35 mph", "name": "Grand Loop Road", "source": "TIGER;Bing", "surface": "asphalt", "unsigned_ref": "US 89", "osm_id": 278471735}}, {"type": "Feature", "geometry": {"type": "LineString", "coordinates": [[-110.7315341, 44.8862507], [-110.7316653, 44.8865504], [-110.7317852, 44.886735]]}, "properties": {"hgv": "no", "highway": "secondary", "lanes": "2", "maxspeed": "35 mph", "maxspeed:advisory": "35 mph", "name": "Grand Loop Road", "source": "TIGER;Bing", "surface": "asphalt", "unsigned_ref": "US 89", "osm_id": 278471736}}, {"type": "Feature", "geometry": {"type": "LineString", "coordinates": [[-110.4740543, 44.6713901], [-110.4731989, 44.6710006], [-110.4727265, 44.6707483], [-110.4723397, 44.6704864], [-110.4720049, 44.670232], [-110.4716846, 44.6699548], [-110.471412, 44.6696948], [-110.4711571, 44.6693917], [-110.4703096, 44.6683158], [-110.4701004, 44.6681174], [-110.4699222, 44.6679491], [-110.4695904, 44.6677369], [-110.4692477, 44.6675727], [-110.4688795, 44.667442], [-110.4681672, 44.6672392], [-110.4678047, 44.6670892], [-110.4674682, 44.6669038], [-110.4671882, 44.6666691], [-110.4666609, 44.6661002], [-110.4663901, 44.6657692], [-110.4661737, 44.6655285]]}, "properties": {"hgv": "no", "highway": "secondary", "loc_ref": "US 20;US 89 ALT", "maxspeed": "25 mph", "name": "Grand Loop Road", "nps:route_desc": "PRIMARY ROUTE", "source": "National Park Service", "osm_id": 283737970}}, {"type": "Feature", "geometry": {"type": "LineString", "coordinates": [[-110.4661737, 44.6655285], [-110.4658638, 44.6651224], [-110.4656234, 44.6647914], [-110.4653912, 44.6644532], [-110.4651592, 44.664087], [-110.4649582, 44.6637137], [-110.4645539, 44.6629782], [-110.4644076, 44.6626121], [-110.4642574, 44.6622378], [-110.4639861, 44.6614714], [-110.4637709, 44.6607051], [-110.4636814, 44.6603131], [-110.463611, 44.6599212], [-110.4635523, 44.6595293], [-110.4635071, 44.659133], [-110.4634784, 44.6587367], [-110.4634631, 44.6583406], [-110.4634684, 44.6579445], [-110.4635167, 44.657157], [-110.4636208, 44.6563788], [-110.4636938, 44.655983], [-110.4637833, 44.6556008], [-110.4638869, 44.6552232], [-110.4641046, 44.6545265], [-110.4642154, 44.6541309], [-110.464311, 44.6537623], [-110.4643711, 44.6533935], [-110.4643761, 44.6530199], [-110.4643369, 44.6526551], [-110.4642615, 44.6522901], [-110.4641386, 44.6519385], [-110.4633572, 44.6504359], [-110.4631893, 44.6501785], [-110.4629758, 44.6499074], [-110.4626911, 44.6496585], [-110.46234, 44.6494498], [-110.4619577, 44.649277], [-110.4611493, 44.6489851], [-110.4607766, 44.6488033], [-110.4604446, 44.6485722], [-110.4601609, 44.6483142], [-110.4599208, 44.6480295], [-110.459717, 44.6477315], [-110.4595139, 44.6474055]]}, "properties": {"hgv": "no", "highway": "secondary", "loc_ref": "US 20;US 89 ALT", "maxspeed": "45 mph", "name": "Grand Loop Road", "nps:route_desc": "PRIMARY ROUTE", "source": "National Park Service", "osm_id": 283737971}}, {"type": "Feature", "geometry": {"type": "LineString", "coordinates": [[-109.8059451, 44.9576839], [-109.806164, 44.9576663]]}, "properties": {"bridge": "yes", "hgv": "designated", "hgv:national_network": "yes", "highway": "secondary", "lanes": "2", "layer": "1", "maxspeed": "55 mph", "maxspeed:advisory": "30 mph", "name": "Beartooth Scenic Byway", "ref": "US 212", "sidewalk": "no", "source:hgv:national_network": "https://hepgis-usdot.hub.arcgis.com/apps/usdot::national-network-conventional-combination-trucks-map/explore", "surface": "asphalt", "wydot_ml_number": "38", "osm_id": 291866615}}, {"type": "Feature", "geometry": {"type": "LineString", "coordinates": [[-109.8081873, 44.9575565], [-109.8088835, 44.9575684], [-109.8096652, 44.9576172], [-109.8104334, 44.9576937], [-109.8108549, 44.9577568], [-109.8114164, 44.9578408], [-109.8123811, 44.9580562]]}, "properties": {"hgv": "designated", "hgv:national_network": "yes", "highway": "secondary", "lanes": "2", "maxspeed": "55 mph", "name": "Beartooth Scenic Byway", "ref": "US 212", "sidewalk": "no", "source:hgv:national_network": "https://hepgis-usdot.hub.arcgis.com/apps/usdot::national-network-conventional-combination-trucks-map/explore", "surface": "asphalt", "wydot_ml_number": "38", "osm_id": 291866616}}, {"type": "Feature", "geometry": {"type": "LineString", "coordinates": [[-111.1133042, 44.7701883], [-111.1133015, 44.7705958], [-111.113293, 44.771096], [-111.1133025, 44.7741801], [-111.1132995, 44.776996]]}, "properties": {"NHS": "yes", "hgv": "designated", "hgv:national_network": "yes", "highway": "trunk", "lanes": "2", "maxspeed": "70 mph", "maxspeed:conditional": "65 mph @ (dusk-dawn)", "maxspeed:hgv": "60 mph", "maxspeed:hgv:conditional": "55 mph @ (dusk-dawn)", "name": "Gallatin Road", "ref": "US 191 US 287", "sidewalk": "no", "source": "Bing", "source:hgv:national_network": "https://hepgis-usdot.hub.arcgis.com/apps/usdot::national-network-conventional-combination-trucks-map/explore", "surface": "asphalt", "osm_id": 297129687}}, {"type": "Feature", "geometry": {"type": "LineString", "coordinates": [[-111.1133042, 44.7700245], [-111.1133042, 44.7701883]]}, "properties": {"NHS": "yes", "bridge": "yes", "hgv": "designated", "hgv:national_network": "yes", "highway": "trunk", "lanes": "2", "layer": "1", "maxspeed": "70 mph", "maxspeed:conditional": "65 mph @ (dusk-dawn)", "maxspeed:hgv": "60 mph", "maxspeed:hgv:conditional": "55 mph @ (dusk-dawn)", "name": "Gallatin Road", "ref": "US 191 US 287", "sidewalk": "no", "source": "Bing", "source:hgv:national_network": "https://hepgis-usdot.hub.arcgis.com/apps/usdot::national-network-conventional-combination-trucks-map/explore", "surface": "asphalt", "osm_id": 297129688}}, {"type": "Feature", "geometry": {"type": "LineString", "coordinates": [[-111.1091157, 44.8022579], [-111.1091326, 44.8024978], [-111.1091247, 44.8026729], [-111.1091049, 44.8028777], [-111.1090717, 44.8030266], [-111.1090293, 44.803171], [-111.1089905, 44.803299], [-111.1089293, 44.8034481], [-111.1088462, 44.8035873], [-111.1087617, 44.8037106], [-111.1086939, 44.803798], [-111.1085697, 44.8039159], [-111.1084407, 44.8040377], [-111.1083358, 44.8041298], [-111.1081898, 44.8042569], [-111.107972, 44.8044047], [-111.1077847, 44.8045069], [-111.1074954, 44.8046476], [-111.1071081, 44.8047802], [-111.106623, 44.8049045], [-111.1050029, 44.8051253], [-111.103855, 44.8053003], [-111.1032917, 44.8053993], [-111.1029054, 44.805464], [-111.1024763, 44.8055477], [-111.1021062, 44.8056391], [-111.1018379, 44.8057304], [-111.1015322, 44.8058408], [-111.1011781, 44.8059892], [-111.1007865, 44.8061605], [-111.097666, 44.80777], [-111.0972349, 44.8080596]]}, "properties": {"NHS": "yes", "hgv": "designated", "hgv:national_network": "yes", "highway": "trunk", "lanes": "2", "maxspeed": "70 mph", "name": "Gallatin Road", "ref": "US 191", "source": "Bing", "source:hgv:national_network": "https://hepgis-usdot.hub.arcgis.com/apps/usdot::national-network-conventional-combination-trucks-map/explore", "surface": "paved", "osm_id": 297680048}}, {"type": "Feature", "geometry": {"type": "LineString", "coordinates": [[-111.1090116, 44.8019284], [-111.1090785, 44.8020954], [-111.1091157, 44.8022579]]}, "properties": {"NHS": "yes", "bridge": "yes", "hgv": "designated", "hgv:national_network": "yes", "highway": "trunk", "lanes": "2", "layer": "1", "name": "Gallatin Road", "ref": "US 191", "source": "Bing", "source:hgv:national_network": "https://hepgis-usdot.hub.arcgis.com/apps/usdot::national-network-conventional-combination-trucks-map/explore", "surface": "paved", "osm_id": 297680049}}, {"type": "Feature", "geometry": {"type": "LineString", "coordinates": [[-111.1946951, 44.6793682], [-111.1951419, 44.6795041], [-111.1959412, 44.6797473], [-111.1962499, 44.6798409], [-111.197076, 44.680092], [-111.197888, 44.680332], [-111.198153, 44.680409], [-111.19883, 44.680609], [-111.199058, 44.680676], [-111.199968, 44.680949], [-111.203581, 44.682018], [-111.205509, 44.682593], [-111.2063186, 44.6828308], [-111.2078039, 44.6832521], [-111.2093597, 44.6837087], [-111.2120598, 44.6845066], [-111.2136468, 44.6849804], [-111.214347, 44.6851738], [-111.2151126, 44.6853638], [-111.2159126, 44.6855379], [-111.2171953, 44.6857592], [-111.2180517, 44.6858809], [-111.2185945, 44.6859331], [-111.2199485, 44.6860319], [-111.2256177, 44.6865031], [-111.227117, 44.686624], [-111.2293957, 44.6868075], [-111.2327168, 44.6870823], [-111.2384117, 44.6875418], [-111.2392746, 44.6876146], [-111.2399952, 44.687659], [-111.2406361, 44.687684], [-111.241156, 44.687646], [-111.24137, 44.687653], [-111.241425, 44.687653], [-111.242165, 44.687652], [-111.242554, 44.687646], [-111.243506, 44.687603], [-111.244143, 44.687563], [-111.244857, 44.687496], [-111.245801, 44.687376], [-111.246368, 44.687298], [-111.247929, 44.687067], [-111.248519, 44.686981], [-111.248737, 44.686949], [-111.248899, 44.686926], [-111.2499229, 44.686767], [-111.250866, 44.686636], [-111.251546, 44.686536], [-111.251759, 44.686508], [-111.252084, 44.686464], [-111.25276, 44.686359], [-111.253783, 44.686211], [-111.254191, 44.686146], [-111.25543, 44.685956], [-111.256466, 44.685804], [-111.256879, 44.685742], [-111.257516, 44.685645], [-111.257602, 44.685633], [-111.258486, 44.685507], [-111.259361, 44.685374], [-111.261115, 44.685115], [-111.26215, 44.68495], [-111.26265, 44.684836], [-111.263234, 44.684708], [-111.264291, 44.684357], [-111.265293, 44.683898], [-111.265324, 44.68388], [-111.266174, 44.683372], [-111.266918, 44.682792], [-111.267512, 44.682196], [-111.26793, 44.681635], [-111.268252, 44.681053], [-111.268467, 44.680575], [-111.268652, 44.68013], [-111.268704, 44.679976], [-111.269161, 44.678807], [-111.269406, 44.678266], [-111.269774, 44.677708], [-111.270286, 44.677161], [-111.270872, 44.676709], [-111.271466, 44.676377], [-111.272086, 44.676092], [-111.272787, 44.675802], [-111.273543, 44.675496], [-111.27434, 44.6751904], [-111.274344, 44.6751889], [-111.274736, 44.675039], [-111.275542, 44.674702], [-111.2758121, 44.6745906]]}, "properties": {"NHS": "yes", "highway": "trunk", "lanes": "2", "maxspeed": "65 mph", "mdt_base_route": "P-12", "name": "Targhee Pass Highway", "ref": "US 20", "surface": "paved", "osm_id": 298134685}}, {"type": "Feature", "geometry": {"type": "LineString", "coordinates": [[-111.1944095, 44.6792815], [-111.1946951, 44.6793682]]}, "properties": {"NHS": "yes", "bridge": "yes", "highway": "trunk", "lanes": "2", "layer": "1", "maxspeed": "65 mph", "mdt_base_route": "P-12", "name": "Targhee Pass Highway", "ref": "US 20", "surface": "paved", "osm_id": 298134686}}, {"type": "Feature", "geometry": {"type": "LineString", "coordinates": [[-109.9344981, 45.0195132], [-109.9338274, 45.01966], [-109.9328322, 45.0198779], [-109.9314664, 45.0203093], [-109.9311881, 45.0203972], [-109.9295915, 45.020923], [-109.9292244, 45.0210496]]}, "properties": {"hgv": "designated", "hgv:national_network": "yes", "highway": "secondary", "lanes": "2", "maxspeed": "25 mph", "name": "East Main Street", "ref": "US 212", "sidewalk": "no", "source:hgv:national_network": "https://hepgis-usdot.hub.arcgis.com/apps/usdot::national-network-conventional-combination-trucks-map/explore", "surface": "asphalt", "osm_id": 299942692}}, {"type": "Feature", "geometry": {"type": "LineString", "coordinates": [[-109.9248114, 45.0225158], [-109.9240838, 45.0229015], [-109.923437, 45.0231573], [-109.9225712, 45.023371], [-109.92141, 45.023543], [-109.9198255, 45.0236157], [-109.9187822, 45.0236792], [-109.918122, 45.023748], [-109.917403, 45.023865], [-109.9170768, 45.0239598], [-109.9164433, 45.0241945], [-109.9153031, 45.024764], [-109.9142133, 45.0252652], [-109.9130047, 45.0256681], [-109.9118352, 45.0258974], [-109.9111399, 45.0259832], [-109.9104131, 45.0260252], [-109.9093746, 45.0260328], [-109.9083122, 45.0260015], [-109.9075209, 45.0260688], [-109.9070006, 45.0262343], [-109.9062981, 45.0264883], [-109.9057461, 45.0267058], [-109.9053234, 45.0268169], [-109.9049031, 45.0268692], [-109.9044275, 45.0268825], [-109.9039179, 45.0268362], [-109.903099, 45.0266802], [-109.9023075, 45.0265158], [-109.9017729, 45.0264146], [-109.9008688, 45.0263738], [-109.9001314, 45.0264658], [-109.8993957, 45.0266781], [-109.8986559, 45.0270366], [-109.8980793, 45.0272929], [-109.8975278, 45.0274225], [-109.8970383, 45.0274673], [-109.8964697, 45.0274326], [-109.8958654, 45.027282], [-109.895809, 45.0272679], [-109.8951605, 45.0269627], [-109.8942711, 45.0266351], [-109.8934431, 45.0265124], [-109.8926684, 45.0265564], [-109.8916269, 45.0266844], [-109.8909199, 45.0267348], [-109.8889013, 45.0265407], [-109.8861536, 45.02624], [-109.8851875, 45.02609], [-109.8841181, 45.0258466], [-109.8832515, 45.0255881], [-109.8817727, 45.0249663], [-109.8802888, 45.0241238], [-109.8802499, 45.0241017], [-109.8799042, 45.0239142], [-109.8782526, 45.0229813], [-109.8768753, 45.022194], [-109.8764294, 45.0219437], [-109.8759815, 45.0216519], [-109.8753834, 45.021155], [-109.875032, 45.0208232], [-109.8747685, 45.0205364], [-109.8728581, 45.018615], [-109.8724354, 45.018231], [-109.8719261, 45.0178878], [-109.8710421, 45.0171812], [-109.8707694, 45.0169184], [-109.8703274, 45.0163847]]}, "properties": {"hgv": "designated", "hgv:national_network": "yes", "highway": "secondary", "lanes": "2", "maxspeed": "55 mph", "motor_vehicle": "yes", "motor_vehicle:conditional": "no @ (Nov 01-Apr 30)", "name": "Beartooth Scenic Byway", "ref": "US 212", "sidewalk": "no", "snowmobile": "no", "snowmobile:conditional": "yes @ (Nov 01-Apr 30)", "source:hgv:national_network": "https://hepgis-usdot.hub.arcgis.com/apps/usdot::national-network-conventional-combination-trucks-map/explore", "surface": "asphalt", "osm_id": 299942694}}, {"type": "Feature", "geometry": {"type": "LineString", "coordinates": [[-110.6965541, 44.727366], [-110.6965846, 44.7272303], [-110.6965924, 44.727194], [-110.6966295, 44.7270214], [-110.6967718, 44.726311], [-110.6968907, 44.725758], [-110.6969419, 44.7255191], [-110.6970441, 44.7249936], [-110.6970827, 44.7248031], [-110.697199, 44.7242157]]}, "properties": {"hgv": "no", "highway": "secondary", "lanes": "2", "loc_ref": "US 20;US 89", "maxspeed": "25 mph", "name": "Grand Loop Road", "source": "TIGER;Bing", "surface": "asphalt", "osm_id": 312896392}}, {"type": "Feature", "geometry": {"type": "LineString", "coordinates": [[-110.2814289, 44.5236311], [-110.2812419, 44.5233965]]}, "properties": {"bridge": "yes", "hgv": "no", "highway": "secondary", "lanes": "2", "layer": "1", "loc_ref": "US 14;US 16;US 20", "maxspeed": "45 mph", "name": "East Entrance Road", "nps:route_desc": "PRIMARY ROUTE", "source": "National Park Service", "surface": "asphalt", "osm_id": 332096878}}, {"type": "Feature", "geometry": {"type": "LineString", "coordinates": [[-110.2386962, 44.5043257], [-110.2382189, 44.504264], [-110.23775, 44.5041618], [-110.2367946, 44.5039979], [-110.2343058, 44.5037877], [-110.2338262, 44.5037259], [-110.2333803, 44.5036149], [-110.2329568, 44.5034635], [-110.2325757, 44.5032674], [-110.2318896, 44.5028262], [-110.2315233, 44.5026482], [-110.2311172, 44.5025599], [-110.2306965, 44.5025661], [-110.2298626, 44.502664], [-110.229431, 44.5026611], [-110.2290001, 44.5026086], [-110.2281074, 44.5024541], [-110.227173, 44.5022992], [-110.2267149, 44.5022196], [-110.2262502, 44.5021084], [-110.2258265, 44.5019512], [-110.2254225, 44.5017337], [-110.224996, 44.5015782], [-110.2245359, 44.5014973], [-110.2235702, 44.5014011], [-110.2230752, 44.5013132], [-110.2226025, 44.5011763], [-110.2220348, 44.5009572], [-110.2214447, 44.5006186], [-110.221214, 44.5004923], [-110.2210182, 44.5004024], [-110.2207473, 44.500324], [-110.2204978, 44.500278], [-110.220243, 44.5002761], [-110.2198273, 44.5003335], [-110.2194491, 44.500433], [-110.2161249, 44.5012596], [-110.215576, 44.5014048], [-110.2151817, 44.5014756], [-110.214837, 44.5015301], [-110.2142429, 44.5015981], [-110.2137105, 44.5016277], [-110.2132384, 44.5016306], [-110.2126899, 44.501621], [-110.2122769, 44.5015847], [-110.211676, 44.5014727], [-110.211263, 44.5013685], [-110.2108218, 44.5012106], [-110.2103671, 44.5009916], [-110.209997, 44.5007754], [-110.2096161, 44.5004866], [-110.2090975, 44.4999166]]}, "properties": {"hgv": "no", "highway": "secondary", "lanes": "2", "loc_ref": "US 14;US 16;US 20", "maxspeed": "45 mph", "name": "East Entrance Road", "nps:route_desc": "PRIMARY ROUTE", "source": "National Park Service", "surface": "asphalt", "osm_id": 332096879}}, {"type": "Feature", "geometry": {"type": "LineString", "coordinates": [[-110.4587374, 44.6460685], [-110.4586478, 44.6459154]]}, "properties": {"bridge": "yes", "hgv": "no", "highway": "secondary", "lanes": "2", "layer": "1", "loc_ref": "US 20;US 89 ALT", "maxspeed": "45 mph", "name": "Grand Loop Road", "nps:route_desc": "PRIMARY ROUTE", "source": "National Park Service", "surface": "asphalt", "osm_id": 333522512}}, {"type": "Feature", "geometry": {"type": "LineString", "coordinates": [[-110.4586478, 44.6459154], [-110.4584936, 44.6456477], [-110.4573706, 44.6437548], [-110.4569915, 44.6430913], [-110.4565878, 44.6424367], [-110.4563725, 44.6421161], [-110.4561279, 44.6417953], [-110.4558637, 44.641479], [-110.4556001, 44.6411896], [-110.4550558, 44.6406239]]}, "properties": {"hgv": "no", "highway": "secondary", "lanes": "2", "loc_ref": "US 20;US 89 ALT", "maxspeed": "45 mph", "name": "Grand Loop Road", "nps:route_desc": "PRIMARY ROUTE", "source": "National Park Service", "surface": "asphalt", "osm_id": 333522513}}, {"type": "Feature", "geometry": {"type": "LineString", "coordinates": [[-109.898735, 44.4728394], [-109.8987913, 44.4725734]]}, "properties": {"NHS": "yes", "bridge": "yes", "hgv": "designated", "hgv:national_network": "yes", "highway": "primary", "lanes": "2", "maxspeed": "50 mph", "name": "North Fork Highway", "ref": "US 14;US 16;US 20", "source": "GPS survey", "source:hgv:national_network": "https://hepgis-usdot.hub.arcgis.com/apps/usdot::national-network-conventional-combination-trucks-map/explore", "wydot_ml_number": "31", "osm_id": 334226129}}, {"type": "Feature", "geometry": {"type": "LineString", "coordinates": [[-109.8987913, 44.4725734], [-109.898817, 44.472273], [-109.8987358, 44.4718562], [-109.89855, 44.4714769], [-109.898292, 44.4711381], [-109.8979333, 44.4708322], [-109.8977161, 44.4706944], [-109.8974935, 44.47057], [-109.8971287, 44.4704303], [-109.8968256, 44.4703326], [-109.896493, 44.470258], [-109.8961953, 44.4702178], [-109.8959458, 44.4702025], [-109.8955381, 44.4702044], [-109.8952592, 44.4702331], [-109.8949051, 44.4702925], [-109.8946771, 44.4703422], [-109.8943392, 44.470436], [-109.8938939, 44.4706083], [-109.8921746, 44.4712992], [-109.8914773, 44.4715768], [-109.8908309, 44.4718026], [-109.8904205, 44.471927], [-109.8900423, 44.4720361], [-109.8895622, 44.4721452], [-109.8890311, 44.4722582], [-109.8883774, 44.4723614], [-109.8878026, 44.4724362], [-109.8872689, 44.4724744], [-109.8867807, 44.4724917], [-109.8861987, 44.4725032], [-109.8858554, 44.4724974], [-109.8854852, 44.4724802], [-109.8850292, 44.4724476], [-109.8845384, 44.4723998], [-109.8840019, 44.4723232], [-109.8834521, 44.4722237], [-109.8828888, 44.4721108], [-109.8823524, 44.471973], [-109.8816684, 44.4717682], [-109.8812017, 44.4715997], [-109.8810945, 44.4715545], [-109.8805795, 44.4713375], [-109.879873, 44.471008], [-109.8784659, 44.470348], [-109.8782513, 44.4702465], [-109.877908, 44.4701106], [-109.8775271, 44.4699919], [-109.8771033, 44.4698656], [-109.8766527, 44.4697776], [-109.8755074, 44.4696015], [-109.8752419, 44.4695536], [-109.8747832, 44.4694541], [-109.8742602, 44.4693067], [-109.8736808, 44.4691076], [-109.8730424, 44.4688511], [-109.870548, 44.4678079], [-109.8700223, 44.46754], [-109.86951, 44.4672375], [-109.8693678, 44.4671342], [-109.8689011, 44.4667858], [-109.866372, 44.464863], [-109.8659346, 44.4645232], [-109.865631, 44.464244], [-109.8652533, 44.4638283], [-109.8650897, 44.4636082], [-109.864939, 44.463388], [-109.8648437, 44.4632284], [-109.8646306, 44.4627768], [-109.8645184, 44.4623983], [-109.8644608, 44.462071]]}, "properties": {"NHS": "yes", "hgv": "designated", "hgv:national_network": "yes", "highway": "primary", "lanes": "2", "maxspeed": "50 mph", "name": "North Fork Highway", "ref": "US 14;US 16;US 20", "source": "GPS survey", "source:hgv:national_network": "https://hepgis-usdot.hub.arcgis.com/apps/usdot::national-network-conventional-combination-trucks-map/explore", "wydot_ml_number": "31", "osm_id": 334226130}}, {"type": "Feature", "geometry": {"type": "LineString", "coordinates": [[-110.5695253, 44.4055472], [-110.5693673, 44.405229], [-110.5692098, 44.4048728]]}, "properties": {"bridge": "yes", "hgv": "no", "highway": "secondary", "maxspeed": "45 mph", "name": "South Entrance Road", "nps:route_desc": "PRIMARY ROUTE", "source": "National Park Service", "unsigned_ref": "US 89;US 191;US 287", "osm_id": 336974799}}, {"type": "Feature", "geometry": {"type": "LineString", "coordinates": [[-110.5692098, 44.4048728], [-110.5690845, 44.4045032], [-110.5689985, 44.4041337], [-110.5689464, 44.4037464], [-110.5689219, 44.4033547], [-110.5689279, 44.4029631], [-110.568956, 44.4025626], [-110.5690302, 44.4021667], [-110.5691414, 44.4017755], [-110.5692839, 44.4013844], [-110.5694633, 44.4010205], [-110.5697751, 44.4002294], [-110.5699177, 44.3998428], [-110.5700305, 44.3994516], [-110.5700953, 44.3990557], [-110.570121, 44.3986597], [-110.5701213, 44.3985022], [-110.5701216, 44.3982591], [-110.5699924, 44.3970432], [-110.5699647, 44.396638], [-110.56997, 44.3962329], [-110.5700239, 44.3958369], [-110.5701217, 44.3954502], [-110.5703737, 44.3946949]]}, "properties": {"hgv": "no", "highway": "secondary", "maxspeed": "45 mph", "name": "South Entrance Road", "nps:route_desc": "PRIMARY ROUTE", "shoulder": "yes", "source": "National Park Service", "unsigned_ref": "US 89;US 191;US 287", "osm_id": 336974800}}, {"type": "Feature", "geometry": {"type": "LineString", "coordinates": [[-111.1000761, 44.6692459], [-111.1002334, 44.671704]]}, "properties": {"NHS": "yes", "hgv": "designated", "hgv:national_network": "yes", "highway": "trunk", "lanes": "2", "maxspeed": "55 mph", "name": "Gallatin Road", "ref": "US 191;US 287", "sidewalk": "no", "source:hgv:national_network": "https://hepgis-usdot.hub.arcgis.com/apps/usdot::national-network-conventional-combination-trucks-map/explore", "surface": "asphalt", "osm_id": 353622972}}, {"type": "Feature", "geometry": {"type": "LineString", "coordinates": [[-111.1002334, 44.671704], [-111.100278, 44.6724358], [-111.1003239, 44.6730602]]}, "properties": {"NHS": "yes", "hgv": "designated", "hgv:national_network": "yes", "highway": "trunk", "lanes": "2", "maxspeed": "70 mph", "maxspeed:conditional": "65 mph @ (dusk-dawn)", "maxspeed:hgv:conditional": "55 mph @ (dusk-dawn)", "name": "Gallatin Road", "ref": "US 191;US 287", "sidewalk": "no", "source:hgv:national_network": "https://hepgis-usdot.hub.arcgis.com/apps/usdot::national-network-conventional-combination-trucks-map/explore", "surface": "asphalt", "osm_id": 353622989}}, {"type": "Feature", "geometry": {"type": "LineString", "coordinates": [[-110.8579944, 44.6361721], [-110.8581161, 44.6360387], [-110.8582434, 44.6358498], [-110.8583366, 44.6356429], [-110.8584013, 44.6354134], [-110.8584103, 44.6351614], [-110.8583699, 44.6349002], [-110.8582953, 44.6346301], [-110.8582061, 44.6343554], [-110.858109, 44.6340762], [-110.8579877, 44.6338014], [-110.8578046, 44.6335356], [-110.8575409, 44.6333013], [-110.8574327, 44.6332255], [-110.8572037, 44.6331028], [-110.8570223, 44.6330307], [-110.8568015, 44.6329582]]}, "properties": {"hgv": "no", "highway": "secondary", "lanes": "2", "maxspeed": "45 mph", "name": "Grand Loop Road", "nps:route_desc": "PRIMARY ROUTE", "source": "National Park Service", "surface": "asphalt", "unsigned_ref": "US 20 Alt;US 89;US 191;US 287", "osm_id": 353623054}}, {"type": "Feature", "geometry": {"type": "LineString", "coordinates": [[-110.8543508, 44.6162165], [-110.8545579, 44.6165889], [-110.8550023, 44.6172815]]}, "properties": {"hgv": "no", "highway": "secondary", "lanes": "2", "maxspeed": "45 mph", "name": "Grand Loop Road", "surface": "asphalt", "unsigned_ref": "US 20 Alt;US 89;US 191;US 287", "osm_id": 353623060}}, {"type": "Feature", "geometry": {"type": "LineString", "coordinates": [[-110.8542458, 44.6141802], [-110.8543078, 44.614428], [-110.8543139, 44.6145478], [-110.8542982, 44.6147058], [-110.854275, 44.6148342], [-110.8542261, 44.6149922], [-110.8541526, 44.615241], [-110.8541007, 44.6154137], [-110.8540879, 44.6156045], [-110.8540993, 44.6157297], [-110.8541965, 44.6159664]]}, "properties": {"hgv": "no", "highway": "secondary", "lanes": "2", "maxspeed": "35 mph", "name": "Grand Loop Road", "surface": "asphalt", "unsigned_ref": "US 20 Alt;US 89;US 191;US 287", "osm_id": 353623067}}, {"type": "Feature", "geometry": {"type": "LineString", "coordinates": [[-110.8641382, 44.6461185], [-110.8645915, 44.6460851], [-110.8649871, 44.6460689]]}, "properties": {"hgv": "no", "highway": "secondary", "lanes": "2", "loc_ref": "US 20;US 191;US 287", "maxspeed": "35 mph", "name": "West Entrance Road", "surface": "asphalt", "osm_id": 353675124}}, {"type": "Feature", "geometry": {"type": "LineString", "coordinates": [[-110.7326201, 44.8822242], [-110.7323494, 44.8825648], [-110.7321973, 44.8828013], [-110.7319168, 44.8832878], [-110.7317518, 44.8836073], [-110.7315785, 44.8840305], [-110.7315091, 44.8842136]]}, "properties": {"hgv": "no", "highway": "secondary", "lanes": "2", "maxspeed": "45 mph", "maxspeed:advisory": "35 mph", "name": "Grand Loop Road", "source": "TIGER;Bing", "surface": "asphalt", "unsigned_ref": "US 89", "osm_id": 353677183}}, {"type": "Feature", "geometry": {"type": "LineString", "coordinates": [[-110.7076852, 44.9653654], [-110.7077079, 44.9653102], [-110.7077647, 44.965172], [-110.7078373, 44.9649787], [-110.7079097, 44.9647808], [-110.7079809, 44.9645784], [-110.7080544, 44.9643851], [-110.708074, 44.9643422], [-110.7080856, 44.96432], [-110.7081321, 44.9642084], [-110.708191, 44.9640998], [-110.7082622, 44.9639949], [-110.708337, 44.9638934], [-110.7083972, 44.9638248], [-110.7084555, 44.9637556], [-110.7085171, 44.9636878], [-110.7085819, 44.9636216], [-110.7086499, 44.963557], [-110.7087668, 44.9634462], [-110.7089808, 44.9632757], [-110.7092147, 44.9631188], [-110.709463, 44.9629754], [-110.7097331, 44.9628455], [-110.7100332, 44.9627293], [-110.7103528, 44.9626221], [-110.7106731, 44.9625193], [-110.7108229, 44.9624388], [-110.7109718, 44.9623626], [-110.7111226, 44.9622669], [-110.7112409, 44.9621751], [-110.711361, 44.9620596], [-110.7114456, 44.9619558], [-110.7115336, 44.961825], [-110.7115922, 44.9617088], [-110.7116732, 44.9614281], [-110.7117576, 44.9611639], [-110.7118221, 44.960894], [-110.7118848, 44.960612], [-110.7119586, 44.9603362], [-110.7120218, 44.9600689], [-110.7120466, 44.9597952], [-110.7120653, 44.9595207], [-110.712054, 44.9592461], [-110.7120328, 44.9589715], [-110.7120097, 44.9587014], [-110.7119829, 44.9584313], [-110.7119645, 44.9581431], [-110.7119365, 44.9578685], [-110.7119129, 44.9576029], [-110.7118941, 44.9573328], [-110.7118684, 44.9570717], [-110.7118449, 44.956806], [-110.7118263, 44.9565404], [-110.7117973, 44.9562613], [-110.7117737, 44.9559822], [-110.7117513, 44.9556986], [-110.7117403, 44.955424], [-110.7117544, 44.9551404], [-110.7117984, 44.954848], [-110.7118759, 44.9545601], [-110.7119886, 44.9542768], [-110.7121192, 44.9539936], [-110.7122505, 44.9537239], [-110.7123742, 44.9534631], [-110.7124962, 44.9532114], [-110.7126179, 44.9529641], [-110.7127388, 44.9527169], [-110.7128605, 44.9524696], [-110.7129834, 44.9522269], [-110.713122, 44.9519842], [-110.7132919, 44.9517551], [-110.7135014, 44.9515395], [-110.7137321, 44.9513376], [-110.7139546, 44.9511266], [-110.7140598, 44.9510206], [-110.7141507, 44.9509065], [-110.714309, 44.9506729], [-110.7144398, 44.9504346], [-110.714554, 44.9501874], [-110.7146562, 44.9499401], [-110.7147334, 44.9497181], [-110.7148051, 44.9494745], [-110.714831, 44.9492815], [-110.7148188, 44.9491701], [-110.7148071, 44.9490559], [-110.7147698, 44.9489426], [-110.7146946, 44.9488149], [-110.7146425, 44.94873], [-110.7145947, 44.9486661], [-110.7145234, 44.9485591], [-110.7144415, 44.9483552], [-110.7143844, 44.9481885], [-110.7143328, 44.9480623], [-110.7142968, 44.9479497], [-110.7142297, 44.9478325], [-110.7141363, 44.9477198], [-110.7140165, 44.9476222], [-110.7139097, 44.9475403], [-110.7138003, 44.9474114], [-110.7137399, 44.9473058], [-110.7137309, 44.9471608], [-110.7137709, 44.9469927], [-110.7138294, 44.9469178], [-110.7139528, 44.9467966], [-110.7141323, 44.9466935], [-110.7142541, 44.946652], [-110.7143585, 44.9466266], [-110.7144744, 44.9466127], [-110.7146213, 44.9466092], [-110.7147616, 44.9466196], [-110.7149007, 44.9466369], [-110.7151866, 44.9466602], [-110.7153639, 44.9466531], [-110.7154736, 44.9466339], [-110.7156773, 44.9465965], [-110.7157595, 44.9465671], [-110.7158797, 44.9465203], [-110.715999, 44.9464371], [-110.7160869, 44.9463505], [-110.7161734, 44.9462509], [-110.7162061, 44.946146], [-110.7162217, 44.9460236], [-110.7162307, 44.9457851], [-110.7162178, 44.945533], [-110.7162035, 44.9452854], [-110.7162012, 44.9451745], [-110.7162119, 44.9450334], [-110.7162603, 44.9447769], [-110.7163612, 44.9445476], [-110.7164362, 44.9444224], [-110.7165109, 44.9443229], [-110.7167008, 44.9441209], [-110.7169355, 44.9439279], [-110.717189, 44.943753], [-110.7173356, 44.9436372], [-110.7174276, 44.9435645], [-110.717552, 44.9434572], [-110.7176951, 44.943271], [-110.7177944, 44.9430521], [-110.7178336, 44.9428331], [-110.7178364, 44.9426743], [-110.7178276, 44.9424628], [-110.7178369, 44.9422648], [-110.7178858, 44.9420713], [-110.7179774, 44.9418735], [-110.7181071, 44.9416803], [-110.7182459, 44.9414781], [-110.7183515, 44.9412623], [-110.718406, 44.9410464], [-110.7184419, 44.9408304], [-110.7185468, 44.9405638], [-110.7186257, 44.9404393], [-110.7188217, 44.9402912], [-110.7189438, 44.9402371], [-110.7190919, 44.9401839], [-110.7194701, 44.9400835], [-110.7196845, 44.9400135], [-110.7198855, 44.9399261], [-110.7199871, 44.93984], [-110.7201224, 44.9397049], [-110.720216, 44.9395084], [-110.7202456, 44.9393045], [-110.7202575, 44.939084], [-110.720258, 44.9388635], [-110.7202591, 44.9386429], [-110.7202594, 44.9384269], [-110.720264, 44.9382108], [-110.7202762, 44.9379993], [-110.7203076, 44.9377878], [-110.7203784, 44.9375585], [-110.7205283, 44.9373653], [-110.7207241, 44.9371767], [-110.720885, 44.9370647], [-110.7209637, 44.9370108], [-110.7211919, 44.9368493], [-110.7212735, 44.9367863], [-110.7213659, 44.9366697], [-110.7214269, 44.9365922], [-110.7214878, 44.9364859], [-110.7215477, 44.936295]]}, "properties": {"bicycle": "yes", "foot": "yes", "hgv": "no", "highway": "secondary", "lanes": "2", "maxspeed": "35 mph", "name": "Grand Loop Road", "nps:route_desc": "PRIMARY ROUTE", "oneway": "no", "source": "National Park Service", "surface": "asphalt", "unsigned_ref": "US 89", "osm_id": 353677190}}, {"type": "Feature", "geometry": {"type": "LineString", "coordinates": [[-110.7045454, 44.9601036], [-110.7045461, 44.9636341], [-110.7045485, 44.9637666], [-110.7045668, 44.9639078], [-110.7046086, 44.9640831], [-110.7046611, 44.9642151], [-110.704741, 44.9643797], [-110.7049355, 44.96472], [-110.705054, 44.9649496], [-110.7051126, 44.9651324]]}, "properties": {"bicycle": "yes", "foot": "yes", "hgv": "no", "highway": "secondary", "lanes": "2", "maxspeed": "35 mph", "name": "Grand Loop Road", "nps:route_desc": "PRIMARY ROUTE", "source": "National Park Service", "surface": "asphalt", "unsigned_ref": "US 89", "osm_id": 353677197}}, {"type": "Feature", "geometry": {"type": "LineString", "coordinates": [[-110.7028245, 44.9599397], [-110.7028955, 44.9597943], [-110.7029826, 44.9596415], [-110.7030959, 44.9595022], [-110.7032526, 44.9593856], [-110.7033341, 44.9593458], [-110.7034527, 44.9593012], [-110.7035884, 44.9592762], [-110.7037282, 44.959268], [-110.7038679, 44.9592768], [-110.7040033, 44.9593025], [-110.7041305, 44.9593443], [-110.7042458, 44.9594008], [-110.7043456, 44.9594705], [-110.7044271, 44.9595513], [-110.7044878, 44.9596407], [-110.704526, 44.9597362], [-110.7045404, 44.9598349], [-110.7045441, 44.9599339], [-110.7045454, 44.9601036]]}, "properties": {"bicycle": "yes", "change:backward": "no", "change:forward": "no", "foot": "yes", "hgv": "no", "highway": "secondary", "lanes": "2", "maxspeed": "35 mph", "maxspeed:advisory": "25 mph", "name": "Grand Loop Road", "nps:route_desc": "PRIMARY ROUTE", "overtaking": "no", "source": "National Park Service", "surface": "asphalt", "unsigned_ref": "US 89", "osm_id": 353677198}}, {"type": "Feature", "geometry": {"type": "LineString", "coordinates": [[-110.7051126, 44.9651324], [-110.7051496, 44.965323], [-110.7051612, 44.9655426], [-110.7051475, 44.9657939], [-110.7051472, 44.9659827], [-110.7051708, 44.9661548], [-110.7052456, 44.9662792], [-110.7053295, 44.9663797], [-110.7054838, 44.9665001], [-110.7056723, 44.9665898], [-110.7058917, 44.9666586], [-110.7061153, 44.966707], [-110.7064182, 44.9667079], [-110.706684, 44.9666636], [-110.7067946, 44.9666257], [-110.706931, 44.9665742], [-110.7070285, 44.9665325], [-110.7071455, 44.9664577], [-110.7072261, 44.9664007], [-110.7073053, 44.9663051], [-110.7073487, 44.9662433], [-110.7073957, 44.9661298], [-110.707471, 44.9659454], [-110.7075431, 44.9657476], [-110.7076166, 44.9655587], [-110.7076852, 44.9653654]]}, "properties": {"bicycle": "yes", "foot": "yes", "hgv": "no", "highway": "secondary", "lanes": "2", "maxspeed": "35 mph", "maxspeed:advisory": "25 mph", "name": "Grand Loop Road", "nps:route_desc": "PRIMARY ROUTE", "source": "National Park Service", "surface": "asphalt", "unsigned_ref": "US 89", "osm_id": 353677200}}, {"type": "Feature", "geometry": {"type": "LineString", "coordinates": [[-111.1526297, 44.7961709], [-111.1529318, 44.7962822]]}, "properties": {"bridge": "yes", "hgv": "designated", "hgv:national_network": "yes", "highway": "secondary", "lanes": "2", "layer": "1", "maxspeed": "70 mph", "maxspeed:conditional": "65 mph @ (dusk-dawn)", "maxspeed:hgv": "60 mph", "maxspeed:hgv:conditional": "55 mph @ (dusk-dawn)", "name": "Hebgen Lake Road", "ref": "US 287", "sidewalk": "no", "source": "Bing", "source:hgv:national_network": "https://hepgis-usdot.hub.arcgis.com/apps/usdot::national-network-conventional-combination-trucks-map/explore", "surface": "asphalt", "osm_id": 364302793}}, {"type": "Feature", "geometry": {"type": "LineString", "coordinates": [[-111.160979, 44.799302], [-111.161981, 44.799684], [-111.163031, 44.800078], [-111.164881, 44.800783], [-111.1658002, 44.8011333], [-111.166256, 44.801307], [-111.1676212, 44.8018239], [-111.1683868, 44.8021137], [-111.168472, 44.802146], [-111.16957, 44.802566], [-111.170641, 44.802988], [-111.171673, 44.803419], [-111.172704, 44.80375], [-111.1732266, 44.8038475], [-111.1738013, 44.8039055], [-111.1743477, 44.8039122], [-111.1746234, 44.8038996], [-111.1749763, 44.8038834], [-111.176511, 44.803834], [-111.1795525, 44.8038459], [-111.187241, 44.803876], [-111.191929, 44.803883], [-111.193106, 44.803891], [-111.193978, 44.803891], [-111.195301, 44.803891], [-111.196462, 44.8039], [-111.197635, 44.803899], [-111.198911, 44.803905], [-111.199947, 44.803907], [-111.2001777, 44.8039072], [-111.201126, 44.803906], [-111.202365, 44.803907], [-111.203543, 44.803913], [-111.20555, 44.803915], [-111.207155, 44.803917], [-111.207466, 44.803917], [-111.207855, 44.803919], [-111.209894, 44.8039261], [-111.211448, 44.8039233], [-111.2123365, 44.8039264], [-111.213273, 44.803933], [-111.214769, 44.803935], [-111.215916, 44.803942], [-111.2170839, 44.803942], [-111.217426, 44.803945], [-111.221929, 44.803958], [-111.224029, 44.803964], [-111.224575, 44.803963], [-111.224972, 44.803959], [-111.225806, 44.803898], [-111.226304, 44.80381], [-111.22675, 44.803692], [-111.226896, 44.803644], [-111.227223, 44.803524], [-111.227644, 44.803331], [-111.228121, 44.803042], [-111.228572, 44.802634], [-111.229116, 44.802174], [-111.229694, 44.801673], [-111.230443, 44.801222], [-111.231311, 44.800865], [-111.232307, 44.800656], [-111.233308, 44.800598], [-111.234275, 44.800677], [-111.235181, 44.800886], [-111.23599, 44.801206], [-111.236751, 44.801664], [-111.237417, 44.802261], [-111.238619, 44.803559], [-111.239203, 44.804158], [-111.239822, 44.804682], [-111.240552, 44.805152], [-111.2408607, 44.8052923], [-111.2408999, 44.8053112], [-111.2413747, 44.8055405], [-111.2422947, 44.8058678], [-111.243302, 44.8061077], [-111.2453567, 44.8064188], [-111.246386, 44.8066546], [-111.2473624, 44.8070394], [-111.2482247, 44.8075676], [-111.2489568, 44.8081453], [-111.2513421, 44.8102505], [-111.2517028, 44.8105743], [-111.252684, 44.811455], [-111.253337, 44.811994], [-111.253619, 44.812194], [-111.254622, 44.812908], [-111.255278, 44.813363], [-111.255969, 44.813851], [-111.256653, 44.8144], [-111.257398, 44.815143], [-111.257793, 44.815624], [-111.258104, 44.816054], [-111.258573, 44.816705], [-111.258908, 44.81717], [-111.259254, 44.817651], [-111.259944, 44.818614], [-111.260926, 44.819982], [-111.261125, 44.820251], [-111.261366, 44.820577], [-111.261854, 44.821124], [-111.261927, 44.821191], [-111.26214, 44.821386], [-111.262205, 44.821445], [-111.262624, 44.821781], [-111.263243, 44.822192], [-111.264013, 44.822621], [-111.26468, 44.822969], [-111.265769, 44.823538], [-111.267924, 44.824671], [-111.268658, 44.825072], [-111.26959, 44.82563], [-111.270482, 44.826232], [-111.270546, 44.82628], [-111.27132, 44.826861], [-111.27207, 44.827499], [-111.27277, 44.828145], [-111.274788, 44.830075], [-111.275398, 44.830649], [-111.275967, 44.831127], [-111.276536, 44.831557], [-111.277187, 44.83199], [-111.277947, 44.832433], [-111.279683, 44.833316], [-111.280569, 44.833755], [-111.281497, 44.834148], [-111.282541, 44.834468], [-111.283633, 44.834748], [-111.284739, 44.835015], [-111.285777, 44.835307], [-111.286191, 44.835462], [-111.286543, 44.835593], [-111.287301, 44.835916], [-111.289098, 44.836744], [-111.290087, 44.837195], [-111.292114, 44.838128], [-111.294099, 44.839035], [-111.295086, 44.839493], [-111.30062, 44.842025], [-111.300795, 44.842111], [-111.301344, 44.842356], [-111.302304, 44.842799], [-111.302372, 44.842831], [-111.302605, 44.842938], [-111.302997, 44.843118], [-111.303422, 44.843322], [-111.303886, 44.843544], [-111.304358, 44.84379], [-111.304714, 44.843975], [-111.305523, 44.844444], [-111.305765, 44.844594], [-111.306474, 44.845015], [-111.307933, 44.845895], [-111.312261, 44.848455], [-111.313128, 44.848951], [-111.314029, 44.849443], [-111.314944, 44.849917], [-111.315891, 44.850375], [-111.3166223, 44.8507094], [-111.3197076, 44.8521502], [-111.320662, 44.852602], [-111.321169, 44.852872], [-111.321439, 44.853046], [-111.321721, 44.85326], [-111.322217, 44.853722], [-111.322434, 44.853986], [-111.322548, 44.854124], [-111.3227419, 44.8543977], [-111.3230741, 44.855055], [-111.3234288, 44.8557374], [-111.323793, 44.856397], [-111.324121, 44.85684], [-111.324255, 44.857002]]}, "properties": {"hgv": "designated", "hgv:national_network": "yes", "highway": "secondary", "lanes": "2", "maxspeed": "70 mph", "maxspeed:conditional": "65 mph @ (dusk-dawn)", "maxspeed:hgv": "60 mph", "maxspeed:hgv:conditional": "55 mph @ (dusk-dawn)", "name": "Hebgen Lake Road", "ref": "US 287", "sidewalk": "no", "source": "Bing", "source:hgv:national_network": "https://hepgis-usdot.hub.arcgis.com/apps/usdot::national-network-conventional-combination-trucks-map/explore", "surface": "asphalt", "osm_id": 364302797}}, {"type": "Feature", "geometry": {"type": "LineString", "coordinates": [[-111.1003239, 44.6730602], [-111.1003267, 44.6731873], [-111.1003366, 44.6736236], [-111.100429, 44.6748851], [-111.1004348, 44.6749642], [-111.1004398, 44.675063], [-111.1007346, 44.6797845], [-111.1009462, 44.6830424], [-111.1010709, 44.6856501], [-111.1011696, 44.6871466], [-111.1013825, 44.6900592], [-111.1017898, 44.6965904], [-111.1020612, 44.7006792], [-111.1022534, 44.7034743], [-111.102303, 44.7044329], [-111.1026488, 44.7110318], [-111.1026715, 44.7115716], [-111.1027155, 44.7122619], [-111.1028063, 44.7139251], [-111.1028536, 44.7146704], [-111.1028669, 44.714881], [-111.1029019, 44.7154489]]}, "properties": {"NHS": "yes", "hgv": "designated", "hgv:national_network": "yes", "highway": "trunk", "lanes": "2", "maxspeed": "70 mph", "maxspeed:hgv:conditional": "55 mph @ (dusk-dawn)", "name": "Gallatin Road", "ref": "US 191;US 287", "sidewalk": "no", "source:hgv:national_network": "https://hepgis-usdot.hub.arcgis.com/apps/usdot::national-network-conventional-combination-trucks-map/explore", "surface": "asphalt", "osm_id": 375313948}}, {"type": "Feature", "geometry": {"type": "LineString", "coordinates": [[-110.8541965, 44.6159664], [-110.8542649, 44.6160924], [-110.8543508, 44.6162165]]}, "properties": {"hgv": "no", "highway": "secondary", "lanes": "2", "maxspeed": "35 mph", "name": "Grand Loop Road", "surface": "asphalt", "unsigned_ref": "US 20 Alt;US 89;US 191;US 287", "osm_id": 403445889}}, {"type": "Feature", "geometry": {"type": "LineString", "coordinates": [[-110.8538663, 44.6132362], [-110.8542458, 44.6141802]]}, "properties": {"hgv": "no", "highway": "secondary", "lanes": "2", "maxspeed": "45 mph", "name": "Grand Loop Road", "surface": "asphalt", "unsigned_ref": "US 20 Alt;US 89;US 191;US 287", "osm_id": 403445890}}, {"type": "Feature", "geometry": {"type": "LineString", "coordinates": [[-110.0565671, 44.9918564], [-110.0565984, 44.9921302], [-110.0565957, 44.992392], [-110.0565555, 44.9926708], [-110.056483, 44.9929458], [-110.0563945, 44.9931469], [-110.0563114, 44.9933366], [-110.0561578, 44.9935552], [-110.0560143, 44.9937349], [-110.0558299, 44.9939194], [-110.0554995, 44.9941928], [-110.0551896, 44.9944529], [-110.0548702, 44.9947185], [-110.0545597, 44.9949715], [-110.0542539, 44.9952387], [-110.0539757, 44.9955244], [-110.0537309, 44.9958198], [-110.053491, 44.9961187], [-110.0532749, 44.996418], [-110.053079, 44.9967389], [-110.0528714, 44.9970658], [-110.0526774, 44.9973954], [-110.0524729, 44.9977371], [-110.0522807, 44.9980534], [-110.0520794, 44.9983803], [-110.0518625, 44.9986936], [-110.05166, 44.9990234], [-110.0514304, 44.9993404], [-110.0512104, 44.9996657], [-110.0509897, 44.9999837], [-110.0507567, 45.0002774], [-110.0505262, 45.0005929], [-110.0503106, 45.000885], [-110.0500791, 45.0011842], [-110.0498554, 45.0014993], [-110.0496316, 45.0017964], [-110.0494123, 45.0020673], [-110.0491649, 45.0023391], [-110.0488725, 45.0025895], [-110.0485115, 45.0028654], [-110.0482245, 45.0030457], [-110.047841, 45.0032467], [-110.0474627, 45.003425], [-110.0470202, 45.0036298], [-110.0463014, 45.0039768], [-110.0458346, 45.0042006], [-110.0454672, 45.0043712], [-110.0452001, 45.0044765], [-110.0450488, 45.0045362], [-110.0446464, 45.0046633], [-110.0445179, 45.0047025], [-110.0442548, 45.0047828], [-110.0438391, 45.004889], [-110.0433911, 45.0049743], [-110.0429111, 45.0050445], [-110.0424229, 45.0050938], [-110.0419455, 45.0051184], [-110.0414439, 45.0051165], [-110.0408055, 45.0050672], [-110.0364416, 45.0047391], [-110.0333865, 45.0044908], [-110.0315921, 45.0043618], [-110.0296475, 45.0042252], [-110.0288429, 45.0041588], [-110.02847, 45.0041285], [-110.0280302, 45.0040962], [-110.0275849, 45.0040621], [-110.0271933, 45.0040318], [-110.0267615, 45.004011], [-110.0263297, 45.0039958], [-110.0257718, 45.0039825], [-110.0253801, 45.0039863], [-110.0248464, 45.0039901], [-110.0243073, 45.0040015], [-110.0238245, 45.0040261], [-110.0233631, 45.004047], [-110.0230118, 45.004083], [-110.022533, 45.0041314], [-110.0221561, 45.0042073], [-110.0219361, 45.0042623], [-110.0216599, 45.0043485], [-110.0214413, 45.0044329], [-110.0210837, 45.0045845], [-110.0206828, 45.0047642], [-110.0204154, 45.004889], [-110.0201405, 45.0050046], [-110.0199098, 45.0050729], [-110.0196737, 45.0051393], [-110.0194109, 45.0051971], [-110.0191695, 45.0052313], [-110.0189401, 45.0052645], [-110.0186478, 45.0052825], [-110.0183702, 45.0052796], [-110.0181624, 45.0052759], [-110.0178619, 45.0052417], [-110.0175763, 45.0051934], [-110.0173818, 45.005146], [-110.0172182, 45.0051052], [-110.0169406, 45.0050256], [-110.0167153, 45.0049393], [-110.0164994, 45.0048426], [-110.0163264, 45.0047563], [-110.0159991, 45.0045562], [-110.0156478, 45.0043447], [-110.0154707, 45.0042518], [-110.0153299, 45.0041807]]}, "properties": {"hgv": "no", "highway": "secondary", "lanes": "2", "maxspeed": "45 mph", "name": "Northeast Entrance Road", "note": "Road closed due to flooding: https://www.nps.gov/yell/learn/news/220613.htm", "oneway": "no", "source": "National Park Service", "surface": "asphalt", "unsigned_ref": "US 212", "osm_id": 404201440}}, {"type": "Feature", "geometry": {"type": "LineString", "coordinates": [[-110.0579562, 44.9854751], [-110.0577405, 44.9856898], [-110.0574867, 44.9859484], [-110.0571338, 44.9863866], [-110.0570309, 44.9865488], [-110.0568404, 44.9868685], [-110.0566688, 44.9872005], [-110.0565186, 44.9875429], [-110.0563979, 44.9878901], [-110.056296, 44.9882827], [-110.0562302, 44.9886441], [-110.0562007, 44.989069], [-110.0561954, 44.9893687], [-110.0562034, 44.989621], [-110.0562276, 44.9898601], [-110.0562758, 44.9902186], [-110.0563241, 44.9905676], [-110.0563938, 44.9909185], [-110.0564865, 44.9913783]]}, "properties": {"hgv": "no", "highway": "secondary", "lanes": "2", "maxspeed": "45 mph", "name": "Northeast Entrance Road", "note": "Road closed due to flooding: https://www.nps.gov/yell/learn/news/220613.htm", "source": "National Park Service", "surface": "asphalt", "unsigned_ref": "US 212", "osm_id": 404201441}}, {"type": "Feature", "geometry": {"type": "LineString", "coordinates": [[-110.0564865, 44.9913783], [-110.0565671, 44.9918564]]}, "properties": {"bridge": "yes", "hgv": "no", "highway": "secondary", "lanes": "2", "layer": "1", "maxspeed": "45 mph", "name": "Northeast Entrance Road", "note": "Road closed due to flooding: https://www.nps.gov/yell/learn/news/220613.htm", "source": "National Park Service", "surface": "asphalt", "unsigned_ref": "US 212", "osm_id": 404201442}}, {"type": "Feature", "geometry": {"type": "LineString", "coordinates": [[-110.065681, 44.9742271], [-110.0654919, 44.9745459]]}, "properties": {"bridge": "yes", "hgv": "no", "highway": "secondary", "lanes": "2", "layer": "1", "name": "Northeast Entrance Road", "note": "Road closed due to flooding: https://www.nps.gov/yell/learn/news/220613.htm", "source": "National Park Service", "unsigned_ref": "US 212", "osm_id": 404201443}}, {"type": "Feature", "geometry": {"type": "LineString", "coordinates": [[-110.0692088, 44.9679916], [-110.0691263, 44.96819]]}, "properties": {"bridge": "yes", "hgv": "no", "highway": "secondary", "lanes": "2", "maxspeed": "45 mph", "name": "Northeast Entrance Road", "note": "Road closed due to flooding: https://www.nps.gov/yell/learn/news/220613.htm", "source": "National Park Service", "surface": "asphalt", "unsigned_ref": "US 212", "osm_id": 404201444}}, {"type": "Feature", "geometry": {"type": "LineString", "coordinates": [[-110.0581467, 44.9853015], [-110.0579562, 44.9854751]]}, "properties": {"bridge": "yes", "hgv": "no", "highway": "secondary", "lanes": "2", "maxspeed": "45 mph", "name": "Northeast Entrance Road", "note": "Road closed due to flooding: https://www.nps.gov/yell/learn/news/220613.htm", "source": "National Park Service", "surface": "asphalt", "unsigned_ref": "US 212", "osm_id": 404201445}}, {"type": "Feature", "geometry": {"type": "LineString", "coordinates": [[-110.0691263, 44.96819], [-110.0690538, 44.9683503], [-110.0688927, 44.9686592], [-110.0687331, 44.9689684], [-110.0685681, 44.9692777], [-110.0683967, 44.9695778], [-110.0682271, 44.9698735], [-110.0680535, 44.9701692], [-110.067888, 44.9704514], [-110.0677154, 44.970738], [-110.0675465, 44.9710337], [-110.0673771, 44.9713114], [-110.0672094, 44.9715986], [-110.0670386, 44.9718912], [-110.0668658, 44.9721871], [-110.0666903, 44.9724876], [-110.0665122, 44.9727928], [-110.0663335, 44.9730989], [-110.0661577, 44.9734], [-110.0659855, 44.9736949], [-110.065826, 44.9739662], [-110.065681, 44.9742271]]}, "properties": {"hgv": "no", "highway": "secondary", "lanes": "2", "maxspeed": "45 mph", "name": "Northeast Entrance Road", "note": "Road closed due to flooding: https://www.nps.gov/yell/learn/news/220613.htm", "source": "National Park Service", "surface": "asphalt", "unsigned_ref": "US 212", "osm_id": 404201446}}, {"type": "Feature", "geometry": {"type": "LineString", "coordinates": [[-110.0654919, 44.9745459], [-110.0653653, 44.9747542], [-110.065205, 44.9750181], [-110.0650338, 44.9752999], [-110.064858, 44.9755893], [-110.0646763, 44.9758884], [-110.0644901, 44.9761949], [-110.0642973, 44.9765121], [-110.0641043, 44.9768298], [-110.0639224, 44.9771479], [-110.0637383, 44.9774525], [-110.0635486, 44.977757], [-110.0633743, 44.9780703], [-110.063208, 44.9783473], [-110.0630323, 44.9786556], [-110.062854, 44.9789516], [-110.0627382, 44.9791486], [-110.062689, 44.9792324], [-110.0624986, 44.9795635], [-110.0622874, 44.9798981], [-110.0621619, 44.9801336], [-110.0619541, 44.9804761], [-110.0617328, 44.9808119], [-110.0615544, 44.9810291], [-110.0614251, 44.9811558], [-110.0613002, 44.9812808], [-110.0604279, 44.9820555], [-110.0603126, 44.9821836], [-110.0601262, 44.9823856], [-110.0599961, 44.9825953], [-110.059878, 44.9827802], [-110.0597989, 44.9829472], [-110.0597211, 44.9831378], [-110.0596246, 44.9834177], [-110.0595347, 44.9836937], [-110.0594623, 44.983854], [-110.0593765, 44.9840409], [-110.0592799, 44.9841832], [-110.0591552, 44.9843387], [-110.0589232, 44.9845986], [-110.0585677, 44.9849086], [-110.0582876, 44.9851786], [-110.0581467, 44.9853015]]}, "properties": {"hgv": "no", "highway": "secondary", "lanes": "2", "maxspeed": "45 mph", "name": "Northeast Entrance Road", "note": "Road closed due to flooding: https://www.nps.gov/yell/learn/news/220613.htm", "source": "National Park Service", "surface": "asphalt", "unsigned_ref": "US 212", "osm_id": 404201447}}, {"type": "Feature", "geometry": {"type": "LineString", "coordinates": [[-110.744529, 44.6678259], [-110.7446179, 44.6676729], [-110.7446884, 44.6675134], [-110.7447618, 44.6672288], [-110.7447879, 44.6669363], [-110.7447833, 44.6666347], [-110.7447802, 44.6663331], [-110.7447726, 44.666027], [-110.7447522, 44.6657254], [-110.7447196, 44.6654237], [-110.7446452, 44.6651348]]}, "properties": {"hgv": "no", "highway": "secondary", "lanes": "2", "loc_ref": "US 20;US 89", "maxspeed": "45 mph", "name": "Grand Loop Road", "nps:route_desc": "PRIMARY ROUTE", "source": "GPS;NAIP aerial;National Park Service", "surface": "asphalt", "osm_id": 442973093}}, {"type": "Feature", "geometry": {"type": "LineString", "coordinates": [[-110.493277, 44.7359199], [-110.4932877, 44.7357756], [-110.4933035, 44.7355624], [-110.4934094, 44.7341319], [-110.4934309, 44.7338581], [-110.493582, 44.7317651]]}, "properties": {"hgv": "no", "highway": "secondary", "lanes": "2", "loc_ref": "US 20;US 89 ALT", "maxspeed": "25 mph", "name": "Grand Loop Road", "nps:route_desc": "PRIMARY ROUTE", "source": "National Park Service;Bing", "surface": "asphalt", "osm_id": 443524868}}, {"type": "Feature", "geometry": {"type": "LineString", "coordinates": [[-110.2070521, 44.499261], [-110.2055853, 44.4998726], [-110.2042499, 44.5003981], [-110.2038312, 44.5006075], [-110.2034697, 44.5008513], [-110.2021139, 44.5019348], [-110.2017261, 44.5021841], [-110.2011864, 44.5024853], [-110.2006097, 44.50275], [-110.1987932, 44.5035045]]}, "properties": {"hgv": "no", "highway": "secondary", "lanes": "2", "loc_ref": "US 14;US 16;US 20", "maxspeed": "45 mph", "name": "East Entrance Road", "nps:route_desc": "PRIMARY ROUTE", "source": "National Park Service", "surface": "asphalt", "osm_id": 443731434}}, {"type": "Feature", "geometry": {"type": "LineString", "coordinates": [[-110.2967206, 44.5314953], [-110.2968236, 44.5312202], [-110.2970655, 44.5304655], [-110.2971478, 44.5301015], [-110.2971465, 44.530079], [-110.2971436, 44.5298836], [-110.2971062, 44.5297476], [-110.297092, 44.5296961], [-110.2969945, 44.5295251], [-110.2968078, 44.5292687], [-110.2965778, 44.529042], [-110.2963059, 44.5287858], [-110.2959331, 44.5285103], [-110.2956329, 44.528332], [-110.2952901, 44.5281842], [-110.2950175, 44.528126], [-110.2947609, 44.5281065], [-110.2945142, 44.5281193], [-110.2942603, 44.5281807], [-110.2937911, 44.5283242], [-110.2929186, 44.5286473]]}, "properties": {"hgv": "no", "highway": "secondary", "lanes": "2", "loc_ref": "US 14;US 16;US 20", "maxspeed": "45 mph", "maxspeed:advisory": "25 mph", "name": "East Entrance Road", "nps:route_desc": "PRIMARY ROUTE", "source": "National Park Service", "surface": "asphalt", "osm_id": 443731435}}, {"type": "Feature", "geometry": {"type": "LineString", "coordinates": [[-110.2008659, 44.4998985], [-110.2015357, 44.499224], [-110.2018792, 44.4989338], [-110.2021786, 44.4986753], [-110.2023314, 44.4983888], [-110.2023057, 44.4980936], [-110.202125, 44.4978597], [-110.2017998, 44.4976684], [-110.2014001, 44.4975942], [-110.1995905, 44.4977335], [-110.1990975, 44.4976995], [-110.198677, 44.497604], [-110.1982943, 44.4974207], [-110.1979765, 44.4971568], [-110.1977759, 44.496859], [-110.1976908, 44.4965323], [-110.1977194, 44.4961993], [-110.1978534, 44.4958807], [-110.1980683, 44.4955426]]}, "properties": {"hgv": "no", "highway": "secondary", "lanes": "2", "loc_ref": "US 14;US 16;US 20", "maxspeed": "45 mph", "maxspeed:advisory": "25 mph", "name": "East Entrance Road", "nps:route_desc": "PRIMARY ROUTE", "source": "National Park Service", "surface": "asphalt", "osm_id": 443731436}}, {"type": "Feature", "geometry": {"type": "LineString", "coordinates": [[-110.2929186, 44.5286473], [-110.2919881, 44.5289773], [-110.2916331, 44.5290978], [-110.2912818, 44.5291793], [-110.2909334, 44.5292311], [-110.2905746, 44.5292477], [-110.2902325, 44.5292348], [-110.2899168, 44.529196], [-110.2895952, 44.5291227], [-110.289271, 44.529023], [-110.2889468, 44.5288784], [-110.2886486, 44.5287113], [-110.2877509, 44.5281899], [-110.2874319, 44.5279939], [-110.2871325, 44.5278277], [-110.2867079, 44.5275748]]}, "properties": {"hgv": "no", "highway": "secondary", "lanes": "2", "loc_ref": "US 14;US 16;US 20", "maxspeed": "45 mph", "name": "East Entrance Road", "nps:route_desc": "PRIMARY ROUTE", "source": "National Park Service", "surface": "asphalt", "osm_id": 443731437}}, {"type": "Feature", "geometry": {"type": "LineString", "coordinates": [[-110.2891999, 44.5389992], [-110.2893017, 44.5387973], [-110.2894346, 44.5386096], [-110.2896268, 44.5384203], [-110.2898017, 44.5382658], [-110.2904241, 44.5377971], [-110.2906973, 44.5376449], [-110.2909453, 44.5375101], [-110.2912201, 44.5373821], [-110.2914799, 44.537296], [-110.2917534, 44.5372164], [-110.291899, 44.5371934], [-110.2920446, 44.537179], [-110.2921945, 44.5371701], [-110.2923564, 44.5371677], [-110.2925615, 44.5371771], [-110.2927681, 44.5371919], [-110.2929133, 44.5372048], [-110.2931509, 44.5372338], [-110.293328, 44.5372502], [-110.2934545, 44.537258], [-110.2936269, 44.537252], [-110.2938053, 44.5372331], [-110.2939095, 44.5372154], [-110.2940175, 44.5371853], [-110.294252, 44.5371011], [-110.2944635, 44.5369764]]}, "properties": {"hgv": "no", "highway": "secondary", "lanes": "2", "loc_ref": "US 14;US 16;US 20", "maxspeed": "45 mph", "maxspeed:advisory": "35 mph", "name": "East Entrance Road", "nps:route_desc": "PRIMARY ROUTE", "source": "National Park Service", "surface": "asphalt", "osm_id": 443731438}}, {"type": "Feature", "geometry": {"type": "LineString", "coordinates": [[-110.251521, 44.5087182], [-110.2512872, 44.5089722], [-110.2510499, 44.5092148], [-110.2508087, 44.5093972], [-110.2506327, 44.5094941], [-110.2504324, 44.5095672], [-110.2502383, 44.5096174], [-110.2500487, 44.5096525], [-110.2498463, 44.5096599], [-110.2496561, 44.5096446], [-110.2494576, 44.5096108], [-110.2492984, 44.5095576], [-110.2491515, 44.5094934], [-110.2490197, 44.5094239], [-110.2489063, 44.5093328], [-110.2487641, 44.509206], [-110.2486635, 44.5090464], [-110.2486084, 44.5089062], [-110.2485748, 44.5087578], [-110.2485837, 44.5086224], [-110.2486101, 44.5084559], [-110.2488047, 44.5079781], [-110.2488408, 44.5078419], [-110.2488595, 44.5076754], [-110.2488434, 44.5075435], [-110.2488086, 44.5073885], [-110.2487576, 44.5072527], [-110.2486544, 44.5071047], [-110.2485653, 44.5069783], [-110.2484466, 44.5068604], [-110.2483048, 44.5067491], [-110.2481622, 44.5066808], [-110.2479771, 44.5066042], [-110.247792, 44.5065545], [-110.2475721, 44.506522], [-110.247387, 44.5065143], [-110.2472046, 44.5065258], [-110.2470464, 44.5065411], [-110.2468774, 44.506587], [-110.2462135, 44.5067994], [-110.2459855, 44.5068424], [-110.2458058, 44.5068587], [-110.2456114, 44.5068558], [-110.2454062, 44.5068434], [-110.2450709, 44.506785], [-110.2446927, 44.5066932], [-110.2444687, 44.5066282], [-110.2442327, 44.5065593], [-110.2436064, 44.5063183], [-110.2432143, 44.506135], [-110.2428688, 44.5059559], [-110.2425359, 44.5057466], [-110.2422203, 44.505524], [-110.2414392, 44.5048186], [-110.2412944, 44.5047153], [-110.2410637, 44.5045708], [-110.24079, 44.5044431], [-110.2404295, 44.5043462], [-110.2400489, 44.5042987], [-110.2386962, 44.5043257]]}, "properties": {"hgv": "no", "highway": "secondary", "lanes": "2", "loc_ref": "US 14;US 16;US 20", "maxspeed": "45 mph", "maxspeed:advisory": "35 mph", "name": "East Entrance Road", "nps:route_desc": "PRIMARY ROUTE", "source": "National Park Service", "surface": "asphalt", "osm_id": 443731439}}, {"type": "Feature", "geometry": {"type": "LineString", "coordinates": [[-110.1966915, 44.5027858], [-110.1981431, 44.5017615], [-110.1998398, 44.5007201], [-110.2002311, 44.5004482], [-110.2008659, 44.4998985]]}, "properties": {"hgv": "no", "highway": "secondary", "lanes": "2", "loc_ref": "US 14;US 16;US 20", "maxspeed": "45 mph", "name": "East Entrance Road", "nps:route_desc": "PRIMARY ROUTE", "source": "National Park Service", "surface": "asphalt", "osm_id": 443731440}}, {"type": "Feature", "geometry": {"type": "LineString", "coordinates": [[-110.1955697, 44.5039915], [-110.195561, 44.5038364], [-110.1956513, 44.503612], [-110.1958577, 44.5034154], [-110.1966915, 44.5027858]]}, "properties": {"hgv": "no", "highway": "secondary", "lanes": "2", "loc_ref": "US 14;US 16;US 20", "maxspeed": "45 mph", "maxspeed:advisory": "25 mph", "name": "East Entrance Road", "nps:route_desc": "PRIMARY ROUTE", "source": "National Park Service", "surface": "asphalt", "osm_id": 443731441}}, {"type": "Feature", "geometry": {"type": "LineString", "coordinates": [[-110.2084608, 44.4993474], [-110.2082214, 44.4992459], [-110.2079516, 44.4991812], [-110.2077175, 44.499158], [-110.2074516, 44.4991692]]}, "properties": {"hgv": "no", "highway": "secondary", "lanes": "2", "loc_ref": "US 14;US 16;US 20", "maxspeed": "45 mph", "maxspeed:advisory": "30 mph", "name": "East Entrance Road", "nps:route_desc": "PRIMARY ROUTE", "parking:right": "separate", "source": "National Park Service", "surface": "asphalt", "osm_id": 443731442}}, {"type": "Feature", "geometry": {"type": "LineString", "coordinates": [[-110.295413, 44.5340823], [-110.2958431, 44.5335414], [-110.2960973, 44.5331378], [-110.2961877, 44.5329448], [-110.2962674, 44.5327286], [-110.2964632, 44.5321976], [-110.2967206, 44.5314953]]}, "properties": {"hgv": "no", "highway": "secondary", "lanes": "2", "loc_ref": "US 14;US 16;US 20", "maxspeed": "45 mph", "name": "East Entrance Road", "nps:route_desc": "PRIMARY ROUTE", "source": "National Park Service", "surface": "asphalt", "osm_id": 443731443}}, {"type": "Feature", "geometry": {"type": "LineString", "coordinates": [[-110.2812419, 44.5233965], [-110.2806639, 44.52269], [-110.2803979, 44.5223578], [-110.2798607, 44.5217426], [-110.2788659, 44.5207204], [-110.2783636, 44.5202351], [-110.2778985, 44.519738], [-110.277443, 44.5191523], [-110.2771457, 44.5187402], [-110.2768229, 44.5181511], [-110.276674, 44.517804], [-110.2764989, 44.5172885], [-110.2763706, 44.5166828], [-110.2763248, 44.5160972], [-110.2763193, 44.5156636], [-110.2763467, 44.5152891], [-110.2764221, 44.51478], [-110.2766415, 44.5141809], [-110.2768151, 44.5138425], [-110.2770172, 44.5135127], [-110.2772355, 44.5132221], [-110.2781288, 44.512068], [-110.27851, 44.5114792], [-110.2785977, 44.51124], [-110.2786995, 44.5108426], [-110.2787233, 44.5104942], [-110.2787149, 44.5101405], [-110.2785736, 44.5089751], [-110.2784397, 44.5085539], [-110.2783561, 44.5083649], [-110.2782246, 44.5081911], [-110.278089, 44.5080294], [-110.2774466, 44.5074788], [-110.2767583, 44.5069439], [-110.2765047, 44.5067591], [-110.2761711, 44.5065759], [-110.2756804, 44.5063814], [-110.2753424, 44.5062745], [-110.2747164, 44.5061536], [-110.2742019, 44.5061188], [-110.2736873, 44.5061425], [-110.2728909, 44.506259], [-110.2724612, 44.5063013], [-110.2721434, 44.5063171], [-110.2717455, 44.5062644], [-110.2714978, 44.5061781], [-110.2710867, 44.505974], [-110.2696309, 44.5050814], [-110.269337, 44.5049399], [-110.269009, 44.5048253], [-110.2686546, 44.5047465], [-110.2682769, 44.5047036], [-110.2678833, 44.5046876], [-110.2674522, 44.5047073], [-110.2665901, 44.5046876], [-110.2639257, 44.5045599], [-110.2634427, 44.5045482], [-110.2627379, 44.5045753], [-110.2620614, 44.5046316], [-110.2615634, 44.5046954], [-110.2607967, 44.5048398], [-110.2596142, 44.5051437], [-110.2586687, 44.5054617], [-110.2581793, 44.5056197], [-110.2572411, 44.5059467], [-110.2563211, 44.5063234], [-110.2558931, 44.5065321], [-110.2550768, 44.506977], [-110.2543083, 44.5074356], [-110.253918, 44.5076356], [-110.2534882, 44.5077948], [-110.2526007, 44.5080906], [-110.2521841, 44.5082724], [-110.2518228, 44.5084861], [-110.251521, 44.5087182]]}, "properties": {"hgv": "no", "highway": "secondary", "lanes": "2", "loc_ref": "US 14;US 16;US 20", "maxspeed": "45 mph", "name": "East Entrance Road", "nps:route_desc": "PRIMARY ROUTE", "source": "National Park Service", "surface": "asphalt", "osm_id": 443731444}}, {"type": "Feature", "geometry": {"type": "LineString", "coordinates": [[-110.1987932, 44.5035045], [-110.1969572, 44.5043305], [-110.1966189, 44.50443], [-110.1963588, 44.5044559], [-110.1961464, 44.5044456], [-110.1959647, 44.5043834], [-110.1958244, 44.50431], [-110.1956962, 44.504221], [-110.1956263, 44.5041133]]}, "properties": {"hgv": "no", "highway": "secondary", "lanes": "2", "loc_ref": "US 14;US 16;US 20", "maxspeed": "45 mph", "maxspeed:advisory": "25 mph", "name": "East Entrance Road", "nps:route_desc": "PRIMARY ROUTE", "source": "National Park Service", "surface": "asphalt", "osm_id": 443731445}}, {"type": "Feature", "geometry": {"type": "LineString", "coordinates": [[-110.4449819, 44.7966171], [-110.4447225, 44.7964281], [-110.4445668, 44.7961843], [-110.4444552, 44.7959542], [-110.4443736, 44.7957287], [-110.4443131, 44.7955169], [-110.4443144, 44.7953053], [-110.4443692, 44.7951166], [-110.4444864, 44.7949191], [-110.4446212, 44.7947214], [-110.444765, 44.7945022], [-110.4449115, 44.7942685]]}, "properties": {"hgv": "no", "highway": "secondary", "lanes": "2", "maxspeed": "35 mph", "maxspeed:advisory": "25 mph", "name": "Grand Loop Road", "nps:route_desc": "PRIMARY ROUTE", "source": "National Park Service;Bing", "surface": "asphalt", "unsigned_ref": "US 89 Alt", "osm_id": 443921828}}, {"type": "Feature", "geometry": {"type": "LineString", "coordinates": [[-110.4439845, 44.8352766], [-110.4440638, 44.8350346], [-110.4440779, 44.8347909], [-110.4440546, 44.8345401], [-110.4439897, 44.8342961], [-110.443977, 44.8340537], [-110.4440778, 44.8338382], [-110.4442694, 44.8336546], [-110.4444916, 44.8334846], [-110.4447306, 44.8333057], [-110.4449624, 44.8331268], [-110.44521, 44.8329525], [-110.4453537, 44.8328659]]}, "properties": {"hgv": "no", "highway": "secondary", "incline": "6%", "lanes": "2", "maxspeed": "35 mph", "maxspeed:advisory": "25 mph", "name": "Grand Loop Road", "nps:route_desc": "PRIMARY ROUTE", "source": "National Park Service;Bing", "surface": "asphalt", "unsigned_ref": "US 89 Alt", "osm_id": 443921829}}, {"type": "Feature", "geometry": {"type": "LineString", "coordinates": [[-110.4592224, 44.777324], [-110.4593536, 44.7771073], [-110.4594793, 44.7769137], [-110.459615, 44.776722], [-110.459797, 44.7765279], [-110.4599357, 44.776352], [-110.4599929, 44.7761405], [-110.4599295, 44.7759395], [-110.4597731, 44.7757545], [-110.4595749, 44.7755616], [-110.4594204, 44.775398], [-110.4592224, 44.7752118], [-110.4590576, 44.7749595]]}, "properties": {"hgv": "no", "highway": "secondary", "lanes": "2", "maxspeed": "35 mph", "maxspeed:advisory": "25 mph", "name": "Grand Loop Road", "nps:route_desc": "PRIMARY ROUTE", "source": "National Park Service;Bing", "surface": "asphalt", "unsigned_ref": "US 89 Alt", "osm_id": 443921830}}, {"type": "Feature", "geometry": {"type": "LineString", "coordinates": [[-110.4502854, 44.7918114], [-110.4505303, 44.7918871], [-110.4511886, 44.7920823], [-110.4515602, 44.7921456], [-110.4518141, 44.7921278], [-110.4520303, 44.7920838], [-110.4522097, 44.7919946], [-110.4523642, 44.7918649], [-110.4524851, 44.7916944], [-110.4525527, 44.7914975], [-110.4525974, 44.7912881], [-110.4525907, 44.7910874], [-110.4525502, 44.7908847], [-110.4524891, 44.7907557]]}, "properties": {"hgv": "no", "highway": "secondary", "lanes": "2", "maxspeed": "35 mph", "maxspeed:advisory": "25 mph", "name": "Grand Loop Road", "nps:route_desc": "PRIMARY ROUTE", "source": "National Park Service;Bing", "surface": "asphalt", "unsigned_ref": "US 89 Alt", "osm_id": 443921831}}, {"type": "Feature", "geometry": {"type": "LineString", "coordinates": [[-110.4524891, 44.7907557], [-110.4523927, 44.7904865], [-110.4523275, 44.790274], [-110.4523128, 44.7900552], [-110.4523215, 44.7898124], [-110.4523387, 44.7895926], [-110.4523498, 44.7893669], [-110.4523746, 44.7891265], [-110.4523768, 44.7888963], [-110.452411, 44.7886566], [-110.4524721, 44.7884427], [-110.4525492, 44.7882323], [-110.4526396, 44.7880385], [-110.4527177, 44.7878228], [-110.4527593, 44.7875952]]}, "properties": {"hgv": "no", "highway": "secondary", "lanes": "2", "maxspeed": "35 mph", "name": "Grand Loop Road", "nps:route_desc": "PRIMARY ROUTE", "source": "National Park Service;Bing", "surface": "asphalt", "unsigned_ref": "US 89 Alt", "osm_id": 443921832}}, {"type": "Feature", "geometry": {"type": "LineString", "coordinates": [[-110.4426377, 44.8081074], [-110.4425985, 44.8079136], [-110.4426257, 44.8077157], [-110.4427483, 44.8075407], [-110.4429544, 44.8073932], [-110.4432218, 44.8072865], [-110.4435095, 44.8072024], [-110.4437776, 44.8070912], [-110.4439941, 44.8069347], [-110.4441588, 44.8067419], [-110.4443235, 44.8065447], [-110.4445229, 44.8063611], [-110.4447678, 44.8062093], [-110.4450485, 44.8061071], [-110.4453613, 44.8060456], [-110.4456841, 44.8060022]]}, "properties": {"hgv": "no", "highway": "secondary", "lanes": "2", "maxspeed": "35 mph", "maxspeed:advisory": "25 mph", "name": "Grand Loop Road", "nps:route_desc": "PRIMARY ROUTE", "source": "National Park Service;Bing", "surface": "asphalt", "unsigned_ref": "US 89 Alt", "osm_id": 443921833}}, {"type": "Feature", "geometry": {"type": "LineString", "coordinates": [[-110.4413279, 44.8389269], [-110.4415855, 44.8387717], [-110.441768, 44.8386055], [-110.4419055, 44.8384097], [-110.4419664, 44.8383068], [-110.4420068, 44.8381732], [-110.4420322, 44.837938], [-110.4419711, 44.837687], [-110.4418512, 44.8374359], [-110.4417538, 44.8371981], [-110.4417246, 44.8369522], [-110.4417785, 44.8367077], [-110.4419537, 44.8364925], [-110.4422139, 44.8363272], [-110.4425272, 44.8362252], [-110.4428444, 44.8361322], [-110.4431444, 44.8360212], [-110.4434162, 44.8358739], [-110.443656, 44.8356951], [-110.4438335, 44.8354889], [-110.4439845, 44.8352766]]}, "properties": {"hgv": "no", "highway": "secondary", "incline": "6%", "lanes": "2", "maxspeed": "35 mph", "name": "Grand Loop Road", "nps:route_desc": "PRIMARY ROUTE", "source": "National Park Service;Bing", "surface": "asphalt", "unsigned_ref": "US 89 Alt", "osm_id": 443921834}}, {"type": "Feature", "geometry": {"type": "LineString", "coordinates": [[-110.4376056, 44.8400462], [-110.4376174, 44.8402615], [-110.4376594, 44.8403758], [-110.4377305, 44.8404945], [-110.4378347, 44.8406015], [-110.4379955, 44.8406925], [-110.4381953, 44.8407566], [-110.4384067, 44.8407796], [-110.4386169, 44.8407695], [-110.4387519, 44.8407382], [-110.4389575, 44.8406548], [-110.4391161, 44.8405295], [-110.4392259, 44.8403725], [-110.4393193, 44.8401975], [-110.4394349, 44.8400225], [-110.4395751, 44.8398431], [-110.4397594, 44.839673], [-110.4399752, 44.839521], [-110.440224, 44.8393917], [-110.4404932, 44.8392715], [-110.440775, 44.8391558], [-110.4410561, 44.8390402], [-110.4413279, 44.8389269]]}, "properties": {"hgv": "no", "highway": "secondary", "incline": "6%", "lanes": "2", "maxspeed:backward": "25 mph", "maxspeed:forward": "35 mph", "name": "Grand Loop Road", "nps:route_desc": "PRIMARY ROUTE", "source": "National Park Service;Bing", "surface": "asphalt", "unsigned_ref": "US 89 Alt", "osm_id": 443921835}}, {"type": "Feature", "geometry": {"type": "LineString", "coordinates": [[-110.4370904, 44.8393067], [-110.4370341, 44.8392048], [-110.4368628, 44.8389819], [-110.4367988, 44.8388838], [-110.4367759, 44.8388035], [-110.4367907, 44.8387233], [-110.4368378, 44.8386504], [-110.4369186, 44.8385888], [-110.4370014, 44.8385544], [-110.4370969, 44.8385394], [-110.437224, 44.8385439], [-110.4373371, 44.8385737], [-110.4374386, 44.8386372], [-110.4374958, 44.8387129], [-110.4375113, 44.8388011], [-110.4375004, 44.8388775], [-110.4374497, 44.8391405], [-110.4374457, 44.8392669], [-110.4374913, 44.8394438], [-110.4375736, 44.8397027], [-110.4375982, 44.8398418], [-110.4376056, 44.8400462]]}, "properties": {"hgv": "no", "highway": "secondary", "incline": "6%", "lanes": "2", "maxspeed:advisory": "25 mph", "maxspeed:backward": "25 mph", "maxspeed:forward": "35 mph", "name": "Grand Loop Road", "nps:route_desc": "PRIMARY ROUTE", "source": "National Park Service;Bing", "surface": "asphalt", "unsigned_ref": "US 89 Alt", "osm_id": 443921836}}, {"type": "Feature", "geometry": {"type": "LineString", "coordinates": [[-110.4590576, 44.7749595], [-110.4590115, 44.7747832], [-110.4590219, 44.7745222], [-110.4590884, 44.7743335], [-110.459248, 44.7740822], [-110.4593212, 44.773934], [-110.4594308, 44.7737356], [-110.4594581, 44.7734633], [-110.459365, 44.7732589], [-110.4592234, 44.7730988], [-110.4590153, 44.7729423], [-110.4587666, 44.7727656], [-110.4585535, 44.77258], [-110.4583404, 44.7723899], [-110.4581681, 44.7721551], [-110.457965, 44.7719876], [-110.4577024, 44.7718513], [-110.4573978, 44.7717553], [-110.4570768, 44.7716998], [-110.4567418, 44.7717072], [-110.4564193, 44.7717281], [-110.4560803, 44.771749], [-110.4557497, 44.7717115], [-110.4554663, 44.7716111], [-110.4552103, 44.7714433], [-110.4549738, 44.7712897]]}, "properties": {"hgv": "no", "highway": "secondary", "lanes": "2", "maxspeed": "35 mph", "name": "Grand Loop Road", "nps:route_desc": "PRIMARY ROUTE", "source": "National Park Service;Bing", "surface": "asphalt", "unsigned_ref": "US 89 Alt", "osm_id": 443921837}}, {"type": "Feature", "geometry": {"type": "LineString", "coordinates": [[-110.454486, 44.7828547], [-110.4547285, 44.7827096], [-110.4549728, 44.7825249], [-110.4551748, 44.7823233], [-110.4553409, 44.7820986], [-110.4554806, 44.7818697], [-110.4556338, 44.7816524], [-110.4557847, 44.7814582], [-110.4559676, 44.7812688], [-110.456165, 44.7811094], [-110.4563188, 44.7809281], [-110.4563998, 44.7807325], [-110.4564594, 44.7805161], [-110.4565031, 44.7802881], [-110.4565969, 44.7799488], [-110.45663, 44.7798891], [-110.4567379, 44.7797259], [-110.4568846, 44.7795743], [-110.4570503, 44.7794757], [-110.4572721, 44.7793477], [-110.457568, 44.7792425], [-110.457842, 44.7791705], [-110.4581383, 44.7790773], [-110.4583389, 44.7789918], [-110.4584922, 44.7788985], [-110.4586299, 44.7787743], [-110.458725, 44.7785972], [-110.4588008, 44.7783733], [-110.4588475, 44.7781774], [-110.4588973, 44.777968], [-110.4589873, 44.777755], [-110.4590996, 44.7775376], [-110.4592224, 44.777324]]}, "properties": {"hgv": "no", "highway": "secondary", "lanes": "2", "maxspeed": "35 mph", "name": "Grand Loop Road", "nps:route_desc": "PRIMARY ROUTE", "source": "National Park Service;Bing", "surface": "asphalt", "unsigned_ref": "US 89 Alt", "osm_id": 443921838}}, {"type": "Feature", "geometry": {"type": "LineString", "coordinates": [[-110.4449115, 44.7942685], [-110.4450639, 44.7940262], [-110.4451537, 44.793806], [-110.4451631, 44.793563], [-110.4450826, 44.7933151], [-110.4449837, 44.793076], [-110.444944, 44.7928598], [-110.4449602, 44.7926483], [-110.4450248, 44.7924236], [-110.4450822, 44.7922078], [-110.4451444, 44.791983], [-110.4452018, 44.7917538], [-110.445279, 44.7915426], [-110.445396, 44.7913631], [-110.4455824, 44.7912065], [-110.445823, 44.7910861], [-110.4461064, 44.7910245], [-110.4463965, 44.7910124], [-110.4466767, 44.7910497], [-110.446943, 44.791123], [-110.4472021, 44.7912098], [-110.4474573, 44.7912921], [-110.4477151, 44.7913563], [-110.4479668, 44.7913981], [-110.4482009, 44.7914376], [-110.4484321, 44.7914632], [-110.4486844, 44.7914817], [-110.4489075, 44.7914969], [-110.4491296, 44.7915198], [-110.4493498, 44.7915517], [-110.4495565, 44.7915978], [-110.4497965, 44.7916593], [-110.4500127, 44.7917229], [-110.4502854, 44.7918114]]}, "properties": {"hgv": "no", "highway": "secondary", "lanes": "2", "maxspeed": "35 mph", "name": "Grand Loop Road", "nps:route_desc": "PRIMARY ROUTE", "source": "National Park Service;Bing", "surface": "asphalt", "unsigned_ref": "US 89 Alt", "osm_id": 443921839}}, {"type": "Feature", "geometry": {"type": "LineString", "coordinates": [[-110.4456841, 44.8060022], [-110.4460084, 44.8059722], [-110.4463305, 44.8059333], [-110.4466394, 44.8058628], [-110.4469178, 44.8057516], [-110.4471587, 44.8056042], [-110.4473461, 44.8054296], [-110.4474897, 44.8052187], [-110.4476079, 44.8049897], [-110.4476835, 44.8047478], [-110.4477649, 44.8045037], [-110.447796, 44.8042519], [-110.4477836, 44.8039973], [-110.4477242, 44.8037488], [-110.4476032, 44.8035032], [-110.4473566, 44.8031687], [-110.4472517, 44.8030582], [-110.447014, 44.8028366], [-110.4467917, 44.8026079], [-110.4464487, 44.802266], [-110.4463308, 44.8021467], [-110.4461393, 44.8019244], [-110.4459625, 44.8016876], [-110.4458111, 44.8014497], [-110.4456501, 44.8012194], [-110.4455287, 44.8010026], [-110.445394, 44.800795], [-110.4453313, 44.8005946], [-110.445296, 44.8004054], [-110.4453287, 44.800203], [-110.4453934, 44.7999782], [-110.4454556, 44.7997535], [-110.4455264, 44.7995243], [-110.4455983, 44.7992771], [-110.4456451, 44.7990162], [-110.445662, 44.7987417], [-110.4456718, 44.7984582], [-110.4456778, 44.7981657], [-110.445679, 44.7978731], [-110.4456692, 44.7975805], [-110.4456181, 44.7973012], [-110.445487, 44.7970395], [-110.4452695, 44.7968179], [-110.4449819, 44.7966171]]}, "properties": {"hgv": "no", "highway": "secondary", "lanes": "2", "maxspeed": "35 mph", "name": "Grand Loop Road", "nps:route_desc": "PRIMARY ROUTE", "source": "National Park Service;Bing", "surface": "asphalt", "unsigned_ref": "US 89 Alt", "osm_id": 443921840}}, {"type": "Feature", "geometry": {"type": "LineString", "coordinates": [[-110.4847825, 44.7518205], [-110.4859476, 44.7515017], [-110.4862026, 44.7514263], [-110.4865549, 44.7513199], [-110.4869119, 44.7512179], [-110.4879968, 44.7509392], [-110.4883213, 44.7508597], [-110.4889788, 44.7506829], [-110.4903165, 44.7503284], [-110.4910878, 44.7501115], [-110.4913408, 44.7500404], [-110.4916804, 44.7499339], [-110.4919873, 44.749812], [-110.4922854, 44.7496485], [-110.4925261, 44.7494696], [-110.4927468, 44.7492545], [-110.4929406, 44.7490213], [-110.4930971, 44.7487908], [-110.4932267, 44.7485369], [-110.4933545, 44.7482673], [-110.4934747, 44.7479929], [-110.4935979, 44.7477144], [-110.4937082, 44.7474628], [-110.4938275, 44.7471797], [-110.4939542, 44.7469152], [-110.4940669, 44.7466771], [-110.4941953, 44.7464125], [-110.4943297, 44.7461283], [-110.4944621, 44.7458628], [-110.494582, 44.7455887], [-110.494657, 44.7453056], [-110.4947205, 44.7450096], [-110.4947365, 44.7447126], [-110.4947311, 44.7444245], [-110.4946988, 44.7441543], [-110.4946412, 44.7438705], [-110.4945552, 44.7435955], [-110.4944439, 44.743325], [-110.4943115, 44.7430183], [-110.494161, 44.7427026], [-110.4940527, 44.7424545], [-110.4938807, 44.7420892], [-110.4937396, 44.741778], [-110.4935939, 44.7414667], [-110.4934506, 44.7411645], [-110.493323, 44.7408624], [-110.4932017, 44.7405603], [-110.4931056, 44.7402538]]}, "properties": {"hgv": "no", "highway": "secondary", "lanes": "2", "maxspeed": "35 mph", "name": "Grand Loop Road", "nps:route_desc": "PRIMARY ROUTE", "source": "National Park Service;Bing", "surface": "asphalt", "unsigned_ref": "US 89 Alt", "osm_id": 443921841}}, {"type": "Feature", "geometry": {"type": "LineString", "coordinates": [[-110.4496111, 44.8180978], [-110.4497725, 44.8179378], [-110.4499402, 44.8177535], [-110.4500879, 44.8175689], [-110.4501727, 44.817367], [-110.450205, 44.8171776], [-110.4501566, 44.8169964], [-110.4500658, 44.8168602], [-110.4499185, 44.8167271], [-110.4497288, 44.8166111], [-110.4495122, 44.8165108], [-110.4492626, 44.816399], [-110.4489998, 44.8162762], [-110.4487219, 44.8161489], [-110.4484379, 44.816008], [-110.4481588, 44.8158446], [-110.4479284, 44.8156409], [-110.4477805, 44.8153926], [-110.4476636, 44.8151445], [-110.4475299, 44.8149143], [-110.447373, 44.814693], [-110.4471924, 44.8144941], [-110.4469933, 44.8143176], [-110.4467838, 44.81415], [-110.4465607, 44.8140004], [-110.4463369, 44.8138508], [-110.4461099, 44.8137056], [-110.4458862, 44.813547], [-110.4456759, 44.8133839], [-110.4455561, 44.8131808], [-110.4455137, 44.8129826], [-110.4455433, 44.8127801], [-110.4456547, 44.8125376], [-110.4456962, 44.8123353], [-110.4456472, 44.8121685], [-110.4455646, 44.811961], [-110.4453996, 44.8117757], [-110.4451719, 44.8116171], [-110.4448869, 44.8114986], [-110.444578, 44.8113936], [-110.4442805, 44.8112751], [-110.4440402, 44.8111029], [-110.4439136, 44.8108818], [-110.4438675, 44.810652], [-110.443865, 44.8104224], [-110.4438563, 44.8101703], [-110.443773, 44.8099583], [-110.4435988, 44.809803], [-110.4433537, 44.8096315], [-110.4431166, 44.8094826], [-110.4429347, 44.8092827], [-110.4428732, 44.8090897], [-110.4428826, 44.8088557], [-110.4428676, 44.8086846], [-110.4428237, 44.8084909], [-110.4427339, 44.8082969], [-110.4426377, 44.8081074]]}, "properties": {"hgv": "no", "highway": "secondary", "incline": "6%", "lanes": "2", "maxspeed": "35 mph", "maxspeed:advisory": "25 mph", "name": "Grand Loop Road", "nps:route_desc": "PRIMARY ROUTE", "source": "National Park Service;Bing", "surface": "asphalt", "unsigned_ref": "US 89 Alt", "osm_id": 443921842}}, {"type": "Feature", "geometry": {"type": "LineString", "coordinates": [[-110.4453537, 44.8328659], [-110.4456861, 44.8326082], [-110.4459187, 44.8324293], [-110.4461412, 44.8322368], [-110.4463322, 44.8320262], [-110.4464831, 44.8317929], [-110.4465906, 44.8315458], [-110.4466547, 44.8312806], [-110.4466882, 44.8310062], [-110.446717, 44.8307227], [-110.446745, 44.8304393], [-110.4467747, 44.8301469], [-110.446798, 44.8298544], [-110.4468221, 44.829571], [-110.4468288, 44.8292874], [-110.446807, 44.8290128], [-110.4467819, 44.8287426], [-110.4468041, 44.8284771], [-110.4469101, 44.8282256], [-110.4470886, 44.8280059], [-110.4473354, 44.827818], [-110.447634, 44.8276754], [-110.447949, 44.8275649], [-110.4482717, 44.8274499], [-110.4485791, 44.827302], [-110.448794, 44.8271039], [-110.4489426, 44.826866], [-110.4489863, 44.8265925], [-110.4489231, 44.8263356], [-110.4488078, 44.8260785], [-110.4486774, 44.8258213], [-110.4485502, 44.8255596], [-110.4484215, 44.8252934], [-110.4482729, 44.8250183], [-110.4481933, 44.8247395], [-110.4482063, 44.8244599], [-110.4483203, 44.8242039], [-110.4484853, 44.8239718], [-110.4486397, 44.8237365], [-110.4487767, 44.8235119], [-110.4488462, 44.8232544], [-110.4488429, 44.8229966], [-110.4487743, 44.8227276], [-110.4486765, 44.8224661], [-110.4485294, 44.822193], [-110.4483798, 44.8219485], [-110.4482402, 44.8217213], [-110.4480765, 44.8214977], [-110.4479621, 44.82131], [-110.4478755, 44.8211333], [-110.4478229, 44.8209665], [-110.4478043, 44.8208056], [-110.4478158, 44.8206384], [-110.4478241, 44.8204635], [-110.4478275, 44.8202861], [-110.4478379, 44.8201016], [-110.4478469, 44.8199081], [-110.4478576, 44.8197011], [-110.4478723, 44.819489], [-110.4479121, 44.8192718], [-110.4480198, 44.8190622], [-110.4482009, 44.8188965], [-110.4484227, 44.8187671], [-110.4486681, 44.8186467], [-110.4489191, 44.8185264], [-110.4491622, 44.818388], [-110.4493984, 44.8182468], [-110.4496111, 44.8180978]]}, "properties": {"hgv": "no", "highway": "secondary", "incline": "6%", "lanes": "2", "maxspeed": "35 mph", "name": "Grand Loop Road", "nps:route_desc": "PRIMARY ROUTE", "source": "National Park Service;Bing", "surface": "asphalt", "unsigned_ref": "US 89 Alt", "osm_id": 443921843}}, {"type": "Feature", "geometry": {"type": "LineString", "coordinates": [[-110.4368977, 44.8405501], [-110.4370489, 44.8403443], [-110.4371598, 44.8401266], [-110.4372011, 44.8398883], [-110.4371868, 44.8396448], [-110.4371312, 44.839421], [-110.4370904, 44.8393067]]}, "properties": {"hgv": "no", "highway": "secondary", "incline": "6%", "lanes": "2", "maxspeed:backward": "25 mph", "maxspeed:forward": "35 mph", "name": "Grand Loop Road", "nps:route_desc": "PRIMARY ROUTE", "source": "National Park Service;Bing", "surface": "asphalt", "unsigned_ref": "US 89 Alt", "osm_id": 443921844}}, {"type": "Feature", "geometry": {"type": "LineString", "coordinates": [[-110.5723819, 44.9552321], [-110.5708356, 44.9550515], [-110.5701001, 44.9549772], [-110.5697974, 44.9549747], [-110.5694753, 44.955018], [-110.5692575, 44.9550794], [-110.5690126, 44.9551741], [-110.5688208, 44.9552984], [-110.5686488, 44.9554517], [-110.5685369, 44.955625], [-110.5684769, 44.9557559], [-110.5684332, 44.9558909], [-110.5684258, 44.9560605], [-110.5684569, 44.9562183], [-110.5685436, 44.9564024], [-110.5686434, 44.9565508], [-110.5688173, 44.9567781], [-110.5688827, 44.9569168], [-110.5689342, 44.9570993], [-110.568925, 44.9572746], [-110.5688758, 44.957467], [-110.5687714, 44.9576141], [-110.5686466, 44.9577449], [-110.5677704, 44.9583082], [-110.5668786, 44.9588474]]}, "properties": {"hgv": "no", "highway": "secondary", "lanes": "2", "maxspeed": "45 mph", "maxspeed:advisory": "25 mph", "name": "Grand Loop Road", "surface": "asphalt", "unsigned_ref": "US 89 Alt;US 212", "osm_id": 444091476}}, {"type": "Feature", "geometry": {"type": "LineString", "coordinates": [[-110.5668786, 44.9588474], [-110.5664808, 44.9590951], [-110.5659604, 44.9593942], [-110.5652872, 44.9598288], [-110.564692, 44.960184], [-110.5643464, 44.9603677], [-110.564041, 44.96051], [-110.5636775, 44.9606213], [-110.5632913, 44.9606852], [-110.5629543, 44.9607168], [-110.5624699, 44.9607192], [-110.5611988, 44.9606398], [-110.5588718, 44.9604974], [-110.5552489, 44.9602751], [-110.5543052, 44.9602035], [-110.55342, 44.9600412], [-110.5514922, 44.9596143], [-110.5504509, 44.9594236], [-110.5491206, 44.9593492], [-110.5484796, 44.9591935], [-110.5473783, 44.9587319], [-110.5467314, 44.9585551], [-110.5439113, 44.9580946], [-110.5432918, 44.9580408], [-110.542561, 44.9580456], [-110.5417786, 44.9581064]]}, "properties": {"hgv": "no", "highway": "secondary", "lanes": "2", "maxspeed": "45 mph", "name": "Grand Loop Road", "surface": "asphalt", "unsigned_ref": "US 89 Alt;US 212", "osm_id": 444091477}}, {"type": "Feature", "geometry": {"type": "LineString", "coordinates": [[-110.6321827, 44.9408328], [-110.6321014, 44.9408489], [-110.6303887, 44.9411212]]}, "properties": {"hgv": "no", "highway": "secondary", "lanes": "2", "maxspeed": "45 mph", "maxspeed:advisory": "25 mph", "name": "Grand Loop Road", "surface": "asphalt", "unsigned_ref": "US 89 Alt;US 212", "osm_id": 444091478}}, {"type": "Feature", "geometry": {"type": "LineString", "coordinates": [[-110.6355358, 44.9413962], [-110.6345429, 44.9410666], [-110.6340365, 44.9409007], [-110.6335209, 44.9407791], [-110.6333216, 44.9407531], [-110.6330784, 44.9407416], [-110.632852, 44.9407456], [-110.6326039, 44.9407747], [-110.6324457, 44.9407928], [-110.6324068, 44.9407972]]}, "properties": {"hgv": "no", "highway": "secondary", "lanes": "2", "maxspeed": "45 mph", "maxspeed:advisory": "25 mph", "name": "Grand Loop Road", "surface": "asphalt", "unsigned_ref": "US 89 Alt;US 212", "osm_id": 444091479}}, {"type": "Feature", "geometry": {"type": "LineString", "coordinates": [[-110.7408423, 44.78266], [-110.7408742, 44.7824143], [-110.7409145, 44.7821804], [-110.7411244, 44.7816063], [-110.7411627, 44.7815195], [-110.7412826, 44.7812484], [-110.7413062, 44.7810214], [-110.7412868, 44.7808478], [-110.7412249, 44.7806333], [-110.7410584, 44.7800569], [-110.741045, 44.7797795], [-110.7410495, 44.7794806], [-110.7410702, 44.7791572]]}, "properties": {"hgv": "no", "highway": "secondary", "lanes": "2", "maxspeed": "45 mph", "maxspeed:advisory": "35 mph", "name": "Grand Loop Road", "nps:route_desc": "PRIMARY ROUTE", "source": "National Park Service", "surface": "asphalt", "unsigned_ref": "US 89", "osm_id": 445282666}}, {"type": "Feature", "geometry": {"type": "LineString", "coordinates": [[-110.7317852, 44.886735], [-110.732631, 44.8880044]]}, "properties": {"hgv": "no", "highway": "secondary", "lanes": "2", "maxspeed": "35 mph", "name": "Grand Loop Road", "source": "TIGER;Bing", "surface": "asphalt", "unsigned_ref": "US 89", "osm_id": 445282667}}, {"type": "Feature", "geometry": {"type": "LineString", "coordinates": [[-110.7289625, 44.8244693], [-110.7289755, 44.82439], [-110.7289862, 44.8242781], [-110.7289785, 44.8241996], [-110.7289241, 44.8239679], [-110.7288684, 44.8238161], [-110.7288429, 44.8237471], [-110.7287387, 44.8235443], [-110.7286534, 44.8233461], [-110.728584, 44.8231388], [-110.728542, 44.8229272], [-110.7285097, 44.8227111], [-110.7284827, 44.8224995], [-110.7284555, 44.8222968], [-110.7284272, 44.8221032], [-110.7283878, 44.8219096], [-110.7283132, 44.8217204], [-110.7282065, 44.8215266], [-110.7280942, 44.8213192], [-110.7279928, 44.8210984], [-110.7279109, 44.8208642], [-110.7278491, 44.82063], [-110.7278032, 44.8203913], [-110.7277759, 44.8201392], [-110.7277696, 44.8198916], [-110.7277867, 44.8196351], [-110.7278305, 44.8193786], [-110.727891, 44.8191222], [-110.7279688, 44.8188703], [-110.7280721, 44.8186185], [-110.7281925, 44.8183757], [-110.7283324, 44.818133], [-110.7284905, 44.8178948], [-110.7286634, 44.8176657], [-110.7288317, 44.81745], [-110.7290055, 44.8172254], [-110.7291642, 44.8170007], [-110.7293039, 44.8167715], [-110.7293626, 44.8166849], [-110.7294508, 44.8165294], [-110.7294894, 44.8163972], [-110.72953, 44.8162634], [-110.7295716, 44.8159979], [-110.7295922, 44.8157324], [-110.7295983, 44.8154669], [-110.7295927, 44.8151923], [-110.729583, 44.8149267], [-110.7295835, 44.8146476], [-110.7295813, 44.8143686], [-110.7295928, 44.814094], [-110.7296276, 44.8138195], [-110.7297186, 44.8135542], [-110.7298467, 44.8133024], [-110.7299858, 44.8130552], [-110.730124, 44.8128125], [-110.7302626, 44.8125697], [-110.7304108, 44.812327], [-110.7305514, 44.8120888], [-110.7306987, 44.8118506], [-110.7308625, 44.8115899], [-110.7310309, 44.8113418], [-110.7312026, 44.8110884], [-110.7313762, 44.8108467], [-110.7315851, 44.8105781], [-110.7317658, 44.8103708], [-110.7319804, 44.8101432], [-110.7321879, 44.8099147], [-110.7323882, 44.8096873], [-110.7335356, 44.8082887], [-110.7337569, 44.8080515], [-110.7339968, 44.8078075], [-110.7342504, 44.8075603], [-110.7345372, 44.8073359], [-110.7348278, 44.8071161], [-110.7351174, 44.8068962], [-110.7354012, 44.8066763], [-110.7355435, 44.8065668], [-110.7356812, 44.8064609], [-110.7359655, 44.8062455], [-110.7362535, 44.8060256], [-110.7365429, 44.8058012], [-110.7368309, 44.8055768], [-110.7371183, 44.8053524], [-110.7374142, 44.805128], [-110.7377032, 44.8049172], [-110.7380174, 44.8047243], [-110.7383335, 44.8045421], [-110.7386285, 44.8043816], [-110.738939, 44.8042223], [-110.7394245, 44.8039988], [-110.7398334, 44.8038293], [-110.7404222, 44.8036095], [-110.7408146, 44.8034764], [-110.7414059, 44.8033167], [-110.7427874, 44.8029619], [-110.7430487, 44.8028918], [-110.7433048, 44.8027975], [-110.7435591, 44.8027109], [-110.7437991, 44.802593], [-110.7439733, 44.8024913], [-110.7441823, 44.8023581], [-110.7443289, 44.8022545], [-110.744499, 44.8021211], [-110.7446835, 44.8019389], [-110.7448151, 44.8017965], [-110.7449447, 44.8016295], [-110.7450684, 44.8014513], [-110.7451463, 44.8013006], [-110.7452252, 44.8011321], [-110.7452826, 44.8009329], [-110.7453344, 44.8007679], [-110.7453544, 44.800599], [-110.745362, 44.8004441], [-110.7453744, 44.8003012], [-110.7453699, 44.8001849], [-110.7453635, 44.800052], [-110.7453393, 44.7998474], [-110.7453176, 44.7996984], [-110.7452693, 44.799509], [-110.7452005, 44.7993018], [-110.745148, 44.7991686], [-110.7446366, 44.7980395], [-110.7444572, 44.7976433], [-110.7443092, 44.7973497], [-110.7442461, 44.7972176], [-110.7441496, 44.7970589], [-110.7440732, 44.7969589], [-110.7439334, 44.7968137], [-110.7437919, 44.7966953], [-110.7436308, 44.796604], [-110.7434728, 44.7965179], [-110.7433083, 44.7964568], [-110.7431523, 44.7964058], [-110.7429587, 44.7963566], [-110.7427947, 44.796321], [-110.7415015, 44.7960654], [-110.7412729, 44.796011], [-110.7411201, 44.7959699], [-110.7410181, 44.79593], [-110.7408684, 44.7958667], [-110.7407007, 44.7957687], [-110.7405317, 44.7956603], [-110.7403853, 44.7955474], [-110.7402614, 44.7954301], [-110.7401682, 44.7953174], [-110.7400917, 44.7952002], [-110.7399997, 44.795083], [-110.7397494, 44.7947088], [-110.7396556, 44.794578], [-110.7395618, 44.7944383], [-110.7394617, 44.7942895], [-110.7392418, 44.793974], [-110.7391292, 44.7938072], [-110.7390095, 44.7936313], [-110.7388839, 44.793451], [-110.7387503, 44.7932707], [-110.7386247, 44.7930858], [-110.738496, 44.7929055], [-110.738374, 44.7927297], [-110.7382648, 44.7925764], [-110.7381627, 44.7924321], [-110.7380678, 44.7922878], [-110.7379799, 44.7921526], [-110.7379042, 44.7920219], [-110.7378346, 44.7918732], [-110.7377795, 44.7917425], [-110.737746, 44.7916119], [-110.7377273, 44.7914814], [-110.7377291, 44.7913553], [-110.7377418, 44.7912293], [-110.7377614, 44.7910943], [-110.7377855, 44.7909504], [-110.7378074, 44.7908109], [-110.7378342, 44.7906579], [-110.7378605, 44.7905094], [-110.7378798, 44.7903609], [-110.7378887, 44.7902079], [-110.7378868, 44.7900459], [-110.7378772, 44.7898748], [-110.73785, 44.7897151], [-110.7378319, 44.7895275], [-110.7378192, 44.7892725], [-110.7378201, 44.7891886], [-110.7378309, 44.7891027], [-110.7378649, 44.7889818], [-110.7379196, 44.7888724], [-110.7380064, 44.7887408], [-110.7381416, 44.7885386], [-110.7382713, 44.7883543], [-110.7383972, 44.7881881], [-110.7385225, 44.7880128], [-110.738625, 44.7878799], [-110.7387403, 44.7877219], [-110.7388515, 44.787559], [-110.7389997, 44.7873027], [-110.739153, 44.787033], [-110.7392345, 44.7868788], [-110.7392751, 44.7867542], [-110.7393867, 44.7864574], [-110.7394923, 44.7861606], [-110.7396035, 44.7858547], [-110.7397244, 44.7855563], [-110.739786, 44.7854408], [-110.7398575, 44.7852874], [-110.7399704, 44.7850176], [-110.740135, 44.784582]]}, "properties": {"hgv": "no", "highway": "secondary", "lanes": "2", "maxspeed": "45 mph", "name": "Grand Loop Road", "nps:route_desc": "PRIMARY ROUTE", "source": "National Park Service", "surface": "asphalt", "unsigned_ref": "US 89", "osm_id": 445282668}}, {"type": "Feature", "geometry": {"type": "LineString", "coordinates": [[-110.7215477, 44.936295], [-110.7216151, 44.9361252], [-110.7216971, 44.9359861], [-110.7217644, 44.9358967], [-110.7218358, 44.9358162], [-110.7219414, 44.9357208], [-110.7220594, 44.9356371], [-110.7221457, 44.9355858], [-110.7223352, 44.9354883], [-110.7225838, 44.9354123], [-110.7228371, 44.9353634], [-110.723096, 44.9353146], [-110.7233465, 44.9352792], [-110.7235824, 44.9352257], [-110.723894, 44.9351149], [-110.7241953, 44.9349256], [-110.7244084, 44.9348271], [-110.7246428, 44.9347602], [-110.7248955, 44.9347023], [-110.7251583, 44.9346579], [-110.7254241, 44.934609], [-110.7256475, 44.9345649], [-110.7257905, 44.9345083], [-110.7258952, 44.9344372], [-110.7260504, 44.9342902], [-110.7262377, 44.9339849], [-110.7263051, 44.9338902]]}, "properties": {"bicycle": "yes", "hgv": "no", "highway": "secondary", "lanes": "2", "maxspeed": "25 mph", "name": "Grand Loop Road", "nps:route_desc": "PRIMARY ROUTE", "source": "National Park Service", "surface": "asphalt", "unsigned_ref": "US 89", "osm_id": 445282669}}, {"type": "Feature", "geometry": {"type": "LineString", "coordinates": [[-110.7410702, 44.7791572], [-110.7410408, 44.7788317], [-110.7410332, 44.7786887], [-110.7410123, 44.7784896], [-110.7409812, 44.7783459], [-110.7409225, 44.7781563], [-110.7408798, 44.7780796], [-110.7407451, 44.7778408], [-110.7405411, 44.7775298], [-110.7403244, 44.7772277], [-110.7402321, 44.777133], [-110.7400488, 44.7769566], [-110.7399015, 44.7768393], [-110.7396927, 44.7766962], [-110.7395575, 44.7766145], [-110.7393524, 44.7765021], [-110.7392027, 44.776435], [-110.7387925, 44.7762853], [-110.7385928, 44.7762342], [-110.7380341, 44.7761315], [-110.7377987, 44.7760847], [-110.7375631, 44.7760405], [-110.7373442, 44.7759872], [-110.7371501, 44.7759314], [-110.7369205, 44.7758544], [-110.7367208, 44.7757838], [-110.7364886, 44.7756759], [-110.7362986, 44.775585], [-110.7361058, 44.7754858], [-110.7359399, 44.7753822], [-110.7356379, 44.7751606], [-110.7353089, 44.7749255], [-110.7352045, 44.7748398], [-110.7350195, 44.774662], [-110.7349248, 44.7745586], [-110.7347803, 44.7743816], [-110.7346979, 44.7742743], [-110.7345886, 44.7740457], [-110.7344227, 44.7737212], [-110.734241, 44.7734032], [-110.7341807, 44.7732836], [-110.7340847, 44.7731018], [-110.7339498, 44.7728977], [-110.7338657, 44.7727843], [-110.7336491, 44.7724842], [-110.7334528, 44.7721923], [-110.7332567, 44.7718858], [-110.7331692, 44.7717263], [-110.7330947, 44.7715699], [-110.7330158, 44.7714195], [-110.7329335, 44.771253], [-110.7327729, 44.770928], [-110.7326058, 44.7706221], [-110.7324632, 44.7703459], [-110.7322882, 44.7700078], [-110.7321653, 44.7697699], [-110.732109, 44.7696452], [-110.7320181, 44.7694052], [-110.7320043, 44.7692953], [-110.7319726, 44.7691639], [-110.7319775, 44.7690017], [-110.7320147, 44.7687162], [-110.7320284, 44.7686438], [-110.7320756, 44.7683601], [-110.7321228, 44.7680368], [-110.7322333, 44.7673953], [-110.732351, 44.7667351], [-110.7323567, 44.766654], [-110.7323853, 44.7664066], [-110.7323909, 44.7662373], [-110.7323651, 44.766078], [-110.7323478, 44.7659628], [-110.7322844, 44.7657582], [-110.7321541, 44.7654383], [-110.7320068, 44.7651094], [-110.7318778, 44.7647895], [-110.7317515, 44.7644606], [-110.7316214, 44.7641318], [-110.731478, 44.7638163], [-110.7313432, 44.7635009], [-110.7312144, 44.7631901], [-110.7310827, 44.7628837], [-110.730953, 44.7625773], [-110.7308203, 44.7622619], [-110.730687, 44.7619465], [-110.7305202, 44.7616356], [-110.7303602, 44.7613221], [-110.7302231, 44.7610081], [-110.7301473, 44.7607844], [-110.730105, 44.7605929], [-110.7301022, 44.7603835], [-110.7301106, 44.7602329], [-110.7301293, 44.7600806], [-110.7301794, 44.7597816]]}, "properties": {"hgv": "no", "highway": "secondary", "lanes": "2", "maxspeed": "45 mph", "name": "Grand Loop Road", "nps:route_desc": "PRIMARY ROUTE", "source": "National Park Service", "surface": "asphalt", "unsigned_ref": "US 89", "osm_id": 445282670}}, {"type": "Feature", "geometry": {"type": "LineString", "coordinates": [[-110.7073331, 45.0288084], [-110.7073398, 45.0294065], [-110.7073407, 45.0294884]]}, "properties": {"highway": "secondary", "surface": "asphalt", "unsigned_ref": "US 89", "osm_id": 451326535}}, {"type": "Feature", "geometry": {"type": "LineString", "coordinates": [[-111.1529318, 44.7962822], [-111.1541111, 44.7967349], [-111.154568, 44.796906]]}, "properties": {"hgv": "designated", "hgv:national_network": "yes", "highway": "secondary", "lanes": "2", "maxspeed": "70 mph", "maxspeed:conditional": "65 mph @ (dusk-dawn)", "maxspeed:hgv": "60 mph", "maxspeed:hgv:conditional": "55 mph @ (dusk-dawn)", "name": "Hebgen Lake Road", "ref": "US 287", "sidewalk": "no", "source": "Bing", "source:hgv:national_network": "https://hepgis-usdot.hub.arcgis.com/apps/usdot::national-network-conventional-combination-trucks-map/explore", "surface": "asphalt", "osm_id": 453244209}}, {"type": "Feature", "geometry": {"type": "LineString", "coordinates": [[-111.154568, 44.796906], [-111.15577, 44.797367], [-111.156385, 44.797584], [-111.157582, 44.798039], [-111.160073, 44.798962], [-111.160979, 44.799302]]}, "properties": {"hgv": "designated", "hgv:national_network": "yes", "highway": "secondary", "lanes": "4", "maxspeed": "70 mph", "maxspeed:conditional": "65 mph @ (dusk-dawn)", "maxspeed:hgv": "60 mph", "maxspeed:hgv:conditional": "55 mph @ (dusk-dawn)", "name": "Hebgen Lake Road", "ref": "US 287", "sidewalk": "no", "source": "Bing", "source:hgv:national_network": "https://hepgis-usdot.hub.arcgis.com/apps/usdot::national-network-conventional-combination-trucks-map/explore", "surface": "asphalt", "osm_id": 453244210}}, {"type": "Feature", "geometry": {"type": "LineString", "coordinates": [[-111.0820516, 44.655642], [-111.0848645, 44.6561143], [-111.0862808, 44.6563339], [-111.0875923, 44.6565413], [-111.0880719, 44.6566148]]}, "properties": {"hgv": "no", "highway": "secondary", "lanes": "2", "loc_ref": "US 20;US 191;US 287", "maxspeed": "25 mph", "name": "West Entrance Road", "sidewalk": "no", "surface": "asphalt", "osm_id": 453257574}}, {"type": "Feature", "geometry": {"type": "LineString", "coordinates": [[-111.0999252, 44.6666275], [-111.0999921, 44.6678983], [-111.1000761, 44.6692459]]}, "properties": {"NHS": "yes", "hgv": "designated", "hgv:national_network": "yes", "highway": "trunk", "lanes": "2", "maxspeed": "45 mph", "name": "Gallatin Road", "ref": "US 191;US 287", "sidewalk": "no", "source:hgv:national_network": "https://hepgis-usdot.hub.arcgis.com/apps/usdot::national-network-conventional-combination-trucks-map/explore", "surface": "asphalt", "osm_id": 453257578}}, {"type": "Feature", "geometry": {"type": "LineString", "coordinates": [[-110.0118709, 45.00397], [-110.0114684, 45.0040876], [-110.0111812, 45.0041773]]}, "properties": {"hgv": "no", "highway": "secondary", "lanes": "2", "maxspeed:backward": "45 mph", "maxspeed:forward": "25 mph", "name": "Northeast Entrance Road", "oneway": "no", "source": "National Park Service", "surface": "asphalt", "unsigned_ref": "US 212", "osm_id": 453678337}}, {"type": "Feature", "geometry": {"type": "LineString", "coordinates": [[-110.0153299, 45.0041807], [-110.0151623, 45.0041114], [-110.0150282, 45.0040498], [-110.0148699, 45.0039939], [-110.0146889, 45.0039417], [-110.0144689, 45.003881], [-110.0142973, 45.003844], [-110.014123, 45.0038092], [-110.0139352, 45.0037853], [-110.01373, 45.0037625], [-110.0135006, 45.0037502], [-110.0133102, 45.0037502], [-110.0130911, 45.0037658], [-110.0128364, 45.003785], [-110.0126337, 45.0038088], [-110.0124338, 45.0038393], [-110.0122177, 45.0038782]]}, "properties": {"hgv": "no", "highway": "secondary", "lanes": "2", "maxspeed:backward": "45 mph", "maxspeed:forward": "35 mph", "name": "Northeast Entrance Road", "note": "Road closed due to flooding: https://www.nps.gov/yell/learn/news/220613.htm", "oneway": "no", "source": "National Park Service", "surface": "asphalt", "unsigned_ref": "US 212", "osm_id": 453678338}}, {"type": "Feature", "geometry": {"type": "LineString", "coordinates": [[-110.4030068, 44.919287], [-110.4025519, 44.919295], [-110.402299, 44.9192864], [-110.4020365, 44.9192645], [-110.4017877, 44.9192231], [-110.4015165, 44.9191576], [-110.4012344, 44.9190548], [-110.4009225, 44.9188763], [-110.4006619, 44.9186949], [-110.4003542, 44.9183937]]}, "properties": {"hgv": "no", "highway": "secondary", "lanes": "2", "maxspeed": "45 mph", "maxspeed:advisory": "25 mph", "name": "Northeast Entrance Road", "oneway": "no", "source": "National Park Service", "surface": "asphalt", "unsigned_ref": "US 212", "osm_id": 453678342}}, {"type": "Feature", "geometry": {"type": "LineString", "coordinates": [[-110.4056422, 44.9191943], [-110.4053298, 44.919193]]}, "properties": {"hgv": "no", "highway": "secondary", "lanes": "2", "maxspeed": "45 mph", "name": "Northeast Entrance Road", "oneway": "no", "source": "National Park Service", "surface": "asphalt", "unsigned_ref": "US 212", "osm_id": 453678343}}, {"type": "Feature", "geometry": {"type": "LineString", "coordinates": [[-109.7405623, 44.9325187], [-109.7408609, 44.9325443], [-109.741377, 44.9325614], [-109.7419128, 44.9325213], [-109.7423775, 44.9324567], [-109.7429119, 44.93235], [-109.743628, 44.9322206], [-109.7443274, 44.9322078], [-109.7447448, 44.9323051], [-109.7451227, 44.9324464], [-109.7457021, 44.9327172], [-109.746034, 44.9328225], [-109.7462513, 44.9328777], [-109.7465369, 44.9328981], [-109.7468504, 44.9328806], [-109.7472356, 44.9328073], [-109.7480724, 44.9326497], [-109.748496, 44.932635], [-109.748802, 44.9326858], [-109.749176, 44.9327906], [-109.7495101, 44.932944], [-109.7499914, 44.9332388], [-109.7505186, 44.9335213], [-109.7509841, 44.9337019], [-109.7514115, 44.9338403], [-109.7518289, 44.9339417], [-109.7521975, 44.9340003], [-109.7525647, 44.9340587], [-109.7529553, 44.934116]]}, "properties": {"hgv": "designated", "hgv:national_network": "yes", "highway": "secondary", "lanes": "2", "maxspeed": "55 mph", "maxspeed:advisory": "40 mph", "name": "Beartooth Scenic Byway", "ref": "US 212", "sidewalk": "no", "source:hgv:national_network": "https://hepgis-usdot.hub.arcgis.com/apps/usdot::national-network-conventional-combination-trucks-map/explore", "surface": "asphalt", "wydot_ml_number": "38", "osm_id": 453950461}}, {"type": "Feature", "geometry": {"type": "LineString", "coordinates": [[-109.7529553, 44.934116], [-109.7540405, 44.9342671], [-109.7551413, 44.934416], [-109.7562264, 44.9345998], [-109.7573529, 44.9348827], [-109.7584726, 44.9352705], [-109.759555, 44.9357295], [-109.7602979, 44.9360106], [-109.7610931, 44.936235], [-109.7627924, 44.93662], [-109.7637726, 44.9368863], [-109.7647343, 44.9372333], [-109.7655778, 44.9375869], [-109.7663973, 44.9379719], [-109.7670473, 44.9383998], [-109.7678323, 44.9390807], [-109.7689937, 44.9400661], [-109.7697754, 44.940657], [-109.7705415, 44.9411435], [-109.771354, 44.9415868], [-109.7727724, 44.9423123], [-109.7733966, 44.9426226], [-109.7738992, 44.9428755], [-109.77411, 44.9429819], [-109.7744134, 44.943135]]}, "properties": {"hgv": "designated", "hgv:national_network": "yes", "highway": "secondary", "lanes": "2", "maxspeed": "55 mph", "name": "Beartooth Scenic Byway", "ref": "US 212", "sidewalk": "no", "source:hgv:national_network": "https://hepgis-usdot.hub.arcgis.com/apps/usdot::national-network-conventional-combination-trucks-map/explore", "surface": "asphalt", "wydot_ml_number": "38", "osm_id": 453950464}}, {"type": "Feature", "geometry": {"type": "LineString", "coordinates": [[-109.8008576, 44.9562858], [-109.801073, 44.9563949], [-109.8012549, 44.956477], [-109.8015892, 44.9565518], [-109.801841, 44.9565866], [-109.8024707, 44.9566302], [-109.8028171, 44.9566817], [-109.8031029, 44.9567564], [-109.8034111, 44.9568863], [-109.8036415, 44.9570334], [-109.8039896, 44.9572699], [-109.8044203, 44.9575324], [-109.8046633, 44.9576168], [-109.8048954, 44.9576756], [-109.8051743, 44.9577062], [-109.8054635, 44.9577124], [-109.8059451, 44.9576839]]}, "properties": {"hgv": "designated", "hgv:national_network": "yes", "highway": "secondary", "lanes": "2", "maxspeed": "55 mph", "maxspeed:advisory": "30 mph", "name": "Beartooth Scenic Byway", "ref": "US 212", "sidewalk": "no", "source:hgv:national_network": "https://hepgis-usdot.hub.arcgis.com/apps/usdot::national-network-conventional-combination-trucks-map/explore", "surface": "asphalt", "wydot_ml_number": "38", "osm_id": 453950465}}, {"type": "Feature", "geometry": {"type": "LineString", "coordinates": [[-109.7746543, 44.9432513], [-109.7754739, 44.9436524], [-109.7759043, 44.9438493], [-109.7763864, 44.944019], [-109.7767733, 44.9441227], [-109.7772082, 44.9442136], [-109.7785949, 44.9444191], [-109.7793635, 44.9445457], [-109.7798072, 44.9446191], [-109.7802375, 44.9447307], [-109.7804896, 44.9448205], [-109.7808127, 44.9449827], [-109.7810394, 44.9451363], [-109.7813963, 44.9453786], [-109.7816772, 44.9455536], [-109.7818436, 44.945644], [-109.7821137, 44.9457524], [-109.7824356, 44.9458616], [-109.7828347, 44.9459854], [-109.7831132, 44.9460699], [-109.7833556, 44.9461561], [-109.7835798, 44.9462593], [-109.7837245, 44.9463498], [-109.783872, 44.946464], [-109.7841694, 44.9467201], [-109.7846012, 44.9471243], [-109.7848227, 44.947332], [-109.7851031, 44.9475717], [-109.7855849, 44.9479357], [-109.785836, 44.9480868], [-109.7859478, 44.9481631], [-109.7862456, 44.9483452], [-109.7865485, 44.9484839], [-109.7867183, 44.9485616], [-109.7872476, 44.9487861], [-109.7877902, 44.9489874], [-109.7878929, 44.9490175], [-109.7884762, 44.9491888], [-109.7893178, 44.9493595], [-109.7917914, 44.9498353], [-109.7921101, 44.9499518], [-109.7923515, 44.9500633], [-109.7926589, 44.9502479], [-109.7929619, 44.9504561], [-109.7960081, 44.9525715], [-109.7963246, 44.9528277], [-109.7970294, 44.95359], [-109.797594, 44.954205], [-109.7980942, 44.9546772], [-109.7986933, 44.9551003], [-109.7993012, 44.9554535], [-109.8000199, 44.9558125], [-109.8003058, 44.9559586], [-109.8007682, 44.9562405], [-109.8008576, 44.9562858]]}, "properties": {"hgv": "designated", "hgv:national_network": "yes", "highway": "secondary", "lanes": "2", "maxspeed": "55 mph", "name": "Beartooth Scenic Byway", "ref": "US 212", "sidewalk": "no", "source:hgv:national_network": "https://hepgis-usdot.hub.arcgis.com/apps/usdot::national-network-conventional-combination-trucks-map/explore", "surface": "asphalt", "wydot_ml_number": "38", "osm_id": 453950466}}, {"type": "Feature", "geometry": {"type": "LineString", "coordinates": [[-109.7744134, 44.943135], [-109.7746543, 44.9432513]]}, "properties": {"bridge": "yes", "hgv": "designated", "hgv:national_network": "yes", "highway": "secondary", "lanes": "2", "layer": "1", "maxspeed": "55 mph", "name": "Beartooth Scenic Byway", "ref": "US 212", "sidewalk": "no", "source:hgv:national_network": "https://hepgis-usdot.hub.arcgis.com/apps/usdot::national-network-conventional-combination-trucks-map/explore", "surface": "asphalt", "wydot_ml_number": "38", "osm_id": 453950467}}, {"type": "Feature", "geometry": {"type": "LineString", "coordinates": [[-109.806164, 44.9576663], [-109.8072526, 44.9575804], [-109.8074874, 44.9575705], [-109.8081873, 44.9575565]]}, "properties": {"hgv": "designated", "hgv:national_network": "yes", "highway": "secondary", "lanes": "2", "maxspeed": "55 mph", "maxspeed:advisory": "30 mph", "name": "Beartooth Scenic Byway", "ref": "US 212", "sidewalk": "no", "source:hgv:national_network": "https://hepgis-usdot.hub.arcgis.com/apps/usdot::national-network-conventional-combination-trucks-map/explore", "surface": "asphalt", "wydot_ml_number": "38", "osm_id": 453950468}}, {"type": "Feature", "geometry": {"type": "LineString", "coordinates": [[-109.8538239, 44.9898616], [-109.8539163, 44.9900641]]}, "properties": {"bridge": "yes", "hgv": "designated", "hgv:national_network": "yes", "highway": "secondary", "lanes": "2", "layer": "1", "maxspeed": "55 mph", "motor_vehicle:conditional": "yes @ (Apr-Nov)", "name": "Beartooth Scenic Byway", "ref": "US 212", "sidewalk": "no", "source:hgv:national_network": "https://hepgis-usdot.hub.arcgis.com/apps/usdot::national-network-conventional-combination-trucks-map/explore", "surface": "asphalt", "wydot_ml_number": "38", "osm_id": 453950469}}, {"type": "Feature", "geometry": {"type": "LineString", "coordinates": [[-109.859283, 45.0032455], [-109.8591171, 45.003086], [-109.8589119, 45.0029115], [-109.858637, 45.0027437], [-109.8584722, 45.002657], [-109.857949, 45.0024696], [-109.8575628, 45.0024033], [-109.8570129, 45.0023141], [-109.8564725, 45.002198], [-109.8560823, 45.0020195], [-109.8560245, 45.0019842], [-109.8558069, 45.0018518], [-109.8555903, 45.00164], [-109.8555468, 45.0015975], [-109.8551112, 45.0009145], [-109.8549342, 45.0005446], [-109.8548244, 45.0002749], [-109.8547706, 45.0000325], [-109.8547545, 44.999786], [-109.8547465, 44.9995356], [-109.8547787, 44.9993042], [-109.8548323, 44.9990539], [-109.8550952, 44.9982421], [-109.8551837, 44.9977281], [-109.8552479, 44.9966424], [-109.855299, 44.9958788], [-109.8552695, 44.9950499], [-109.8552132, 44.9939839], [-109.8551702, 44.993303], [-109.8551112, 44.9929559], [-109.8550013, 44.9926391], [-109.8546365, 44.9917722], [-109.8542568, 44.9908626], [-109.8540304, 44.9903358], [-109.8539163, 44.9900641]]}, "properties": {"hgv": "designated", "hgv:national_network": "yes", "highway": "secondary", "lanes": "2", "maxspeed": "55 mph", "motor_vehicle:conditional": "yes @ (Apr-Nov)", "name": "Beartooth Scenic Byway", "ref": "US 212", "sidewalk": "no", "snowmobile:conditional": "yes @ (Nov-Apr)", "snowmobile:grade": "5", "source": "asphalt", "source:hgv:national_network": "https://hepgis-usdot.hub.arcgis.com/apps/usdot::national-network-conventional-combination-trucks-map/explore", "wydot_ml_number": "38", "osm_id": 453950470}}, {"type": "Feature", "geometry": {"type": "LineString", "coordinates": [[-109.9266032, 45.0217576], [-109.9259799, 45.0219419], [-109.9255267, 45.0221162], [-109.9248114, 45.0225158]]}, "properties": {"hgv": "designated", "hgv:national_network": "yes", "highway": "secondary", "lanes": "2", "maxspeed": "35 mph", "motor_vehicle:conditional": "yes @ (Apr-Nov)", "name": "Beartooth Scenic Byway", "ref": "US 212", "sidewalk": "no", "snowmobile:conditional": "yes @ (Nov 1-Apr 30)", "source:hgv:national_network": "https://hepgis-usdot.hub.arcgis.com/apps/usdot::national-network-conventional-combination-trucks-map/explore", "surface": "asphalt", "osm_id": 453950474}}, {"type": "Feature", "geometry": {"type": "LineString", "coordinates": [[-109.9292244, 45.0210496], [-109.9288847, 45.021177], [-109.9277916, 45.0215165], [-109.9266032, 45.0217576]]}, "properties": {"hgv": "designated", "hgv:national_network": "yes", "highway": "secondary", "lanes": "2", "maxspeed": "35 mph", "motor_vehicle:conditional": "yes @ (Apr - Nov)", "name": "East Main Street", "ref": "US 212", "sidewalk": "no", "snowmobile:conditional": "yes @ (Dec - Mar)", "source:hgv:national_network": "https://hepgis-usdot.hub.arcgis.com/apps/usdot::national-network-conventional-combination-trucks-map/explore", "surface": "asphalt", "osm_id": 453950475}}, {"type": "Feature", "geometry": {"type": "LineString", "coordinates": [[-109.9409636, 45.0181855], [-109.94036, 45.0182286], [-109.9395833, 45.018355]]}, "properties": {"hgv": "designated", "hgv:national_network": "yes", "highway": "secondary", "lanes": "2", "maxspeed": "25 mph", "ref": "US 212", "sidewalk": "no", "source:hgv:national_network": "https://hepgis-usdot.hub.arcgis.com/apps/usdot::national-network-conventional-combination-trucks-map/explore", "surface": "asphalt", "tiger:county": "Park, MT", "osm_id": 453950477}}, {"type": "Feature", "geometry": {"type": "LineString", "coordinates": [[-109.9437143, 45.0183211], [-109.9435419, 45.0183085], [-109.943235, 45.018286], [-109.9423989, 45.0182384], [-109.9416431, 45.0181953], [-109.9409636, 45.0181855]]}, "properties": {"hgv": "designated", "hgv:national_network": "yes", "highway": "secondary", "lanes": "2", "maxspeed": "35 mph", "ref": "US 212", "sidewalk": "no", "source:hgv:national_network": "https://hepgis-usdot.hub.arcgis.com/apps/usdot::national-network-conventional-combination-trucks-map/explore", "surface": "asphalt", "tiger:county": "Park, MT", "osm_id": 453950478}}, {"type": "Feature", "geometry": {"type": "LineString", "coordinates": [[-109.971964, 45.0140187], [-109.9723193, 45.0136196], [-109.9727123, 45.0132394], [-109.9731914, 45.0127787], [-109.9732487, 45.0127237], [-109.973571, 45.012435], [-109.9737717, 45.0122742], [-109.9740439, 45.0120611], [-109.9741862, 45.0119519], [-109.9745322, 45.011693], [-109.9748098, 45.0115025], [-109.9753288, 45.011163], [-109.9756359, 45.0109725], [-109.9757575, 45.0108988], [-109.9759068, 45.0108084], [-109.9761737, 45.010652], [-109.976458, 45.0104956], [-109.9767758, 45.0103325], [-109.9770923, 45.010176], [-109.9776666, 45.0099093], [-109.9782417, 45.0096574], [-109.9789256, 45.0093862], [-109.979273, 45.0092658], [-109.9793184, 45.0092498], [-109.9796498, 45.0091331], [-109.9802573, 45.0089378], [-109.9804773, 45.0088733], [-109.9810553, 45.0087206], [-109.9815287, 45.0086002], [-109.9816757, 45.0085658], [-109.9819941, 45.0084912], [-109.9823414, 45.008421]]}, "properties": {"hgv": "designated", "hgv:national_network": "yes", "highway": "secondary", "lanes": "2", "maxspeed": "45 mph", "name": "US Highway 212", "oneway": "no", "ref": "US 212", "sidewalk": "no", "source": "Bing;NAIP", "source:hgv:national_network": "https://hepgis-usdot.hub.arcgis.com/apps/usdot::national-network-conventional-combination-trucks-map/explore", "surface": "asphalt", "osm_id": 453950480}}, {"type": "Feature", "geometry": {"type": "LineString", "coordinates": [[-109.9920054, 45.0058401], [-109.9922857, 45.0056533], [-109.9926076, 45.0054522], [-109.9928946, 45.005291], [-109.9930248, 45.0052199], [-109.9932298, 45.005108], [-109.9935396, 45.0049573], [-109.9939165, 45.0047932]]}, "properties": {"hgv": "designated", "hgv:national_network": "yes", "highway": "secondary", "lanes": "2", "maxspeed": "35 mph", "name": "US Highway 212", "oneway": "no", "ref": "US 212", "sidewalk": "no", "source": "Bing;NAIP", "source:hgv:national_network": "https://hepgis-usdot.hub.arcgis.com/apps/usdot::national-network-conventional-combination-trucks-map/explore", "surface": "asphalt", "osm_id": 453950481}}, {"type": "Feature", "geometry": {"type": "LineString", "coordinates": [[-109.9939165, 45.0047932], [-109.9945549, 45.0045514], [-109.9950242, 45.004376], [-109.9955593, 45.0042053], [-109.9960181, 45.0040773], [-109.9963855, 45.0039654], [-109.9967422, 45.0038715], [-109.9971848, 45.003771], [-109.9974624, 45.0037207], [-109.9979103, 45.0036345], [-109.9983099, 45.0035786], [-109.9988142, 45.0035018], [-109.99923, 45.0034638], [-109.9997651, 45.003424], [-110.0000992, 45.0034108], [-110.0003376, 45.0034014], [-110.0006944, 45.0033946], [-110.0010123, 45.0033965], [-110.0013636, 45.003405], [-110.0015165, 45.0034107]]}, "properties": {"hgv": "designated", "hgv:national_network": "yes", "highway": "secondary", "lanes": "2", "maxspeed": "45 mph", "ref": "US 212", "sidewalk": "no", "source": "Bing;NAIP", "source:hgv:national_network": "https://hepgis-usdot.hub.arcgis.com/apps/usdot::national-network-conventional-combination-trucks-map/explore", "surface": "asphalt", "osm_id": 453950482}}, {"type": "Feature", "geometry": {"type": "LineString", "coordinates": [[-109.8123811, 44.9580562], [-109.8132903, 44.9583029], [-109.8139501, 44.9585254], [-109.8145912, 44.9587756], [-109.8157941, 44.9593302], [-109.8163426, 44.9596471], [-109.8169301, 44.9600111], [-109.8179157, 44.9607271], [-109.8200071, 44.9620921], [-109.8207389, 44.9625922], [-109.8214911, 44.9631373], [-109.8221965, 44.9637029], [-109.8235418, 44.9648848], [-109.8254461, 44.9667844], [-109.8263539, 44.9676217], [-109.8273156, 44.9684392], [-109.8293863, 44.9701091], [-109.8297322, 44.9704606], [-109.8300715, 44.9708876], [-109.8306872, 44.9717904], [-109.8311148, 44.9722993], [-109.831642, 44.9727202], [-109.8322467, 44.9731039], [-109.832637, 44.9733638], [-109.8330529, 44.9736784], [-109.8335661, 44.9741019], [-109.834292, 44.9747011], [-109.8346943, 44.9749805], [-109.8351637, 44.9752647], [-109.835798, 44.9755763], [-109.8364807, 44.9758453], [-109.8375509, 44.9761906], [-109.8379706, 44.9763599], [-109.8383985, 44.9766118], [-109.8385862, 44.9767546], [-109.8387726, 44.9769367], [-109.8389107, 44.9771094], [-109.8390396, 44.9773271], [-109.8392916, 44.977902], [-109.8395075, 44.9783464], [-109.8396188, 44.9785229], [-109.8397905, 44.9787065], [-109.8399648, 44.9788454], [-109.8401539, 44.9789536], [-109.8403618, 44.9790541], [-109.8406381, 44.9791505], [-109.8413999, 44.9793648], [-109.8426579, 44.9796969], [-109.8431223, 44.9798543], [-109.8435617, 44.9801033], [-109.8438065, 44.9803394], [-109.8439841, 44.9806232], [-109.8441217, 44.9809377], [-109.8442175, 44.9812132], [-109.8442912, 44.981364], [-109.8443685, 44.981505], [-109.8444977, 44.9816553], [-109.8446694, 44.9818146], [-109.8448075, 44.9819114], [-109.8449559, 44.9820078], [-109.8452286, 44.982139], [-109.84637, 44.9826073], [-109.847569, 44.9831233], [-109.8480664, 44.9834386], [-109.848548, 44.9838195], [-109.8488134, 44.9841216], [-109.8490307, 44.9844437], [-109.8492359, 44.9848577], [-109.8493526, 44.9853106], [-109.8495834, 44.986779], [-109.8497401, 44.9872195], [-109.8500044, 44.987595], [-109.850235, 44.9877943], [-109.8504978, 44.9879726], [-109.8508036, 44.9881567], [-109.8511972, 44.9883209], [-109.8522306, 44.9887178], [-109.8528502, 44.9889758], [-109.8531519, 44.9891127], [-109.853435, 44.989302], [-109.8535582, 44.9894314], [-109.8536615, 44.9895642], [-109.8537567, 44.9897084], [-109.8538239, 44.9898616]]}, "properties": {"hgv": "designated", "hgv:national_network": "yes", "highway": "secondary", "lanes": "2", "maxspeed": "55 mph", "motor_vehicle:conditional": "yes @ (Apr-Nov)", "name": "Beartooth Scenic Byway", "ref": "US 212", "sidewalk": "no", "snowmobile:conditional": "yes @ (Nov-Apr)", "source:hgv:national_network": "https://hepgis-usdot.hub.arcgis.com/apps/usdot::national-network-conventional-combination-trucks-map/explore", "surface": "asphalt", "wydot_ml_number": "38", "osm_id": 482023032}}, {"type": "Feature", "geometry": {"type": "LineString", "coordinates": [[-111.0899296, 44.6569841], [-111.0911786, 44.6572175], [-111.0920698, 44.6573814], [-111.0935141, 44.657673], [-111.0938245, 44.6576964]]}, "properties": {"hgv": "no", "highway": "secondary", "lanes": "1", "loc_ref": "US 20;US 191;US 287", "maxspeed": "25 mph", "name": "West Entrance Road", "oneway": "yes", "surface": "asphalt", "osm_id": 492206886}}, {"type": "Feature", "geometry": {"type": "LineString", "coordinates": [[-111.0880719, 44.6566148], [-111.0882027, 44.6566882], [-111.0888762, 44.656805], [-111.0897908, 44.6569605], [-111.0899296, 44.6569841]]}, "properties": {"hgv": "no", "highway": "secondary", "lanes": "1", "loc_ref": "US 20;US 191;US 287", "maxspeed": "25 mph", "name": "West Entrance Road", "oneway": "yes", "surface": "asphalt", "osm_id": 492206887}}, {"type": "Feature", "geometry": {"type": "LineString", "coordinates": [[-111.0938245, 44.6576964], [-111.0935093, 44.6576097], [-111.0926425, 44.6574121], [-111.0912616, 44.6571128], [-111.0910788, 44.6570762], [-111.0904001, 44.6569187]]}, "properties": {"hgv": "no", "highway": "secondary", "lanes": "4", "loc_ref": "US 20;US 191;US 287", "maxspeed": "25 mph", "name": "West Entrance Road", "oneway": "yes", "surface": "asphalt", "toll": "yes", "osm_id": 492206888}}, {"type": "Feature", "geometry": {"type": "LineString", "coordinates": [[-111.0893442, 44.6567518], [-111.0888151, 44.6566955], [-111.0883194, 44.6566294], [-111.0880719, 44.6566148]]}, "properties": {"hgv": "no", "highway": "secondary", "lanes": "4", "loc_ref": "US 20;US 191;US 287", "maxspeed": "25 mph", "name": "West Entrance Road", "oneway": "yes", "surface": "asphalt", "toll": "yes", "osm_id": 492206889}}, {"type": "Feature", "geometry": {"type": "LineString", "coordinates": [[-110.57114, 44.3926292], [-110.5712005, 44.3924788], [-110.5714353, 44.3918566], [-110.5715496, 44.3915148], [-110.571774, 44.3909087]]}, "properties": {"hgv": "no", "highway": "secondary", "lanes": "4", "lanes:backward": "2", "lanes:forward": "2", "maxspeed": "35 mph", "name": "South Entrance Road", "nps:route_desc": "PRIMARY ROUTE", "shoulder": "yes", "source": "National Park Service", "turn:lanes:forward": "left|through", "unsigned_ref": "US 89;US 191;US 287", "osm_id": 510261574}}, {"type": "Feature", "geometry": {"type": "LineString", "coordinates": [[-110.571774, 44.3909087], [-110.57205, 44.3901592], [-110.5723089, 44.3894175]]}, "properties": {"hgv": "no", "highway": "secondary", "lanes": "3", "lanes:backward": "2", "lanes:forward": "1", "maxspeed": "35 mph", "name": "South Entrance Road", "nps:route_desc": "PRIMARY ROUTE", "shoulder": "yes", "source": "National Park Service", "turn:lanes:backward": "through|right", "unsigned_ref": "US 89;US 191;US 287", "osm_id": 510261575}}, {"type": "Feature", "geometry": {"type": "LineString", "coordinates": [[-110.3874265, 44.5678843], [-110.3871485, 44.5678719], [-110.3868163, 44.5679024], [-110.3865796, 44.5679359], [-110.3862621, 44.5679579], [-110.3859941, 44.5679521], [-110.38576, 44.567933], [-110.3855261, 44.5678967]]}, "properties": {"hgv": "no", "highway": "secondary", "lanes": "2", "loc_ref": "US 14;US 16;US 20", "maxspeed": "35 mph", "name": "East Entrance Road", "nps:route_desc": "PRIMARY ROUTE", "source": "National Park Service", "surface": "asphalt", "osm_id": 510266702}}, {"type": "Feature", "geometry": {"type": "LineString", "coordinates": [[-110.3881156, 44.5683562], [-110.3883146, 44.5681054]]}, "properties": {"hgv": "no", "highway": "secondary", "loc_ref": "US 20;US 89 ALT", "maxspeed": "35 mph", "name": "Grand Loop Road", "nps:route_desc": "PRIMARY ROUTE", "source": "National Park Service", "osm_id": 510266703}}, {"type": "Feature", "geometry": {"type": "LineString", "coordinates": [[-110.3908342, 44.5648433], [-110.3929872, 44.5620747], [-110.3933664, 44.5615686], [-110.3937042, 44.5611647], [-110.3944533, 44.5601964], [-110.3947163, 44.5598737], [-110.3949825, 44.5595555], [-110.3952635, 44.5592419], [-110.3955758, 44.558951], [-110.3959155, 44.5586692], [-110.3962819, 44.5584056], [-110.3966747, 44.5581646], [-110.3970876, 44.5579507], [-110.3975248, 44.557755], [-110.3979871, 44.5575818], [-110.3984663, 44.5574223], [-110.3989597, 44.5572854], [-110.3999455, 44.55707], [-110.4004313, 44.5569735], [-110.4009007, 44.5568634], [-110.4017229, 44.556695], [-110.4018652, 44.5566659], [-110.402351, 44.556556], [-110.4030372, 44.5563876], [-110.4033135, 44.5563224], [-110.4038046, 44.5562305], [-110.4038946, 44.5562109], [-110.4042882, 44.5561249], [-110.404753, 44.5559878], [-110.405183, 44.555801], [-110.4055904, 44.5555961], [-110.4059581, 44.5553459], [-110.4062835, 44.5550685], [-110.4065578, 44.5547864], [-110.4067835, 44.5544995], [-110.4075144, 44.5534592]]}, "properties": {"hgv": "no", "highway": "secondary", "maxspeed": "45 mph", "name": "Grand Loop Road", "nps:route_desc": "PRIMARY ROUTE", "source": "National Park Service", "unsigned_ref": "US 14;US 16;US 20 Alt;US 89 Alt", "osm_id": 510266704}}, {"type": "Feature", "geometry": {"type": "LineString", "coordinates": [[-110.4115344, 44.549665], [-110.4117133, 44.5496095], [-110.4121534, 44.5494948], [-110.4135488, 44.5493129], [-110.4140281, 44.5493018], [-110.4145043, 44.5492773], [-110.414976, 44.5492482], [-110.4154454, 44.5492056], [-110.4159098, 44.5491089], [-110.4163528, 44.5489581], [-110.4167639, 44.5487667], [-110.4171297, 44.5485255], [-110.4174378, 44.5482435], [-110.4176897, 44.5479206], [-110.4178656, 44.5475614], [-110.4179599, 44.5471838], [-110.4180126, 44.5463963], [-110.418055, 44.5460004], [-110.4181137, 44.5457669], [-110.4181533, 44.5456093], [-110.4183254, 44.5452411], [-110.4184404, 44.5450598], [-110.4185461, 44.5448866], [-110.4190626, 44.544214], [-110.4193131, 44.5438687], [-110.4198169, 44.5432051], [-110.4200662, 44.5428958], [-110.4203408, 44.5425866], [-110.4206535, 44.5423091], [-110.420999, 44.5420587], [-110.4213703, 44.5418221], [-110.4217578, 44.541626], [-110.4221449, 44.5414614], [-110.4225311, 44.5413193], [-110.4233322, 44.5410442], [-110.4241972, 44.5407695], [-110.4266197, 44.539967], [-110.4276253, 44.5396209], [-110.4281101, 44.5394478], [-110.4285799, 44.5392611], [-110.4290257, 44.5390518], [-110.4294379, 44.5388152], [-110.429818, 44.5385651], [-110.4301642, 44.5383102], [-110.4304791, 44.5380462], [-110.4313381, 44.5372493], [-110.4321776, 44.5365017], [-110.4324588, 44.5363141], [-110.4325776, 44.5362201], [-110.4332706, 44.5356699], [-110.4337599, 44.5352627], [-110.4339688, 44.5350567], [-110.4341297, 44.5348369], [-110.4342407, 44.5345944], [-110.4343086, 44.5343337], [-110.4343285, 44.5340502], [-110.4343259, 44.5337531], [-110.4343452, 44.5334786], [-110.434394, 44.5331367], [-110.4345009, 44.5328987], [-110.4346268, 44.5326652], [-110.4347986, 44.5323802]]}, "properties": {"hgv": "no", "highway": "secondary", "maxspeed": "45 mph", "name": "Grand Loop Road", "nps:route_desc": "PRIMARY ROUTE", "source": "National Park Service", "unsigned_ref": "US 14;US 16;US 20 Alt;US 89 Alt", "osm_id": 510266705}}, {"type": "Feature", "geometry": {"type": "LineString", "coordinates": [[-110.4075144, 44.5534592], [-110.4081875, 44.5525442], [-110.4087502, 44.5517549], [-110.4090694, 44.5513199], [-110.4093163, 44.5510286], [-110.4095804, 44.5507509], [-110.409874, 44.5504958], [-110.4100333, 44.5503841], [-110.4109141, 44.549898], [-110.411298, 44.5497424], [-110.4115344, 44.549665]]}, "properties": {"hgv": "no", "highway": "secondary", "maxspeed": "55 mph", "name": "Grand Loop Road", "nps:route_desc": "PRIMARY ROUTE", "source": "National Park Service", "unsigned_ref": "US 14;US 16;US 20 Alt;US 89 Alt", "osm_id": 510266706}}, {"type": "Feature", "geometry": {"type": "LineString", "coordinates": [[-110.0479781, 44.4764304], [-110.0476695, 44.4765548], [-110.047431, 44.476641], [-110.0471934, 44.4767126], [-110.0466308, 44.4768728], [-110.0464413, 44.4769434], [-110.0463048, 44.4770136], [-110.0461864, 44.4771003], [-110.0460291, 44.4772478], [-110.0457761, 44.4775233], [-110.045481, 44.4778448], [-110.0450009, 44.4783654], [-110.0448845, 44.4784958], [-110.0447616, 44.4785917], [-110.0446084, 44.4786814], [-110.0444511, 44.4787462], [-110.0442196, 44.4788077], [-110.043928, 44.4788572], [-110.0435602, 44.4789212], [-110.0430869, 44.4789894], [-110.0425236, 44.4790305], [-110.0420767, 44.4790326]]}, "properties": {"hgv": "no", "highway": "secondary", "loc_ref": "US 14;US 16;US 20", "maxspeed": "25 mph", "name": "East Entrance Road", "source": "Bing imagery", "osm_id": 510274895}}, {"type": "Feature", "geometry": {"type": "LineString", "coordinates": [[-110.3844368, 44.8857357], [-110.3842694, 44.8854873], [-110.3840288, 44.8852699], [-110.3837346, 44.8850883], [-110.3834547, 44.8849157], [-110.3833378, 44.8848251], [-110.3832368, 44.8847255], [-110.3830992, 44.8844997], [-110.3830391, 44.8842653], [-110.3829373, 44.8840172], [-110.3828172, 44.8837735], [-110.3826798, 44.8835297], [-110.3825161, 44.8832903], [-110.3823264, 44.8830552], [-110.3821246, 44.8828291], [-110.381979, 44.8825737], [-110.3819072, 44.8823141], [-110.3819165, 44.8820586], [-110.3819756, 44.8817754], [-110.3820639, 44.8814844], [-110.3820808, 44.8811658], [-110.3820136, 44.8808646], [-110.3818722, 44.8805822], [-110.3816622, 44.8803201], [-110.3814836, 44.8800752], [-110.381344, 44.8798044], [-110.3812998, 44.8795258], [-110.3813054, 44.8792494], [-110.381334, 44.8789899], [-110.3814442, 44.8787286], [-110.3815208, 44.8784768], [-110.3815654, 44.878209], [-110.3815409, 44.8779371], [-110.3814756, 44.8776666], [-110.3813661, 44.8773794], [-110.3812659, 44.8771079], [-110.3812159, 44.8768087], [-110.3812313, 44.8765084], [-110.3812841, 44.8761899], [-110.3813872, 44.8758799], [-110.3814932, 44.8755744], [-110.3815962, 44.8752734], [-110.3816958, 44.8749814], [-110.3817963, 44.8746939], [-110.3818926, 44.8744153], [-110.3819913, 44.8741413], [-110.382093, 44.8738808], [-110.3822088, 44.8736384], [-110.3822755, 44.8735262], [-110.3823481, 44.8734096], [-110.382512, 44.8731764], [-110.3827164, 44.8729299], [-110.3829571, 44.8726882], [-110.3832414, 44.8724422], [-110.3835486, 44.8722008], [-110.3838598, 44.8719594], [-110.3841709, 44.8717225], [-110.3844748, 44.8714901], [-110.3847732, 44.8712621], [-110.3850667, 44.8710432], [-110.3853531, 44.8708242], [-110.3856379, 44.8706051], [-110.3859187, 44.8703861], [-110.3861907, 44.870176], [-110.3864524, 44.8699749], [-110.3867029, 44.8697827], [-110.3868265, 44.8696843], [-110.3869487, 44.8695859], [-110.3871867, 44.8693712], [-110.387422, 44.8691249], [-110.3876778, 44.8688787], [-110.3879628, 44.8686326], [-110.388277, 44.8683958], [-110.3886094, 44.868168], [-110.3889557, 44.8679538], [-110.3893234, 44.8677532], [-110.389702, 44.8675662], [-110.3900844, 44.8673882], [-110.3904585, 44.8671786], [-110.3908012, 44.8669419], [-110.3911179, 44.8666915], [-110.3914259, 44.8664456], [-110.3917235, 44.8662042], [-110.3920038, 44.8659626], [-110.3922563, 44.8657209], [-110.3924945, 44.8654836], [-110.3927248, 44.8652508], [-110.3929496, 44.8650314], [-110.3931638, 44.864821], [-110.3933842, 44.8646286], [-110.3936165, 44.8644553], [-110.3938975, 44.8643333], [-110.394179, 44.864248], [-110.3944493, 44.8641962], [-110.3947002, 44.8641897], [-110.3949271, 44.8641961], [-110.3951353, 44.8642197], [-110.39532, 44.8642526], [-110.3954644, 44.864276], [-110.3957162, 44.8643171], [-110.3962127, 44.8643897], [-110.3964622, 44.8644244], [-110.3966203, 44.8644387], [-110.3968101, 44.8644487], [-110.3970252, 44.8644498], [-110.3972618, 44.8644421], [-110.3975112, 44.8644254], [-110.3977709, 44.8643998], [-110.3980411, 44.8643607], [-110.3983218, 44.8643082], [-110.3986088, 44.8642376], [-110.3989033, 44.8641492], [-110.3991978, 44.8640517], [-110.3995002, 44.8639588], [-110.3998102, 44.8638929], [-110.4001286, 44.8638495], [-110.4004548, 44.8638333], [-110.4007846, 44.8638485], [-110.4011101, 44.8638907], [-110.4014203, 44.8639598], [-110.4016867, 44.8640513], [-110.4019144, 44.864147], [-110.4021325, 44.8642471], [-110.4023393, 44.8643698], [-110.402538, 44.8645058], [-110.4027151, 44.8646643], [-110.4028613, 44.8648361], [-110.4029829, 44.8650168], [-110.4030783, 44.8652018], [-110.4031474, 44.8653957], [-110.4031882, 44.865594], [-110.4032058, 44.8657966], [-110.403199, 44.8660036], [-110.4031848, 44.8662241], [-110.4031849, 44.8664447], [-110.4032143, 44.8666654], [-110.4032776, 44.8668818], [-110.4033815, 44.8670939], [-110.4035211, 44.8672926], [-110.403686, 44.867478], [-110.4038813, 44.8676591], [-110.4041153, 44.8678224], [-110.4043966, 44.8679318], [-110.4046944, 44.8680549], [-110.4050145, 44.8681601], [-110.405358, 44.8682294], [-110.4057145, 44.8682673], [-110.4060704, 44.8682736], [-110.4064889, 44.868241], [-110.4066185, 44.8682135], [-110.4070619, 44.8681078], [-110.4073717, 44.8679923], [-110.4076698, 44.8678453], [-110.407943, 44.8676667], [-110.4081864, 44.8674609], [-110.4083881, 44.8672324], [-110.408545, 44.8669857], [-110.4086528, 44.8667252], [-110.4087142, 44.8664554], [-110.408766, 44.8661766], [-110.4088236, 44.8658934], [-110.4088827, 44.8656011], [-110.408934, 44.8653088], [-110.40896, 44.8650074], [-110.4089583, 44.8647103], [-110.4089559, 44.8644087], [-110.4089597, 44.8641071], [-110.4089573, 44.8638056], [-110.4089666, 44.8635085], [-110.4089956, 44.8632296], [-110.409026, 44.8629642], [-110.4089835, 44.8627119], [-110.408888, 44.8624639], [-110.4088217, 44.8622115], [-110.4088299, 44.8619505], [-110.4088642, 44.8616896], [-110.4089018, 44.8614242], [-110.408988, 44.8608755], [-110.4090312, 44.8605967], [-110.4090792, 44.8603089], [-110.4091258, 44.8600165], [-110.4091843, 44.8597153], [-110.4092687, 44.8594186], [-110.4093873, 44.8591222], [-110.4095287, 44.8588303], [-110.4096906, 44.8585476], [-110.4098469, 44.8582648], [-110.4100048, 44.8579866], [-110.4101582, 44.8577301], [-110.4103836, 44.8574484], [-110.4105259, 44.8572933], [-110.4106108, 44.857202], [-110.4108364, 44.8569601], [-110.4110643, 44.8567138], [-110.41129, 44.8564674], [-110.4115139, 44.85623], [-110.4117542, 44.8560106], [-110.4120358, 44.855841], [-110.4123497, 44.8557031], [-110.4126816, 44.8555878], [-110.4130058, 44.8554454], [-110.4133128, 44.855276], [-110.413597, 44.8550884], [-110.4138546, 44.8548827], [-110.4140816, 44.8546588], [-110.4142668, 44.8544167], [-110.4144299, 44.8541699], [-110.4145913, 44.8539232], [-110.4147551, 44.8536855], [-110.4149353, 44.8534659], [-110.4151688, 44.8532915], [-110.4154435, 44.8531894], [-110.4157185, 44.8531458], [-110.4159801, 44.8531516], [-110.4162296, 44.8532024], [-110.4164734, 44.8532712], [-110.4167241, 44.8533445], [-110.4169852, 44.8534223], [-110.4172572, 44.8535047], [-110.4175387, 44.8535827], [-110.4178227, 44.8536607], [-110.4181117, 44.8537207], [-110.4184065, 44.8537402], [-110.4187041, 44.8537237], [-110.4189943, 44.8536576], [-110.4192706, 44.8535555], [-110.4195242, 44.8534128], [-110.4197389, 44.8532383], [-110.4199265, 44.8530502], [-110.4201015, 44.8528756], [-110.4202653, 44.8527144], [-110.4204282, 44.8525622], [-110.4205997, 44.8524145], [-110.4207894, 44.8522804], [-110.4209946, 44.8521599], [-110.4212125, 44.852053], [-110.4214349, 44.8519551], [-110.4216557, 44.8518617], [-110.4218693, 44.8517728], [-110.4220783, 44.8516793], [-110.4222785, 44.8515858], [-110.4224725, 44.8514877], [-110.4226609, 44.8513852], [-110.4228423, 44.8512871], [-110.4230229, 44.8511845], [-110.4232012, 44.8510728], [-110.4233763, 44.8509567], [-110.4235555, 44.8508316], [-110.4237403, 44.8506975], [-110.4239308, 44.8505544], [-110.4241158, 44.8504023], [-110.4242931, 44.8502456], [-110.4244631, 44.8500845], [-110.4246293, 44.8499188], [-110.4247947, 44.8497485], [-110.4249561, 44.8495828], [-110.4251112, 44.8494216], [-110.4252615, 44.8492603], [-110.4254101, 44.8491035], [-110.4255579, 44.8489467], [-110.4257034, 44.8487944], [-110.4258456, 44.8486466], [-110.4259855, 44.8484987], [-110.4261247, 44.8483509], [-110.4262621, 44.8482121], [-110.4263971, 44.8480732], [-110.426529, 44.8479343], [-110.4266664, 44.8477955], [-110.426818, 44.8476612], [-110.4269767, 44.847527], [-110.4271417, 44.8473973], [-110.4273123, 44.8472721], [-110.4274803, 44.8471469], [-110.4276477, 44.8470217], [-110.4278094, 44.846901], [-110.4279679, 44.8467803], [-110.4281241, 44.846664], [-110.4282819, 44.8465478], [-110.4284475, 44.8464406], [-110.428625, 44.8463289], [-110.4288205, 44.8462219], [-110.4290327, 44.8461194], [-110.4292608, 44.8460126], [-110.4295006, 44.8459102], [-110.4297445, 44.8458034], [-110.4299812, 44.8456966], [-110.4301989, 44.8455941], [-110.4303884, 44.8454645], [-110.4305552, 44.8453168], [-110.4306944, 44.845151], [-110.4308069, 44.844967], [-110.430895, 44.8447739], [-110.4309745, 44.8445808], [-110.4310491, 44.8443921], [-110.4311221, 44.8441989], [-110.4311818, 44.8440056], [-110.4312233, 44.8438078], [-110.4312403, 44.8436053], [-110.431251, 44.8434028], [-110.431268, 44.8431914], [-110.4313026, 44.8429845], [-110.431363, 44.8427823], [-110.4314456, 44.8425936], [-110.4315463, 44.8424096], [-110.4316658, 44.8422301], [-110.431802, 44.8420553], [-110.431961, 44.8418895], [-110.4321491, 44.8417329], [-110.4323624, 44.8415944], [-110.4325905, 44.841483], [-110.4328317, 44.8413987], [-110.4330878, 44.841337], [-110.4332498, 44.8413026]]}, "properties": {"access": "yes", "hgv": "no", "highway": "secondary", "incline": "7%", "lanes": "2", "maxspeed": "35 mph", "name": "Grand Loop Road", "nps:route_desc": "PRIMARY ROUTE", "source": "National Park Service;Bing", "surface": "asphalt", "unsigned_ref": "US 89 Alt", "osm_id": 511800131}}, {"type": "Feature", "geometry": {"type": "LineString", "coordinates": [[-110.7909692, 45.1143783], [-110.7900232, 45.112888], [-110.7892289, 45.1117763], [-110.7883276, 45.1105504], [-110.7877291, 45.1097728], [-110.7875261, 45.1095091]]}, "properties": {"NHS": "yes", "hgv": "designated", "hgv:national_network": "yes", "highway": "primary", "lanes": "2", "maxspeed": "45 mph", "mdt_base_route": "P-11", "ref": "US 89", "source:hgv:national_network": "https://hepgis-usdot.hub.arcgis.com/apps/usdot::national-network-conventional-combination-trucks-map/explore", "osm_id": 522937366}}, {"type": "Feature", "geometry": {"type": "LineString", "coordinates": [[-110.7047702, 45.027444], [-110.7040237, 45.027045], [-110.7031667, 45.0265919], [-110.7027972, 45.0264036], [-110.7026283, 45.0263152]]}, "properties": {"hgv": "no", "highway": "secondary", "lanes": "2", "maxspeed": "35 mph", "name": "North Entrance Road", "surface": "asphalt", "unsigned_ref": "US 89", "osm_id": 523052889}}, {"type": "Feature", "geometry": {"type": "LineString", "coordinates": [[-110.7073407, 45.0294884], [-110.7059669, 45.0294932], [-110.7058574, 45.0294936], [-110.7057357, 45.0295102], [-110.7056597, 45.0295375], [-110.7055914, 45.0295685], [-110.7055408, 45.0296038], [-110.7055066, 45.0296407], [-110.7054708, 45.0296901]]}, "properties": {"NHS": "yes", "hgv": "designated", "hgv:national_network": "yes", "highway": "primary", "lanes": "2", "maxspeed": "25 mph", "mdt_base_route": "P-11", "name": "Park Street", "ref": "US 89", "source:hgv:national_network": "https://hepgis-usdot.hub.arcgis.com/apps/usdot::national-network-conventional-combination-trucks-map/explore", "surface": "asphalt", "osm_id": 597571133}}, {"type": "Feature", "geometry": {"type": "LineString", "coordinates": [[-109.9873384, 45.0077393], [-109.98784, 45.0076283], [-109.9880599, 45.0075734], [-109.9883804, 45.0074836], [-109.9886929, 45.0073856], [-109.9890684, 45.0072614], [-109.9894801, 45.0071106], [-109.9898301, 45.0069618], [-109.9902003, 45.006793], [-109.9904131, 45.0066947], [-109.990494, 45.0066574], [-109.9908239, 45.0065066], [-109.9910868, 45.0063853], [-109.9912145, 45.0063245], [-109.9912759, 45.0062952], [-109.9914542, 45.0062023], [-109.9916379, 45.0060766], [-109.9920054, 45.0058401]]}, "properties": {"hgv": "designated", "hgv:national_network": "yes", "highway": "secondary", "lanes": "2", "maxspeed": "25 mph", "name": "US Highway 212", "oneway": "no", "ref": "US 212", "sidewalk": "no", "source": "Bing;NAIP", "source:hgv:national_network": "https://hepgis-usdot.hub.arcgis.com/apps/usdot::national-network-conventional-combination-trucks-map/explore", "surface": "asphalt", "osm_id": 692867502}}, {"type": "Feature", "geometry": {"type": "LineString", "coordinates": [[-110.008147, 45.0046359], [-110.007923, 45.0046073], [-110.0077111, 45.0045741], [-110.0074992, 45.0045278], [-110.0072954, 45.004486], [-110.0069936, 45.0044244], [-110.0066208, 45.0043286], [-110.0052931, 45.0039664], [-110.0050315, 45.0039029], [-110.0045769, 45.0038033], [-110.0041746, 45.0037161], [-110.0038943, 45.0036639], [-110.003378, 45.0035776], [-110.0030588, 45.0035387], [-110.0026887, 45.0034961], [-110.0022703, 45.0034591], [-110.0015165, 45.0034107]]}, "properties": {"hgv": "no", "highway": "secondary", "maxspeed": "45 mph", "name": "Northeast Entrance Road", "oneway": "no", "source": "National Park Service", "surface": "asphalt", "unsigned_ref": "US 212", "osm_id": 692898875}}, {"type": "Feature", "geometry": {"type": "LineString", "coordinates": [[-110.0103706, 45.0045437], [-110.0104885, 45.0045057]]}, "properties": {"hgv": "no", "highway": "secondary", "layer": "-1", "maxspeed": "45 mph", "name": "Northeast Entrance Road", "oneway": "yes", "source": "Bing", "toll": "yes", "tunnel": "yes", "unsigned_ref": "US 212", "osm_id": 692898876}}, {"type": "Feature", "geometry": {"type": "LineString", "coordinates": [[-110.0103498, 45.0043891], [-110.010123, 45.0044656], [-110.0100594, 45.0044872], [-110.00972, 45.0045787], [-110.0092856, 45.0046567]]}, "properties": {"hgv": "no", "highway": "secondary", "lanes": "1", "maxspeed": "45 mph", "name": "Northeast Entrance Road", "oneway": "yes", "source": "National Park Service", "surface": "asphalt", "unsigned_ref": "US 212", "osm_id": 692898877}}, {"type": "Feature", "geometry": {"type": "LineString", "coordinates": [[-110.0104885, 45.0045057], [-110.0105996, 45.0044665], [-110.0111812, 45.0041773]]}, "properties": {"hgv": "no", "highway": "secondary", "maxspeed": "45 mph", "name": "Northeast Entrance Road", "oneway": "yes", "source": "Bing", "toll": "yes", "unsigned_ref": "US 212", "osm_id": 761865122}}, {"type": "Feature", "geometry": {"type": "LineString", "coordinates": [[-110.0092856, 45.0046567], [-110.0097265, 45.004688], [-110.0099525, 45.0046712], [-110.0103979, 45.0046303]]}, "properties": {"hgv": "no", "highway": "secondary", "lanes": "1", "maxspeed": "25 mph", "name": "Northeast Entrance Road", "oneway": "yes", "source": "mapillary", "toll": "yes", "unsigned_ref": "US 212", "osm_id": 761865123}}, {"type": "Feature", "geometry": {"type": "LineString", "coordinates": [[-110.0103979, 45.0046303], [-110.0106053, 45.004563], [-110.0109778, 45.0043397], [-110.0111812, 45.0041773]]}, "properties": {"hgv": "no", "highway": "secondary", "lanes": "1", "maxspeed": "25 mph", "name": "Northeast Entrance Road", "oneway": "yes", "source": "mapillary", "toll": "yes", "unsigned_ref": "US 212", "osm_id": 922736375}}, {"type": "Feature", "geometry": {"type": "LineString", "coordinates": [[-110.7073331, 45.0288084], [-110.7047702, 45.027444]]}, "properties": {"hgv": "no", "highway": "secondary", "lanes": "2", "maxspeed": "35 mph", "name": "North Entrance Road", "surface": "asphalt", "unsigned_ref": "US 89", "osm_id": 964088776}}, {"type": "Feature", "geometry": {"type": "LineString", "coordinates": [[-111.1132786, 44.7539381], [-111.1132841, 44.756038], [-111.1132928, 44.75923], [-111.1133015, 44.7613041], [-111.1132985, 44.76342], [-111.1132971, 44.7644831], [-111.1133011, 44.7659189], [-111.1132994, 44.7661279], [-111.1133011, 44.7670072], [-111.1133015, 44.7693218], [-111.1133042, 44.7700245]]}, "properties": {"NHS": "yes", "hgv": "designated", "hgv:national_network": "yes", "highway": "trunk", "lanes": "2", "maxspeed": "70 mph", "maxspeed:conditional": "65 mph @ (dusk-dawn)", "maxspeed:hgv": "60 mph", "maxspeed:hgv:conditional": "55 mph @ (dusk-dawn)", "name": "Gallatin Road", "ref": "US 191 US 287", "sidewalk": "no", "source": "Bing", "source:hgv:national_network": "https://hepgis-usdot.hub.arcgis.com/apps/usdot::national-network-conventional-combination-trucks-map/explore", "surface": "asphalt", "osm_id": 1001337668}}, {"type": "Feature", "geometry": {"type": "LineString", "coordinates": [[-111.1132783, 44.7538384], [-111.1132786, 44.7539381]]}, "properties": {"NHS": "yes", "hgv": "designated", "hgv:national_network": "yes", "highway": "trunk", "lanes": "2", "maxspeed": "70 mph", "maxspeed:conditional": "65 mph @ (dusk-dawn)", "maxspeed:hgv": "60 mph", "maxspeed:hgv:conditional": "55 mph @ (dusk-dawn)", "name": "Gallatin Road", "ref": "US 191 US 287", "sidewalk": "no", "source": "Bing", "source:hgv:national_network": "https://hepgis-usdot.hub.arcgis.com/apps/usdot::national-network-conventional-combination-trucks-map/explore", "surface": "asphalt", "osm_id": 1001337669}}, {"type": "Feature", "geometry": {"type": "LineString", "coordinates": [[-111.155739, 45.054449], [-111.1553329, 45.0542233], [-111.154805, 45.05393], [-111.154202, 45.053626], [-111.153556, 45.053324], [-111.152951, 45.053053], [-111.152249, 45.052762], [-111.151457, 45.052454], [-111.150388, 45.052054], [-111.147197, 45.05084], [-111.144155, 45.049701], [-111.144038, 45.049656], [-111.143025, 45.049267], [-111.141772, 45.048794], [-111.140093, 45.0481523], [-111.139854, 45.048061], [-111.139347, 45.047867], [-111.13504, 45.046233], [-111.134226, 45.04591], [-111.133459, 45.045547], [-111.13308, 45.045317], [-111.132834, 45.045137], [-111.132321, 45.044683], [-111.132098, 45.044434], [-111.131501, 45.04373], [-111.131189, 45.043424], [-111.130856, 45.043165], [-111.130352, 45.042847], [-111.129964, 45.042642], [-111.129376, 45.042393], [-111.128159, 45.041939], [-111.12554, 45.040984], [-111.12418, 45.040496], [-111.12084, 45.039282], [-111.12021, 45.039019], [-111.119698, 45.038756], [-111.119104, 45.038382], [-111.118121, 45.037701], [-111.117179, 45.037025], [-111.116224, 45.036347], [-111.115268, 45.035659], [-111.1143274, 45.0350443], [-111.114156, 45.0348982], [-111.1139704, 45.0347759], [-111.113421, 45.0343003], [-111.112733, 45.03358], [-111.112122, 45.032812], [-111.110965, 45.031323], [-111.1103436, 45.0306875], [-111.1097388, 45.0300813], [-111.1094198, 45.0297381], [-111.108931, 45.029316], [-111.107984, 45.028654], [-111.107003, 45.02807], [-111.106029, 45.027588], [-111.105095, 45.027203], [-111.10314, 45.026486], [-111.101904, 45.026011], [-111.100643, 45.025552], [-111.099451, 45.025077], [-111.098384, 45.024577], [-111.097424, 45.024073], [-111.096458, 45.02351], [-111.0958852, 45.0231279], [-111.09541, 45.022811], [-111.095142, 45.022618], [-111.092597, 45.020785], [-111.092296, 45.020568], [-111.091315, 45.019853], [-111.088293, 45.017669], [-111.087297, 45.016958], [-111.083701, 45.014354], [-111.082923, 45.013729], [-111.082301, 45.0131], [-111.082216, 45.012996], [-111.08185, 45.012547], [-111.081692, 45.0123318], [-111.081554, 45.012126], [-111.081479, 45.0120136]]}, "properties": {"NHS": "yes", "hazmat": "no", "hgv": "designated", "hgv:national_network": "yes", "highway": "trunk", "lanes": "2", "maxspeed": "55 mph", "name": "Gallatin Road", "ref": "US 191", "source:hgv:national_network": "https://hepgis-usdot.hub.arcgis.com/apps/usdot::national-network-conventional-combination-trucks-map/explore", "osm_id": 1001624577}}, {"type": "Feature", "geometry": {"type": "LineString", "coordinates": [[-111.081479, 45.0120136], [-111.0813958, 45.0118514]]}, "properties": {"NHS": "yes", "bridge": "yes", "hazmat": "no", "hgv": "designated", "hgv:national_network": "yes", "highway": "trunk", "lanes": "2", "layer": "1", "maxspeed": "55 mph", "name": "Gallatin Road", "ref": "US 191", "source:hgv:national_network": "https://hepgis-usdot.hub.arcgis.com/apps/usdot::national-network-conventional-combination-trucks-map/explore", "osm_id": 1001624578}}, {"type": "Feature", "geometry": {"type": "LineString", "coordinates": [[-111.0813958, 45.0118514], [-111.081129, 45.011339], [-111.080854, 45.010634], [-111.080663, 45.009843], [-111.080581, 45.009021], [-111.08046, 45.006554], [-111.080407, 45.005267], [-111.080366, 45.004645], [-111.08028, 45.003019], [-111.080247, 45.002084], [-111.080199, 45.001112], [-111.080159, 45.000119], [-111.080103, 44.999097], [-111.080008, 44.996936], [-111.0799501, 44.995776], [-111.0799149, 44.9950701], [-111.079738, 44.991522], [-111.079692, 44.990471], [-111.079632, 44.989421], [-111.079581, 44.988298], [-111.07954, 44.98738], [-111.079489, 44.986366], [-111.079475, 44.986084], [-111.079438, 44.985348], [-111.079392, 44.984285], [-111.079279, 44.982141], [-111.079268, 44.9818778], [-111.0792375, 44.981146], [-111.079233, 44.981039], [-111.079171, 44.979885], [-111.079125, 44.97878], [-111.079066, 44.977721], [-111.079058, 44.97754], [-111.0790531, 44.9774323], [-111.0790255, 44.97682], [-111.078939, 44.974902], [-111.078895, 44.974109], [-111.078771, 44.971678], [-111.0787583, 44.9713872]]}, "properties": {"NHS": "yes", "hazmat": "no", "hgv": "designated", "hgv:national_network": "yes", "highway": "trunk", "lanes": "2", "maxspeed": "55 mph", "name": "Gallatin Road", "ref": "US 191", "source:hgv:national_network": "https://hepgis-usdot.hub.arcgis.com/apps/usdot::national-network-conventional-combination-trucks-map/explore", "osm_id": 1001624620}}, {"type": "Feature", "geometry": {"type": "LineString", "coordinates": [[-111.0787583, 44.9713872], [-111.0787466, 44.9710389]]}, "properties": {"NHS": "yes", "bridge": "yes", "hazmat": "no", "hgv": "designated", "hgv:national_network": "yes", "highway": "trunk", "lanes": "2", "layer": "1", "maxspeed": "55 mph", "name": "Gallatin Road", "ref": "US 191", "source:hgv:national_network": "https://hepgis-usdot.hub.arcgis.com/apps/usdot::national-network-conventional-combination-trucks-map/explore", "surface": "concrete", "osm_id": 1001624621}}, {"type": "Feature", "geometry": {"type": "LineString", "coordinates": [[-111.2022363, 45.0748087], [-111.201497, 45.074285], [-111.198788, 45.0723], [-111.196814, 45.070859], [-111.196177, 45.070459], [-111.19586, 45.070279], [-111.19548, 45.070087], [-111.194944, 45.069842], [-111.189831, 45.067934], [-111.1893773, 45.0677891], [-111.1891122, 45.0677012], [-111.1883536, 45.0674492], [-111.186759, 45.066788], [-111.185426, 45.066298], [-111.1829961, 45.065389], [-111.182596, 45.0652522]]}, "properties": {"NHS": "yes", "hgv": "designated", "hgv:national_network": "yes", "highway": "trunk", "lanes": "2", "maxspeed": "60 mph", "name": "Gallatin Road", "ref": "US 191", "source:hgv:national_network": "https://hepgis-usdot.hub.arcgis.com/apps/usdot::national-network-conventional-combination-trucks-map/explore", "osm_id": 1001643069}}, {"type": "Feature", "geometry": {"type": "LineString", "coordinates": [[-111.2026641, 45.0751105], [-111.2022363, 45.0748087]]}, "properties": {"NHS": "yes", "bridge": "yes", "hgv": "designated", "hgv:national_network": "yes", "highway": "trunk", "lanes": "2", "layer": "1", "maxspeed": "60 mph", "name": "Gallatin Road", "ref": "US 191", "source:hgv:national_network": "https://hepgis-usdot.hub.arcgis.com/apps/usdot::national-network-conventional-combination-trucks-map/explore", "osm_id": 1001643070}}, {"type": "Feature", "geometry": {"type": "LineString", "coordinates": [[-110.8062698, 44.5489922], [-110.8057612, 44.5496203], [-110.8056754, 44.5497484], [-110.8055306, 44.5500007], [-110.8054447, 44.5502836], [-110.8054206, 44.5505473], [-110.8054501, 44.5507404], [-110.8055359, 44.5510156], [-110.8056513, 44.5512641], [-110.8057639, 44.5514381], [-110.8058712, 44.5515929], [-110.8064425, 44.5523269], [-110.8067027, 44.5526843], [-110.8068556, 44.5529442], [-110.8070219, 44.5532596], [-110.8071613, 44.5535654], [-110.8072954, 44.5539993]]}, "properties": {"hgv": "no", "highway": "secondary", "lanes": "2", "maxspeed": "35 mph", "name": "Grand Loop Road", "surface": "asphalt", "unsigned_ref": "US 20 Alt;US 89;US 191;US 287", "osm_id": 1018319170}}, {"type": "Feature", "geometry": {"type": "LineString", "coordinates": [[-111.1132958, 44.7771688], [-111.1133036, 44.7794407], [-111.1133133, 44.7799556], [-111.1133052, 44.780328], [-111.1133284, 44.7815473], [-111.1133113, 44.7818968]]}, "properties": {"NHS": "yes", "hgv": "designated", "hgv:national_network": "yes", "highway": "trunk", "lanes": "2", "maxspeed": "70 mph", "maxspeed:conditional": "65 mph @ (dusk-dawn)", "maxspeed:hgv": "60 mph", "maxspeed:hgv:conditional": "55 mph @ (dusk-dawn)", "name": "Gallatin Road", "ref": "US 191 US 287", "sidewalk": "no", "source": "Bing", "source:hgv:national_network": "https://hepgis-usdot.hub.arcgis.com/apps/usdot::national-network-conventional-combination-trucks-map/explore", "surface": "asphalt", "osm_id": 1064436110}}, {"type": "Feature", "geometry": {"type": "LineString", "coordinates": [[-111.1132995, 44.776996], [-111.1132958, 44.7771688]]}, "properties": {"NHS": "yes", "hgv": "designated", "hgv:national_network": "yes", "highway": "trunk", "lanes": "2", "maxspeed": "70 mph", "maxspeed:conditional": "65 mph @ (dusk-dawn)", "maxspeed:hgv": "60 mph", "maxspeed:hgv:conditional": "55 mph @ (dusk-dawn)", "name": "Gallatin Road", "ref": "US 191 US 287", "sidewalk": "no", "source": "Bing", "source:hgv:national_network": "https://hepgis-usdot.hub.arcgis.com/apps/usdot::national-network-conventional-combination-trucks-map/explore", "surface": "asphalt", "osm_id": 1064436111}}, {"type": "Feature", "geometry": {"type": "LineString", "coordinates": [[-110.127182, 44.4644686], [-110.1270135, 44.4643891], [-110.1263496, 44.4639977], [-110.1261713, 44.4639068], [-110.1259969, 44.4638321], [-110.1257676, 44.4637603], [-110.1255772, 44.4637105], [-110.125317, 44.4636608], [-110.1247428, 44.4635777], [-110.1245096, 44.463545], [-110.1242629, 44.4635038], [-110.1236124, 44.4633373], [-110.1233241, 44.4632837], [-110.1230666, 44.4632463], [-110.1228547, 44.4632291], [-110.1225275, 44.4632042], [-110.1220313, 44.4631812], [-110.1217215, 44.4631592], [-110.1215471, 44.4631391], [-110.1213942, 44.4631142], [-110.1212642, 44.4630817], [-110.1210865, 44.4630118], [-110.1209477, 44.4629458], [-110.1208431, 44.462875], [-110.1207156, 44.4627677], [-110.1205842, 44.4626462], [-110.1204769, 44.462561], [-110.120375, 44.4624883], [-110.1202248, 44.4624117], [-110.1198547, 44.4622729], [-110.1196776, 44.4622136], [-110.1195449, 44.462159], [-110.119282, 44.4620183], [-110.1187536, 44.461712], [-110.1184456, 44.4615517], [-110.1181841, 44.4614277], [-110.117611, 44.4611913], [-110.1158716, 44.4604945], [-110.1151595, 44.4602006], [-110.1150414, 44.4601489], [-110.1147974, 44.4600168], [-110.1146042, 44.459902], [-110.1144245, 44.459811], [-110.1141416, 44.4596895], [-110.1136655, 44.459454], [-110.1134589, 44.4593659], [-110.1132551, 44.4593085], [-110.1130405, 44.459274], [-110.1128125, 44.4592664], [-110.1125899, 44.4592779], [-110.1123861, 44.4593181], [-110.1121795, 44.4593927], [-110.111737, 44.4596033], [-110.1114714, 44.4597297], [-110.11123, 44.4598292], [-110.1109028, 44.4599211], [-110.1103637, 44.4600743], [-110.1100273, 44.4601905], [-110.1098862, 44.4602504], [-110.1097484, 44.4603152], [-110.1096341, 44.4603786], [-110.1094437, 44.4604954], [-110.1090843, 44.4607232]]}, "properties": {"hgv": "no", "highway": "secondary", "loc_ref": "US 14;US 16;US 20", "maxspeed": "45 mph", "name": "East Entrance Road", "nps:route_desc": "PRIMARY ROUTE", "source": "National Park Service", "osm_id": 1074373673}}, {"type": "Feature", "geometry": {"type": "LineString", "coordinates": [[-110.1090843, 44.4607232], [-110.1089072, 44.4608247], [-110.1082662, 44.4611712], [-110.1079068, 44.4613607], [-110.1076359, 44.4614756], [-110.1074669, 44.4615273], [-110.1071799, 44.4615656], [-110.1069814, 44.4615885], [-110.1068768, 44.4616153], [-110.1067641, 44.4616708], [-110.1065576, 44.4617876], [-110.1062197, 44.461981], [-110.1059836, 44.4621054], [-110.1054043, 44.4623523], [-110.1050502, 44.462494], [-110.1048115, 44.4625629], [-110.1046023, 44.4626031], [-110.1043931, 44.4626376], [-110.1039317, 44.4626586], [-110.1036769, 44.4626663], [-110.1034838, 44.4627007], [-110.1032934, 44.4627697], [-110.1030198, 44.4629113], [-110.1027623, 44.4630415], [-110.1025209, 44.4631372], [-110.1023385, 44.4632061], [-110.102073, 44.4632923], [-110.101397, 44.4634741], [-110.1009142, 44.4636024], [-110.1006997, 44.4636675], [-110.1004905, 44.4637421], [-110.1000237, 44.4639087], [-110.0997099, 44.4640235], [-110.0995302, 44.4640733], [-110.0993291, 44.4641078], [-110.0990601, 44.4641646], [-110.0988543, 44.4642207], [-110.0986585, 44.4642953], [-110.0984103, 44.4644068], [-110.0981864, 44.464481], [-110.097945, 44.4645519], [-110.0977422, 44.4646023], [-110.0975481, 44.4646342], [-110.0972047, 44.4646686], [-110.0969721, 44.4646873], [-110.0968078, 44.4647241], [-110.096628, 44.4647801], [-110.0964698, 44.4648428], [-110.0962838, 44.4649225], [-110.0961266, 44.4649799], [-110.0959344, 44.4650363], [-110.0956796, 44.4651091], [-110.0954882, 44.465177], [-110.0953028, 44.4652473], [-110.095035, 44.4653723], [-110.0945741, 44.4656305], [-110.0942938, 44.4657767], [-110.094059, 44.4658648], [-110.0938657, 44.4659156], [-110.0936933, 44.4659409], [-110.0935046, 44.4659603], [-110.0933035, 44.4659667], [-110.0930914, 44.4659598], [-110.0925133, 44.4659397], [-110.0919147, 44.4659283], [-110.0915454, 44.4659437], [-110.0912276, 44.4659979], [-110.0906579, 44.4660998], [-110.0903515, 44.4661525], [-110.0901362, 44.466162], [-110.0899097, 44.4661511], [-110.0896146, 44.4661097], [-110.0880381, 44.4658519], [-110.0877838, 44.4658071], [-110.0875665, 44.4657444], [-110.0872992, 44.4656611], [-110.0871138, 44.4656112], [-110.0869073, 44.4655644], [-110.0867237, 44.4655435], [-110.0865229, 44.4655449], [-110.0862044, 44.4655667], [-110.0858531, 44.4655947], [-110.0855098, 44.4656025], [-110.0851769, 44.4655839], [-110.0847496, 44.465549], [-110.0844717, 44.4655403], [-110.0841568, 44.4655537], [-110.0839247, 44.4655729], [-110.0836278, 44.4656156], [-110.0833285, 44.465677], [-110.082847, 44.4657928], [-110.0825813, 44.4658593], [-110.082356, 44.4658899], [-110.0821093, 44.4659052], [-110.0818411, 44.465911], [-110.0814682, 44.4659014], [-110.080803, 44.4658746], [-110.0805643, 44.4658784], [-110.0803256, 44.4658937], [-110.0800332, 44.4659282], [-110.0797892, 44.4659435], [-110.0795209, 44.4659454], [-110.0792635, 44.4659454], [-110.0789738, 44.4659703], [-110.0780243, 44.4661254], [-110.0775629, 44.4662077], [-110.0771901, 44.4662919], [-110.0767636, 44.466401], [-110.0764713, 44.4664622], [-110.0762218, 44.4665101], [-110.0759804, 44.4665331], [-110.075731, 44.4665407], [-110.0752535, 44.4665599], [-110.0749451, 44.4665752], [-110.0746903, 44.466602], [-110.0744113, 44.4666498], [-110.073714, 44.4667934], [-110.073486, 44.4668317], [-110.0732312, 44.4668585], [-110.0730059, 44.4668719], [-110.0727806, 44.46687], [-110.0725231, 44.4668508], [-110.0722763, 44.4668087], [-110.0720859, 44.4667666], [-110.0713187, 44.4665694], [-110.0710264, 44.4664948], [-110.0708494, 44.4664661], [-110.0706777, 44.4664565], [-110.0704765, 44.4664508], [-110.0702754, 44.4664546], [-110.0701118, 44.466468], [-110.0699294, 44.4665005], [-110.0697523, 44.4665599]]}, "properties": {"hgv": "no", "highway": "secondary", "loc_ref": "US 14;US 16;US 20", "maxspeed": "45 mph", "name": "East Entrance Road", "nps:route_desc": "PRIMARY ROUTE", "source": "National Park Service", "osm_id": 1074373674}}, {"type": "Feature", "geometry": {"type": "LineString", "coordinates": [[-110.0122177, 45.0038782], [-110.0118709, 45.00397]]}, "properties": {"hgv": "no", "highway": "secondary", "lanes": "2", "maxspeed:backward": "45 mph", "maxspeed:forward": "35 mph", "name": "Northeast Entrance Road", "oneway": "no", "source": "National Park Service", "surface": "asphalt", "unsigned_ref": "US 212", "osm_id": 1076129494}}, {"type": "Feature", "geometry": {"type": "LineString", "coordinates": [[-110.8523164, 44.483083], [-110.8513982, 44.4842044], [-110.8507625, 44.484966], [-110.850328, 44.4854941], [-110.8500625, 44.4859151]]}, "properties": {"fixme": "is the whole segment 35mph?", "hgv": "no", "highway": "secondary", "lanes": "2", "maxspeed": "35 mph", "name": "Grand Loop Road", "oneway": "no", "surface": "asphalt", "unsigned_ref": "US 20 Alt;US 89;US 191;US 287", "osm_id": 1082348123}}, {"type": "Feature", "geometry": {"type": "LineString", "coordinates": [[-110.8545297, 44.478708], [-110.8542574, 44.4796288], [-110.8541301, 44.4800804], [-110.8539758, 44.4805359], [-110.8538906, 44.480742], [-110.8538759, 44.4807875], [-110.8538202, 44.4808899], [-110.8536968, 44.4811693], [-110.8536728, 44.4812141], [-110.8535683, 44.4813857], [-110.8533563, 44.4817465], [-110.8531121, 44.4820994], [-110.8528603, 44.4824224], [-110.8525158, 44.4828413]]}, "properties": {"hgv": "no", "highway": "secondary", "lanes": "2", "maxspeed": "35 mph", "name": "Grand Loop Road", "surface": "asphalt", "unsigned_ref": "US 20 Alt;US 89;US 191;US 287", "osm_id": 1082348124}}, {"type": "Feature", "geometry": {"type": "LineString", "coordinates": [[-110.7315091, 44.8842136], [-110.7314065, 44.8845964], [-110.7313366, 44.8848474], [-110.7313208, 44.8850349], [-110.7313289, 44.8853273], [-110.7313306, 44.885539], [-110.7313788, 44.8857871]]}, "properties": {"hgv": "no", "highway": "secondary", "lanes": "2", "maxspeed": "35 mph", "maxspeed:advisory": "35 mph", "name": "Grand Loop Road", "source": "TIGER;Bing", "surface": "asphalt", "unsigned_ref": "US 89", "osm_id": 1082348125}}, {"type": "Feature", "geometry": {"type": "LineString", "coordinates": [[-111.0528185, 44.6517328], [-111.053978, 44.6515686], [-111.0551702, 44.6514628], [-111.0556204, 44.6514298], [-111.0561973, 44.6513992], [-111.0572359, 44.651372], [-111.057994, 44.651401], [-111.058388, 44.651431], [-111.058656, 44.651465], [-111.058754, 44.651478], [-111.059073, 44.651541], [-111.059359, 44.651608], [-111.059701, 44.651701], [-111.060013, 44.651803], [-111.060352, 44.651919], [-111.060697, 44.652058], [-111.061805, 44.65254], [-111.0623735, 44.6527914], [-111.0625206, 44.6528529], [-111.0628176, 44.6529723], [-111.0631021, 44.6530743], [-111.0634531, 44.6531847], [-111.063753, 44.653266], [-111.0640395, 44.653335], [-111.0643828, 44.653407], [-111.06483, 44.653479], [-111.0653155, 44.6535309], [-111.0657939, 44.6535627], [-111.0662675, 44.6535729], [-111.0670967, 44.6535614], [-111.06813, 44.6535433], [-111.0689307, 44.6535395], [-111.0693648, 44.6535547], [-111.0697895, 44.653592], [-111.0701606, 44.6536427], [-111.0707476, 44.6537388], [-111.0715252, 44.6538706], [-111.0811194, 44.6554847], [-111.0820516, 44.655642]]}, "properties": {"hgv": "no", "highway": "secondary", "lanes": "2", "loc_ref": "US 20;US 191;US 287", "maxspeed": "45 mph", "name": "West Entrance Road", "surface": "asphalt", "osm_id": 1087021700}}, {"type": "Feature", "geometry": {"type": "LineString", "coordinates": [[-110.3166815, 44.9207647], [-110.3168591, 44.9206995], [-110.3170166, 44.9206401], [-110.3173308, 44.9205069], [-110.3176395, 44.9203539], [-110.3177711, 44.9202772], [-110.3179366, 44.9201692], [-110.318218, 44.9199581], [-110.3184842, 44.91975], [-110.3187577, 44.9195322], [-110.3190139, 44.9192941], [-110.3192905, 44.9190579], [-110.3195731, 44.9188153], [-110.3198276, 44.9185599], [-110.3200725, 44.9183082], [-110.3202993, 44.9180455], [-110.3205254, 44.9177666], [-110.320704, 44.9174868], [-110.3208751, 44.9172031], [-110.3210419, 44.9169149], [-110.3212102, 44.9166281], [-110.3214142, 44.9163663], [-110.3216209, 44.9161125], [-110.3218884, 44.9158749], [-110.3221155, 44.9156896], [-110.3224334, 44.9154723], [-110.3226471, 44.9153415]]}, "properties": {"hgv": "no", "highway": "secondary", "lanes": "2", "maxspeed": "45 mph", "name": "Northeast Entrance Road", "oneway": "no", "surface": "asphalt", "unsigned_ref": "US 212", "osm_id": 1090806748}}, {"type": "Feature", "geometry": {"type": "LineString", "coordinates": [[-110.7026283, 45.0263152], [-110.7022258, 45.02608], [-110.7021329, 45.0260253], [-110.7020469, 45.0259827], [-110.7018603, 45.0258966], [-110.7017273, 45.0258398], [-110.7017165, 45.0258353], [-110.7016662, 45.0258142], [-110.7012826, 45.0256535], [-110.7011644, 45.0256003], [-110.7011163, 45.0255786], [-110.7010736, 45.0255558], [-110.7010282, 45.0255292], [-110.7009799, 45.0254889], [-110.7009504, 45.0254586], [-110.7009115, 45.0254154], [-110.7008974, 45.0253894], [-110.7008874, 45.02536], [-110.7008827, 45.0253306], [-110.700886, 45.0253074], [-110.7008954, 45.0252756], [-110.7009236, 45.0252126], [-110.7009363, 45.0251884], [-110.7009544, 45.0251666], [-110.7009772, 45.0251439], [-110.700998, 45.0251263], [-110.7010315, 45.0251026]]}, "properties": {"check_date": "2025-03-31", "check_date:surface": "2025-03-31", "hgv": "no", "highway": "secondary", "lanes": "1", "maxspeed": "25 mph", "name": "North Entrance Road", "oneway": "yes", "surface": "asphalt", "unsigned_ref": "US 89", "osm_id": 1109695758}}, {"type": "Feature", "geometry": {"type": "LineString", "coordinates": [[-110.7026283, 45.0263152], [-110.7019104, 45.0259994], [-110.701691, 45.0259031], [-110.7016817, 45.025899], [-110.7015592, 45.0258451], [-110.701273, 45.0257192], [-110.7012193, 45.0256913], [-110.7011783, 45.0256662], [-110.7011341, 45.0256347], [-110.7011026, 45.025608], [-110.7010282, 45.0255292]]}, "properties": {"highway": "secondary", "lanes": "1", "maxspeed": "25 mph", "name": "North Entrance Road", "oneway": "yes", "surface": "asphalt", "osm_id": 1109695759}}, {"type": "Feature", "geometry": {"type": "LineString", "coordinates": [[-110.4511816, 44.6365952], [-110.4510297, 44.6364217], [-110.450856, 44.6362512]]}, "properties": {"hgv": "no", "highway": "secondary", "lanes": "2", "loc_ref": "US 20;US 89 ALT", "maxspeed": "45 mph", "name": "Grand Loop Road", "nps:route_desc": "PRIMARY ROUTE", "parking:both": "separate", "source": "National Park Service", "surface": "asphalt", "osm_id": 1147345922}}, {"type": "Feature", "geometry": {"type": "LineString", "coordinates": [[-110.4548929, 44.6404757], [-110.4545691, 44.6401989], [-110.4539788, 44.639692], [-110.4531336, 44.6389002], [-110.4523904, 44.6380639], [-110.4514243, 44.6368845], [-110.4511816, 44.6365952]]}, "properties": {"hgv": "no", "highway": "secondary", "lanes": "2", "loc_ref": "US 20;US 89 ALT", "maxspeed": "45 mph", "name": "Grand Loop Road", "nps:route_desc": "PRIMARY ROUTE", "source": "National Park Service", "surface": "asphalt", "osm_id": 1147345923}}, {"type": "Feature", "geometry": {"type": "LineString", "coordinates": [[-110.2859533, 44.5271339], [-110.2855905, 44.526922], [-110.2846708, 44.5263775], [-110.2837903, 44.5258149], [-110.2830667, 44.5252605], [-110.2826246, 44.5248944], [-110.2819708, 44.5242543], [-110.2818536, 44.5241275], [-110.2817202, 44.5239854], [-110.2814289, 44.5236311]]}, "properties": {"hgv": "no", "highway": "secondary", "lanes": "2", "loc_ref": "US 14;US 16;US 20", "maxspeed": "45 mph", "name": "East Entrance Road", "nps:route_desc": "PRIMARY ROUTE", "source": "National Park Service", "surface": "asphalt", "osm_id": 1147360744}}, {"type": "Feature", "geometry": {"type": "LineString", "coordinates": [[-110.2867079, 44.5275748], [-110.2859533, 44.5271339]]}, "properties": {"hgv": "no", "highway": "secondary", "lanes": "2", "loc_ref": "US 14;US 16;US 20", "maxspeed": "45 mph", "name": "East Entrance Road", "nps:route_desc": "PRIMARY ROUTE", "parking:right": "separate", "source": "National Park Service", "surface": "asphalt", "osm_id": 1147360745}}, {"type": "Feature", "geometry": {"type": "LineString", "coordinates": [[-110.7445884, 44.7003271], [-110.7444897, 44.6999817], [-110.7443953, 44.6996103]]}, "properties": {"hgv": "no", "highway": "secondary", "lanes": "2", "loc_ref": "US 20;US 89", "maxspeed": "45 mph", "name": "Grand Loop Road", "nps:route_desc": "PRIMARY ROUTE", "parking:right": "separate", "source": "National Park Service", "surface": "asphalt", "osm_id": 1150611069}}, {"type": "Feature", "geometry": {"type": "LineString", "coordinates": [[-110.745509, 44.7038799], [-110.7449599, 44.701704], [-110.7448662, 44.7013617], [-110.7447719, 44.7010149], [-110.7446847, 44.7006681], [-110.7445884, 44.7003271]]}, "properties": {"hgv": "no", "highway": "secondary", "lanes": "2", "loc_ref": "US 20;US 89", "maxspeed": "45 mph", "name": "Grand Loop Road", "nps:route_desc": "PRIMARY ROUTE", "source": "National Park Service", "surface": "asphalt", "osm_id": 1150611070}}, {"type": "Feature", "geometry": {"type": "LineString", "coordinates": [[-110.2074516, 44.4991692], [-110.2072464, 44.4992086], [-110.2070521, 44.499261]]}, "properties": {"hgv": "no", "highway": "secondary", "lanes": "2", "loc_ref": "US 14;US 16;US 20", "maxspeed": "45 mph", "maxspeed:advisory": "30 mph", "name": "East Entrance Road", "nps:route_desc": "PRIMARY ROUTE", "source": "National Park Service", "surface": "asphalt", "osm_id": 1150613959}}, {"type": "Feature", "geometry": {"type": "LineString", "coordinates": [[-110.2090975, 44.4999166], [-110.2088177, 44.4996274], [-110.2086036, 44.4994401], [-110.2084608, 44.4993474]]}, "properties": {"hgv": "no", "highway": "secondary", "lanes": "2", "loc_ref": "US 14;US 16;US 20", "maxspeed": "45 mph", "maxspeed:advisory": "30 mph", "name": "East Entrance Road", "nps:route_desc": "PRIMARY ROUTE", "source": "National Park Service", "surface": "asphalt", "osm_id": 1150613960}}, {"type": "Feature", "geometry": {"type": "LineString", "coordinates": [[-110.7407407, 44.7830175], [-110.7408066, 44.7828148], [-110.7408423, 44.78266]]}, "properties": {"hgv": "no", "highway": "secondary", "lanes": "2", "maxspeed": "45 mph", "maxspeed:advisory": "35 mph", "name": "Grand Loop Road", "nps:route_desc": "PRIMARY ROUTE", "parking:right": "separate", "source": "National Park Service", "surface": "asphalt", "unsigned_ref": "US 89", "osm_id": 1150773819}}, {"type": "Feature", "geometry": {"type": "LineString", "coordinates": [[-110.740674, 44.7831959], [-110.7407407, 44.7830175]]}, "properties": {"hgv": "no", "highway": "secondary", "lanes": "2", "maxspeed": "45 mph", "maxspeed:advisory": "35 mph", "name": "Grand Loop Road", "nps:route_desc": "PRIMARY ROUTE", "source": "National Park Service", "surface": "asphalt", "unsigned_ref": "US 89", "osm_id": 1150773820}}, {"type": "Feature", "geometry": {"type": "LineString", "coordinates": [[-110.7403091, 44.7841381], [-110.7404889, 44.7836811], [-110.740674, 44.7831959]]}, "properties": {"hgv": "no", "highway": "secondary", "lanes": "2", "maxspeed": "45 mph", "name": "Grand Loop Road", "nps:route_desc": "PRIMARY ROUTE", "source": "National Park Service", "surface": "asphalt", "unsigned_ref": "US 89", "osm_id": 1150773822}}, {"type": "Feature", "geometry": {"type": "LineString", "coordinates": [[-110.740135, 44.784582], [-110.7403091, 44.7841381]]}, "properties": {"hgv": "no", "highway": "secondary", "lanes": "2", "maxspeed": "45 mph", "name": "Grand Loop Road", "nps:route_desc": "PRIMARY ROUTE", "parking:right": "separate", "source": "National Park Service", "surface": "asphalt", "unsigned_ref": "US 89", "osm_id": 1150773823}}, {"type": "Feature", "geometry": {"type": "LineString", "coordinates": [[-110.7265961, 44.9336492], [-110.7269003, 44.9334985], [-110.7270661, 44.9333752], [-110.7272566, 44.9332046], [-110.7274523, 44.933025], [-110.7275525, 44.9329265], [-110.7276532, 44.9328275], [-110.7278686, 44.9326365], [-110.7280709, 44.9324427], [-110.7281858, 44.9323386], [-110.7282281, 44.9322946], [-110.7282754, 44.9322507], [-110.7284277, 44.932108], [-110.7284765, 44.9320628], [-110.7286704, 44.9318704], [-110.7288539, 44.9317072], [-110.7290479, 44.9315257], [-110.7292412, 44.9313284], [-110.7294279, 44.9311448], [-110.7296543, 44.9309396], [-110.7300715, 44.930517]]}, "properties": {"bicycle": "yes", "hgv": "no", "highway": "secondary", "lanes": "2", "maxspeed": "25 mph", "name": "Grand Loop Road", "nps:route_desc": "PRIMARY ROUTE", "source": "National Park Service", "surface": "asphalt", "unsigned_ref": "US 89", "osm_id": 1151218116}}, {"type": "Feature", "geometry": {"type": "LineString", "coordinates": [[-110.7263051, 44.9338902], [-110.7263605, 44.9338254], [-110.7264342, 44.9337579], [-110.7265961, 44.9336492]]}, "properties": {"bicycle": "yes", "hgv": "no", "highway": "secondary", "lanes": "2", "maxspeed": "25 mph", "name": "Grand Loop Road", "nps:route_desc": "PRIMARY ROUTE", "parking:left": "separate", "source": "National Park Service", "surface": "asphalt", "unsigned_ref": "US 89", "osm_id": 1151218117}}, {"type": "Feature", "geometry": {"type": "LineString", "coordinates": [[-110.7459422, 44.6903818], [-110.7462905, 44.6907838]]}, "properties": {"hgv": "no", "highway": "secondary", "lanes": "2", "loc_ref": "US 20;US 89", "maxspeed": "45 mph", "name": "Grand Loop Road", "parking:left": "separate", "source": "TIGER;Bing", "surface": "asphalt", "osm_id": 1151411382}}, {"type": "Feature", "geometry": {"type": "LineString", "coordinates": [[-110.7442887, 44.6842364], [-110.7441545, 44.6845082], [-110.7440675, 44.6848871], [-110.7440591, 44.6851352], [-110.7441137, 44.6853601], [-110.7444469, 44.6865323], [-110.745293, 44.6892866], [-110.7454386, 44.6896728], [-110.745658, 44.6900528], [-110.7459422, 44.6903818]]}, "properties": {"hgv": "no", "highway": "secondary", "lanes": "2", "loc_ref": "US 20;US 89", "maxspeed": "45 mph", "name": "Grand Loop Road", "source": "TIGER;Bing", "surface": "asphalt", "osm_id": 1151411383}}, {"type": "Feature", "geometry": {"type": "LineString", "coordinates": [[-110.3933328, 44.6086225], [-110.3925207, 44.6085608], [-110.3918641, 44.6084887]]}, "properties": {"hgv": "no", "highway": "secondary", "lanes": "2", "loc_ref": "US 20;US 89 ALT", "maxspeed": "45 mph", "name": "Grand Loop Road", "nps:route_desc": "PRIMARY ROUTE", "parking:left": "separate", "source": "National Park Service", "surface": "asphalt", "osm_id": 1151411510}}, {"type": "Feature", "geometry": {"type": "LineString", "coordinates": [[-110.4300856, 44.6221365], [-110.4297579, 44.6217937], [-110.4292021, 44.6212642], [-110.428876, 44.6210285], [-110.4285189, 44.6208107], [-110.4281402, 44.6206152], [-110.4277233, 44.6204588], [-110.4265408, 44.620042], [-110.4259015, 44.6198135], [-110.4237532, 44.6190504], [-110.4229626, 44.6187647], [-110.4227178, 44.6186836], [-110.4224242, 44.6186057], [-110.4222362, 44.6185585], [-110.422045, 44.6185182], [-110.4218674, 44.618487], [-110.4208072, 44.6183677], [-110.4203896, 44.6183245], [-110.4199373, 44.6182602], [-110.4193526, 44.6181177], [-110.4190408, 44.6180306], [-110.4187354, 44.6179255], [-110.4184418, 44.6178115], [-110.4181501, 44.6176795], [-110.417861, 44.617525], [-110.4172988, 44.617189], [-110.4167228, 44.616808], [-110.416147, 44.6164089], [-110.4158511, 44.6162138], [-110.4152825, 44.6158058], [-110.4150312, 44.615575], [-110.4148021, 44.6153217], [-110.4145976, 44.6150641], [-110.414078, 44.6142422], [-110.4135713, 44.6134193], [-110.4133797, 44.6131585], [-110.413151, 44.6128972], [-110.4129092, 44.6126496], [-110.4127063, 44.6124666], [-110.4125094, 44.6123218], [-110.4123169, 44.6122035], [-110.4119404, 44.6119898], [-110.4115984, 44.6118153], [-110.4112133, 44.6116352], [-110.410883, 44.6115171], [-110.4104572, 44.611387], [-110.4083484, 44.6109965], [-110.4080773, 44.6109454], [-110.4069068, 44.6107422], [-110.4066806, 44.6106994], [-110.4055074, 44.6104761], [-110.4046289, 44.6103217], [-110.4042155, 44.6102331], [-110.4038092, 44.6101346], [-110.4034125, 44.6100223], [-110.4030061, 44.609908], [-110.4026002, 44.6097842], [-110.4022293, 44.6096921], [-110.4017548, 44.6096002], [-110.4005116, 44.6094427], [-110.4001096, 44.6093548], [-110.399863, 44.6092828], [-110.39927, 44.6090833], [-110.3988753, 44.6089839], [-110.3984955, 44.6089131], [-110.3981034, 44.6088518], [-110.397709, 44.608817], [-110.3955687, 44.6087497], [-110.3937588, 44.6086438], [-110.3933328, 44.6086225]]}, "properties": {"hgv": "no", "highway": "secondary", "lanes": "2", "loc_ref": "US 20;US 89 ALT", "maxspeed": "45 mph", "name": "Grand Loop Road", "nps:route_desc": "PRIMARY ROUTE", "source": "National Park Service", "surface": "asphalt", "osm_id": 1151411511}}, {"type": "Feature", "geometry": {"type": "LineString", "coordinates": [[-110.4339292, 44.8412733], [-110.4342689, 44.8412888], [-110.4345963, 44.8413039], [-110.4349337, 44.8413146], [-110.4352716, 44.8413028], [-110.4356026, 44.8412639], [-110.4359219, 44.8411845], [-110.4362196, 44.8410734], [-110.4364868, 44.8409262], [-110.4367131, 44.8407473], [-110.4368977, 44.8405501]]}, "properties": {"access": "yes", "hgv": "no", "highway": "secondary", "incline": "7%", "lanes": "2", "maxspeed": "35 mph", "name": "Grand Loop Road", "nps:route_desc": "PRIMARY ROUTE", "source": "National Park Service;Bing", "surface": "asphalt", "unsigned_ref": "US 89 Alt", "osm_id": 1151508822}}, {"type": "Feature", "geometry": {"type": "LineString", "coordinates": [[-110.4332498, 44.8413026], [-110.4334639, 44.8412806], [-110.4336876, 44.8412698], [-110.4339292, 44.8412733]]}, "properties": {"access": "yes", "hgv": "no", "highway": "secondary", "incline": "7%", "lanes": "2", "maxspeed": "35 mph", "name": "Grand Loop Road", "nps:route_desc": "PRIMARY ROUTE", "parking:left": "separate", "source": "National Park Service;Bing", "surface": "asphalt", "unsigned_ref": "US 89 Alt", "osm_id": 1151508823}}, {"type": "Feature", "geometry": {"type": "LineString", "coordinates": [[-110.4591208, 44.6467354], [-110.4589263, 44.6463946]]}, "properties": {"hgv": "no", "highway": "secondary", "loc_ref": "US 20;US 89 ALT", "maxspeed": "45 mph", "name": "Grand Loop Road", "nps:route_desc": "PRIMARY ROUTE", "parking:left": "separate", "source": "National Park Service", "osm_id": 1151532699}}, {"type": "Feature", "geometry": {"type": "LineString", "coordinates": [[-110.4589263, 44.6463946], [-110.4587374, 44.6460685]]}, "properties": {"hgv": "no", "highway": "secondary", "loc_ref": "US 20;US 89 ALT", "maxspeed": "45 mph", "name": "Grand Loop Road", "nps:route_desc": "PRIMARY ROUTE", "source": "National Park Service", "osm_id": 1151532700}}, {"type": "Feature", "geometry": {"type": "LineString", "coordinates": [[-110.4595139, 44.6474055], [-110.459232, 44.6469303]]}, "properties": {"hgv": "no", "highway": "secondary", "loc_ref": "US 20;US 89 ALT", "maxspeed": "45 mph", "name": "Grand Loop Road", "nps:route_desc": "PRIMARY ROUTE", "parking:right": "separate", "source": "National Park Service", "osm_id": 1151532701}}, {"type": "Feature", "geometry": {"type": "LineString", "coordinates": [[-110.459232, 44.6469303], [-110.4591208, 44.6467354]]}, "properties": {"hgv": "no", "highway": "secondary", "loc_ref": "US 20;US 89 ALT", "maxspeed": "45 mph", "name": "Grand Loop Road", "nps:route_desc": "PRIMARY ROUTE", "parking:both": "separate", "source": "National Park Service", "osm_id": 1151532702}}, {"type": "Feature", "geometry": {"type": "LineString", "coordinates": [[-110.7293247, 44.7150956], [-110.7297627, 44.7149116], [-110.730241, 44.7147192], [-110.7307201, 44.7145268], [-110.731194, 44.7143388], [-110.7316617, 44.7141509], [-110.7321224, 44.7139719], [-110.7325783, 44.7137884], [-110.7330336, 44.7136094], [-110.7334885, 44.713426], [-110.7339392, 44.7132335], [-110.7343666, 44.7130274], [-110.7347752, 44.7128033], [-110.7351637, 44.7125746], [-110.7355544, 44.7123505], [-110.7359378, 44.7121398], [-110.7363327, 44.7119337], [-110.7367526, 44.7117546], [-110.7372157, 44.7116116], [-110.737703, 44.7114957], [-110.7381982, 44.7113978], [-110.7386957, 44.7112999], [-110.7391878, 44.711184], [-110.7396517, 44.7110275], [-110.7400431, 44.7108079], [-110.74036, 44.7105385], [-110.7406666, 44.7102691], [-110.7409948, 44.7100223], [-110.7413692, 44.7098251], [-110.741783, 44.709655], [-110.7421826, 44.7094804], [-110.7425366, 44.7092651], [-110.7428314, 44.7089912], [-110.7430971, 44.7086812], [-110.7433703, 44.7083532], [-110.7436535, 44.7080163], [-110.7439363, 44.7076793], [-110.7442258, 44.7073469], [-110.7445042, 44.7070144], [-110.7447056, 44.7067951]]}, "properties": {"hgv": "no", "highway": "secondary", "lanes": "2", "loc_ref": "US 20;US 89", "maxspeed": "45 mph", "name": "Grand Loop Road", "nps:route_desc": "PRIMARY ROUTE", "source": "National Park Service;TIGER;Bing", "surface": "asphalt", "osm_id": 1153023542}}, {"type": "Feature", "geometry": {"type": "LineString", "coordinates": [[-110.7284252, 44.7154447], [-110.7288034, 44.7152964], [-110.7293247, 44.7150956]]}, "properties": {"hgv": "no", "highway": "secondary", "lanes": "2", "loc_ref": "US 20;US 89", "maxspeed": "45 mph", "name": "Grand Loop Road", "nps:route_desc": "PRIMARY ROUTE", "parking:right": "separate", "source": "National Park Service;TIGER;Bing", "surface": "asphalt", "osm_id": 1153023543}}, {"type": "Feature", "geometry": {"type": "LineString", "coordinates": [[-110.7776682, 44.6491433], [-110.7771497, 44.6491069], [-110.7767174, 44.6490868]]}, "properties": {"hgv": "no", "highway": "secondary", "lanes": "2", "loc_ref": "US 20;US 89", "maxspeed": "45 mph", "name": "Grand Loop Road", "parking:right": "separate", "source": "TIGER;GPS survey", "surface": "asphalt", "osm_id": 1153024232}}, {"type": "Feature", "geometry": {"type": "LineString", "coordinates": [[-110.3998124, 44.9057864], [-110.399646, 44.9055496], [-110.399492, 44.9053276], [-110.3993602, 44.9051742], [-110.3991241, 44.9049614], [-110.3989426, 44.9048299], [-110.3988374, 44.9047483], [-110.3986215, 44.9045762], [-110.3985119, 44.9044541], [-110.3983922, 44.9043184], [-110.3982695, 44.9041692], [-110.398146, 44.9040155], [-110.3980177, 44.9038618], [-110.3978966, 44.9037126], [-110.3977793, 44.9035725], [-110.3976712, 44.9034594], [-110.3975916, 44.9033599], [-110.3974786, 44.9031838], [-110.3973925, 44.9030168], [-110.3973109, 44.9028679], [-110.3971895, 44.9026692], [-110.3970349, 44.9024613], [-110.3969435, 44.9023849], [-110.3968613, 44.9023264]]}, "properties": {"hgv": "no", "highway": "secondary", "lanes": "2", "maxspeed": "35 mph", "name": "Grand Loop Road", "nps:route_desc": "PRIMARY ROUTE", "source": "National Park Service", "surface": "asphalt", "unsigned_ref": "US 89 Alt", "osm_id": 1153048501}}, {"type": "Feature", "geometry": {"type": "LineString", "coordinates": [[-110.4001157, 44.906228], [-110.3998124, 44.9057864]]}, "properties": {"hgv": "no", "highway": "secondary", "lanes": "2", "maxspeed": "35 mph", "name": "Grand Loop Road", "nps:route_desc": "PRIMARY ROUTE", "parking:right": "separate", "source": "National Park Service", "surface": "asphalt", "unsigned_ref": "US 89 Alt", "osm_id": 1153048502}}, {"type": "Feature", "geometry": {"type": "LineString", "coordinates": [[-110.2948106, 44.5365689], [-110.294869, 44.5364297], [-110.2949181, 44.5361106], [-110.2949177, 44.5359287], [-110.2949113, 44.5357684], [-110.2948966, 44.5354058], [-110.2949025, 44.5350553], [-110.2949919, 44.534708], [-110.2951537, 44.5344104], [-110.295413, 44.5340823]]}, "properties": {"hgv": "no", "highway": "secondary", "lanes": "2", "loc_ref": "US 14;US 16;US 20", "maxspeed": "45 mph", "maxspeed:advisory": "35 mph", "name": "East Entrance Road", "nps:route_desc": "PRIMARY ROUTE", "source": "National Park Service", "surface": "asphalt", "osm_id": 1155251641}}, {"type": "Feature", "geometry": {"type": "LineString", "coordinates": [[-110.2944635, 44.5369764], [-110.2946561, 44.5367975], [-110.2948106, 44.5365689]]}, "properties": {"hgv": "no", "highway": "secondary", "lanes": "2", "loc_ref": "US 14;US 16;US 20", "maxspeed": "45 mph", "maxspeed:advisory": "35 mph", "name": "East Entrance Road", "nps:route_desc": "PRIMARY ROUTE", "parking:right": "separate", "source": "National Park Service", "surface": "asphalt", "osm_id": 1155251642}}, {"type": "Feature", "geometry": {"type": "LineString", "coordinates": [[-110.8500625, 44.4859151], [-110.8499471, 44.4861275], [-110.8498586, 44.4863801], [-110.849762, 44.4867341], [-110.8495502, 44.488041], [-110.849459, 44.4884333], [-110.8493624, 44.4887069], [-110.8491666, 44.4890992], [-110.8488876, 44.4895239], [-110.8485953, 44.4898358], [-110.8482251, 44.4901726], [-110.8478711, 44.4904405], [-110.8428715, 44.4938634], [-110.8425254, 44.4941179], [-110.842217, 44.4943781], [-110.8418951, 44.4946976], [-110.8416859, 44.4949693], [-110.8414499, 44.4953309], [-110.8412702, 44.4956447], [-110.8411307, 44.4959929], [-110.8410395, 44.4963067], [-110.8409564, 44.4967505], [-110.8408839, 44.4972652], [-110.8407981, 44.4976631], [-110.840672, 44.4980094], [-110.8404843, 44.4983786], [-110.8402268, 44.4987326], [-110.8400149, 44.4989679], [-110.8396769, 44.4992835], [-110.8366407, 44.5016577], [-110.8362249, 44.5020173], [-110.8358628, 44.5023731], [-110.8356268, 44.5026543], [-110.8354203, 44.5029375], [-110.8345698, 44.5046011]]}, "properties": {"hgv": "no", "highway": "secondary", "lanes": "2", "maxspeed": "45 mph", "name": "Grand Loop Road", "oneway": "no", "surface": "asphalt", "unsigned_ref": "US 20 Alt;US 89;US 191;US 287", "osm_id": 1176849681}}, {"type": "Feature", "geometry": {"type": "LineString", "coordinates": [[-110.8321036, 44.5312927], [-110.8275527, 44.5328919], [-110.8269264, 44.5330965], [-110.825626, 44.5335445], [-110.8251865, 44.5336835], [-110.8247472, 44.5337938], [-110.8242827, 44.533863], [-110.8239097, 44.5338785], [-110.8234873, 44.5338707], [-110.8229683, 44.5338403], [-110.8224411, 44.5338004], [-110.8220751, 44.5337753], [-110.8217465, 44.5337865], [-110.8213241, 44.5338212], [-110.8209594, 44.5338691], [-110.8204342, 44.5339835], [-110.8198886, 44.5341613], [-110.8193634, 44.534367], [-110.8189772, 44.5345426], [-110.8186098, 44.5347437], [-110.818143, 44.5350133], [-110.8177187, 44.535333], [-110.8173546, 44.5356476], [-110.8170862, 44.5359128], [-110.8167657, 44.536279], [-110.813433, 44.540311], [-110.8096514, 44.5449371]]}, "properties": {"hgv": "no", "highway": "secondary", "lanes": "2", "maxspeed": "45 mph", "name": "Grand Loop Road", "oneway": "no", "surface": "asphalt", "unsigned_ref": "US 20 Alt;US 89;US 191;US 287", "osm_id": 1176849682}}, {"type": "Feature", "geometry": {"type": "LineString", "coordinates": [[-111.0985368, 44.6587112], [-111.09952, 44.6587162], [-111.099686, 44.6587178]]}, "properties": {"NHS": "yes", "hgv": "designated", "hgv:national_network": "yes", "highway": "primary", "lanes": "4", "maxspeed": "25 mph", "name": "Yellowstone Avenue", "ref": "US 20;US 191;US 287", "sidewalk": "both", "source:hgv:national_network": "https://hepgis-usdot.hub.arcgis.com/apps/usdot::national-network-conventional-combination-trucks-map/explore", "surface": "asphalt", "turn:lanes:forward": "left;through|right", "osm_id": 1298721070}}, {"type": "Feature", "geometry": {"type": "LineString", "coordinates": [[-111.099686, 44.6587178], [-111.099686, 44.6588414], [-111.0996864, 44.6595244]]}, "properties": {"NHS": "yes", "hgv": "designated", "hgv:national_network": "yes", "highway": "primary", "lanes": "4", "maxspeed": "25 mph", "mdt_base_route": "P-50", "name": "Canyon Street", "ref": "US 20;US 191;US 287", "sidewalk": "both", "source:hgv:national_network": "https://hepgis-usdot.hub.arcgis.com/apps/usdot::national-network-conventional-combination-trucks-map/explore", "surface": "asphalt", "turn:lanes:backward": "left|through;right", "osm_id": 1298721071}}, {"type": "Feature", "geometry": {"type": "LineString", "coordinates": [[-111.0996827, 44.6614599], [-111.0996794, 44.6621489], [-111.099679, 44.6622357]]}, "properties": {"NHS": "yes", "hgv": "designated", "hgv:national_network": "yes", "highway": "primary", "lanes": "4", "maxspeed": "25 mph", "mdt_base_route": "P-50", "name": "Canyon Street", "ref": "US 20;US 191;US 287", "sidewalk": "both", "source:hgv:national_network": "https://hepgis-usdot.hub.arcgis.com/apps/usdot::national-network-conventional-combination-trucks-map/explore", "surface": "asphalt", "turn:lanes:forward": "left;through|through;right", "osm_id": 1298721076}}, {"type": "Feature", "geometry": {"type": "LineString", "coordinates": [[-110.3879801, 44.5679863], [-110.3878708, 44.5679526], [-110.3877591, 44.5679311], [-110.387633, 44.5679082], [-110.3874265, 44.5678843]]}, "properties": {"hgv": "no", "highway": "secondary", "lanes": "3", "loc_ref": "US 14;US 16;US 20", "maxspeed": "35 mph", "name": "East Entrance Road", "nps:route_desc": "PRIMARY ROUTE", "source": "National Park Service", "surface": "asphalt", "osm_id": 1412642615}}, {"type": "Feature", "geometry": {"type": "LineString", "coordinates": [[-110.7010315, 45.0251026], [-110.7011194, 45.0250614], [-110.7014667, 45.0248927], [-110.7015847, 45.0248292], [-110.7016424, 45.0247931], [-110.7017014, 45.0247562], [-110.7017551, 45.0247197], [-110.7018221, 45.0246718], [-110.701973, 45.0245614], [-110.7020535, 45.024504], [-110.7021212, 45.0244557], [-110.7021869, 45.024405], [-110.7022553, 45.0243443], [-110.7023572, 45.0242547], [-110.7024759, 45.0241396], [-110.7028682, 45.0237656], [-110.7029077, 45.0237258], [-110.7029346, 45.0236936], [-110.7029567, 45.0236666], [-110.7029768, 45.0236343], [-110.7029902, 45.0236021], [-110.7030003, 45.0235675], [-110.7030063, 45.0235386], [-110.7030083, 45.0235092], [-110.703007, 45.0234708], [-110.7029983, 45.0234234], [-110.7029926, 45.0234011], [-110.7029802, 45.0233628], [-110.7029601, 45.0233206], [-110.7029419, 45.0232855], [-110.7029113, 45.0232352], [-110.7028762, 45.0231822], [-110.7027696, 45.0230315], [-110.7027012, 45.0229457], [-110.7026402, 45.0228831], [-110.7025966, 45.0228386], [-110.7025423, 45.022794], [-110.7024819, 45.0227485], [-110.7022955, 45.0226191], [-110.7021675, 45.0225267], [-110.7021152, 45.0224831], [-110.7020689, 45.0224433], [-110.7020253, 45.0224001], [-110.7019864, 45.0223551], [-110.7019522, 45.0223082], [-110.70192, 45.0222527], [-110.7018778, 45.0221669], [-110.7017826, 45.0219707], [-110.7017517, 45.0219124], [-110.7017229, 45.0218646], [-110.7016813, 45.0218044], [-110.7016451, 45.0217546], [-110.7015888, 45.0216882], [-110.7015177, 45.0216077], [-110.7014265, 45.0215133], [-110.701283, 45.0213674], [-110.701232, 45.0213143], [-110.7011885, 45.0212626], [-110.7011489, 45.0212114], [-110.7011154, 45.0211697], [-110.7010832, 45.0211214], [-110.7010537, 45.0210754], [-110.7010295, 45.0210365], [-110.7009973, 45.0209796], [-110.7009598, 45.0209024], [-110.7008324, 45.0206038], [-110.7007761, 45.0204777], [-110.7007231, 45.0203635], [-110.7006601, 45.0202331], [-110.7005863, 45.0200867], [-110.7003362, 45.0195904], [-110.7002845, 45.0194932], [-110.7002322, 45.0193913], [-110.7000324, 45.0189652], [-110.6999312, 45.0187287], [-110.6998199, 45.0184424], [-110.6997387, 45.0182305], [-110.6996945, 45.0181002], [-110.699616, 45.0178712], [-110.6995966, 45.0178091], [-110.6995785, 45.017739], [-110.6995671, 45.0176854], [-110.699559, 45.017629], [-110.6995536, 45.0175764], [-110.6995516, 45.017528], [-110.699553, 45.0174858], [-110.699557, 45.0174422], [-110.6995657, 45.0173963], [-110.6995778, 45.0173526], [-110.6995966, 45.0173048], [-110.6996187, 45.0172621], [-110.6996462, 45.0172176], [-110.6996784, 45.0171749], [-110.6997521, 45.0170867], [-110.6998004, 45.0170294], [-110.6998487, 45.016964], [-110.6998795, 45.0169166], [-110.6999111, 45.0168592], [-110.6999647, 45.0167303], [-110.7000202, 45.0165877], [-110.7000465, 45.0165203], [-110.7000673, 45.0164658], [-110.7000914, 45.0164122], [-110.7001102, 45.0163767], [-110.7001343, 45.0163402], [-110.7001598, 45.016306], [-110.7001866, 45.0162724], [-110.7002638, 45.0161918], [-110.7002973, 45.0161543], [-110.7003241, 45.0161169], [-110.7003402, 45.016088], [-110.7003496, 45.0160591], [-110.7003523, 45.016032], [-110.7003469, 45.0160017], [-110.7003355, 45.0159723], [-110.7003167, 45.0159377], [-110.7002939, 45.0159116], [-110.7002631, 45.0158879], [-110.7002289, 45.0158661], [-110.7001887, 45.0158505], [-110.7001384, 45.0158358], [-110.7001001, 45.0158301], [-110.7000505, 45.0158263], [-110.7000049, 45.0158263], [-110.6999017, 45.0158349], [-110.6995959, 45.015868], [-110.6995409, 45.0158737], [-110.6994779, 45.0158775], [-110.6994068, 45.0158785], [-110.6993458, 45.0158775], [-110.6992962, 45.0158728], [-110.6992465, 45.0158666], [-110.6991889, 45.0158571], [-110.6991339, 45.0158462], [-110.6990722, 45.0158292], [-110.6989964, 45.0158059], [-110.6989126, 45.015778], [-110.6988348, 45.0157462], [-110.6987798, 45.015722], [-110.6987282, 45.0156974], [-110.6986846, 45.0156732], [-110.6986404, 45.0156443], [-110.6985914, 45.0156087], [-110.6985237, 45.0155575], [-110.6984674, 45.0155182], [-110.698415, 45.0154841], [-110.6983621, 45.0154533], [-110.6983138, 45.0154267], [-110.6982748, 45.0154075], [-110.6981039, 45.0153234], [-110.6980194, 45.0152798], [-110.6979591, 45.0152433], [-110.6979222, 45.0152191], [-110.6978806, 45.0151892], [-110.6978451, 45.0151589], [-110.6978149, 45.0151295], [-110.6977814, 45.0150935], [-110.6977546, 45.0150598], [-110.6977284, 45.0150276], [-110.6977083, 45.0149916], [-110.6976929, 45.0149622], [-110.6976821, 45.0149285], [-110.6976727, 45.014892], [-110.6976681, 45.0148598], [-110.6976681, 45.0148294], [-110.6976727, 45.0147996], [-110.6976835, 45.0147607], [-110.6977009, 45.0147185], [-110.6977257, 45.0146773], [-110.6977485, 45.0146441], [-110.6977874, 45.0146043], [-110.697825, 45.0145692], [-110.6978806, 45.014528], [-110.6979644, 45.014472], [-110.6980328, 45.0144289], [-110.6981079, 45.0143895], [-110.6981938, 45.0143464], [-110.6982762, 45.0143099], [-110.698356, 45.0142791], [-110.6984258, 45.0142544], [-110.6985022, 45.0142312], [-110.6985921, 45.0142085], [-110.6988771, 45.0141483], [-110.6991044, 45.0140985], [-110.6991513, 45.0140871], [-110.6991909, 45.0140738], [-110.6992298, 45.0140558], [-110.6992626, 45.0140331], [-110.6992894, 45.0140075], [-110.6993055, 45.0139814], [-110.6993143, 45.0139511], [-110.6993216, 45.0139117], [-110.6993599, 45.0136591], [-110.6993894, 45.0135036], [-110.6994041, 45.0134258], [-110.6994215, 45.0133576], [-110.6994363, 45.0133064], [-110.6994584, 45.0132447], [-110.6995241, 45.0130859], [-110.699553, 45.0130077], [-110.6995771, 45.0129366], [-110.6996328, 45.0127712], [-110.6996515, 45.01272], [-110.6996737, 45.0126721], [-110.6996971, 45.0126299], [-110.699722, 45.0125877], [-110.6997521, 45.012546], [-110.6997924, 45.0124957], [-110.6999023, 45.0123711], [-110.7000069, 45.0122521], [-110.7000411, 45.0122094], [-110.7000673, 45.0121729], [-110.7000874, 45.0121317], [-110.7001015, 45.0120919], [-110.7001089, 45.0120445], [-110.7001122, 45.0120008], [-110.7001129, 45.0118079], [-110.7001141, 45.01178], [-110.7001149, 45.011761], [-110.7001209, 45.0117254], [-110.7001337, 45.0116861], [-110.7001498, 45.0116472], [-110.7001679, 45.011615], [-110.7001954, 45.011577], [-110.7002202, 45.0115443], [-110.7002483, 45.0115159], [-110.7002906, 45.011478], [-110.7004676, 45.0113386], [-110.7005226, 45.011294], [-110.7005635, 45.0112547], [-110.7005917, 45.0112248], [-110.7006165, 45.0111897], [-110.7006393, 45.0111456], [-110.7006507, 45.0111134], [-110.7006574, 45.0110807], [-110.7006587, 45.0110328], [-110.700652, 45.0109574], [-110.7006399, 45.0108275], [-110.7006386, 45.010792], [-110.7006426, 45.0107569], [-110.7006493, 45.0107214], [-110.7006594, 45.0106749], [-110.7006795, 45.0106], [-110.7006983, 45.010509], [-110.7007083, 45.0104374], [-110.7007137, 45.0103672], [-110.7007171, 45.010325], [-110.7007221, 45.0102729], [-110.7007285, 45.0102354], [-110.7007372, 45.0101814], [-110.7007486, 45.0101307], [-110.7007647, 45.0100804], [-110.7007875, 45.0100259], [-110.7008042, 45.0099894], [-110.7008545, 45.0099003], [-110.7010463, 45.009576], [-110.7010852, 45.0095077], [-110.7011221, 45.009448], [-110.7011703, 45.0093831], [-110.701226, 45.009321], [-110.701285, 45.0092688], [-110.7013561, 45.0092143], [-110.7014406, 45.0091607], [-110.7015284, 45.00911], [-110.7016424, 45.0090488], [-110.7018575, 45.0089376], [-110.7019645, 45.0088824], [-110.7021571, 45.0087925], [-110.7022509, 45.0087516], [-110.7023395, 45.0087052], [-110.7025112, 45.0086095], [-110.7025943, 45.0085649], [-110.7026748, 45.0085251], [-110.7027754, 45.0084834], [-110.7028599, 45.0084549], [-110.7029283, 45.0084341], [-110.703175, 45.0083743], [-110.7033065, 45.008343], [-110.7034513, 45.0082975], [-110.7036632, 45.0082264], [-110.7037262, 45.0082027], [-110.7037946, 45.0081724], [-110.703863, 45.0081316], [-110.7039274, 45.0080908], [-110.7039743, 45.0080491], [-110.704028, 45.0079837], [-110.704209, 45.0077154], [-110.7042506, 45.0076585], [-110.7043083, 45.0075911], [-110.7043525, 45.0075456], [-110.7044102, 45.007502], [-110.7044759, 45.0074603], [-110.7048246, 45.0072754], [-110.7048782, 45.0072451], [-110.7049279, 45.0072081], [-110.7049587, 45.0071692], [-110.7049748, 45.0071256], [-110.7049802, 45.0070706], [-110.7049748, 45.0070241], [-110.7049614, 45.0069796], [-110.7049386, 45.0069454], [-110.7049051, 45.0069066], [-110.7048621, 45.0068753], [-110.7048125, 45.0068487], [-110.7047642, 45.0068335], [-110.7046905, 45.0068241], [-110.7046409, 45.0068212], [-110.704547, 45.0068269], [-110.7044652, 45.0068279], [-110.7044062, 45.0068269], [-110.7043525, 45.0068203], [-110.7042908, 45.0068079], [-110.7042117, 45.006789], [-110.7041473, 45.006771], [-110.7039368, 45.0067093], [-110.7038456, 45.0066904], [-110.7037182, 45.0066695], [-110.703627, 45.0066572], [-110.7035814, 45.0066486], [-110.7035277, 45.0066287], [-110.703466, 45.0065984], [-110.7034097, 45.0065662], [-110.7033453, 45.0065235], [-110.7033011, 45.0064884], [-110.7032501, 45.0064381], [-110.7032019, 45.0063822], [-110.703167, 45.0063225], [-110.7031066, 45.0061812], [-110.7030838, 45.0061082], [-110.7030651, 45.006019], [-110.7030624, 45.0059669], [-110.7030718, 45.0059157], [-110.7030892, 45.0058607], [-110.703116, 45.0057962], [-110.7031522, 45.0057346], [-110.7031764, 45.0056995], [-110.703226, 45.0056521], [-110.7032971, 45.0056075], [-110.7033628, 45.0055705], [-110.7034124, 45.0055402], [-110.7034647, 45.0054975], [-110.7034996, 45.0054568], [-110.7035157, 45.0054207], [-110.7035237, 45.0053752], [-110.7035251, 45.0053202], [-110.7035049, 45.005178], [-110.7035009, 45.0051201], [-110.7035023, 45.005068], [-110.7035063, 45.005012], [-110.703517, 45.0049542], [-110.7035318, 45.0049011], [-110.7035572, 45.0048395], [-110.7035827, 45.0047826], [-110.7036136, 45.0047276], [-110.7036525, 45.0046716], [-110.7037946, 45.0044915], [-110.7039113, 45.0043464], [-110.7039623, 45.0042923], [-110.7040615, 45.0041918], [-110.7041084, 45.0041501], [-110.7041634, 45.0041103], [-110.7042345, 45.0040648], [-110.7045094, 45.0039055], [-110.7045577, 45.0038704], [-110.7045966, 45.0038296], [-110.7046288, 45.003785], [-110.7046476, 45.0037424], [-110.7046583, 45.0036912], [-110.7046596, 45.0036333], [-110.7045899, 45.0032976], [-110.7045765, 45.003218], [-110.7045711, 45.0031601], [-110.7045738, 45.003108], [-110.7045859, 45.0030501], [-110.7046006, 45.0030037], [-110.7046207, 45.0029686], [-110.7046462, 45.0029278], [-110.7047093, 45.0028463], [-110.7047844, 45.0027457], [-110.7048232, 45.0026907], [-110.7048648, 45.0026206], [-110.7049158, 45.0025182], [-110.7050713, 45.0021332], [-110.7050894, 45.0020799], [-110.7051076, 45.002026], [-110.7051961, 45.0017501], [-110.7052256, 45.0016647], [-110.705243, 45.0016173], [-110.7052725, 45.0015566], [-110.7053771, 45.0013689], [-110.7053986, 45.0013224], [-110.7054093, 45.0012788], [-110.705416, 45.001237], [-110.7054147, 45.0011925], [-110.7054093, 45.0011479], [-110.7053718, 45.0010313], [-110.7053624, 45.0009895], [-110.705357, 45.0009393], [-110.7053597, 45.0008833], [-110.7053691, 45.000834], [-110.7053825, 45.0007857], [-110.7054066, 45.0007307], [-110.7054415, 45.0006709], [-110.7055072, 45.0005742], [-110.7055407, 45.0005277], [-110.7055689, 45.0004756], [-110.7055917, 45.0004244], [-110.7056091, 45.0003608], [-110.7056105, 45.0003068], [-110.7055957, 45.0002489], [-110.7055716, 45.0002015], [-110.7055394, 45.000156], [-110.7054764, 45.0000915], [-110.705361, 44.9999711], [-110.7053235, 44.9999284], [-110.7052725, 44.9998658], [-110.7052256, 44.9997985], [-110.7051693, 44.9997093], [-110.7050982, 44.9995766], [-110.7050566, 44.9995064], [-110.7050299, 44.9994699], [-110.7049587, 44.9993727], [-110.7049037, 44.9992978], [-110.7048568, 44.9992266], [-110.7047481, 44.9990228], [-110.7047052, 44.9989564], [-110.7046717, 44.9989061], [-110.7045322, 44.9987459], [-110.7044907, 44.9986937], [-110.7044544, 44.9986463], [-110.7044249, 44.9986017], [-110.7043981, 44.9985609], [-110.704374, 44.9985135], [-110.7043431, 44.9984386], [-110.7043123, 44.9983476], [-110.7042171, 44.997973], [-110.7041822, 44.9978568], [-110.7041473, 44.9977501], [-110.7040789, 44.9975642], [-110.7040347, 44.9974552], [-110.7039985, 44.9973736], [-110.7039797, 44.9973319], [-110.7039475, 44.9972797], [-110.7037946, 44.9970559], [-110.7037758, 44.9970189], [-110.7037638, 44.9969848], [-110.7037557, 44.9969506], [-110.703753, 44.9969127], [-110.7037557, 44.9968681], [-110.7037718, 44.99676], [-110.7037785, 44.9966936], [-110.7037785, 44.9966405], [-110.7037745, 44.9965798], [-110.703749, 44.9963627], [-110.7037423, 44.9963124], [-110.7037423, 44.9962621], [-110.7037463, 44.9962033], [-110.7037611, 44.9961474], [-110.7037825, 44.9960819], [-110.7038349, 44.9959748], [-110.703855, 44.995916], [-110.703867, 44.9958591], [-110.7038711, 44.9957974], [-110.703867, 44.9957443], [-110.703855, 44.9956798], [-110.7038053, 44.995511], [-110.7037825, 44.995437], [-110.7037678, 44.9953773], [-110.7037249, 44.9951516], [-110.7037048, 44.9950805], [-110.703682, 44.9950141], [-110.7036565, 44.9949486], [-110.703627, 44.9948889], [-110.7035975, 44.9948358], [-110.7035318, 44.9947286], [-110.7034969, 44.9946812], [-110.7034312, 44.9945987], [-110.7033923, 44.9945465], [-110.7033708, 44.9945143], [-110.7033427, 44.9944583], [-110.7032917, 44.9943492], [-110.7032434, 44.9942411], [-110.7031951, 44.9941311], [-110.7031589, 44.9940268], [-110.7031241, 44.9939007], [-110.7030852, 44.9937736], [-110.7030396, 44.9936598], [-110.7028585, 44.9932576], [-110.7028263, 44.9931569], [-110.7028056, 44.9930596], [-110.7027506, 44.9926988], [-110.7027264, 44.9925788], [-110.702703, 44.9924996], [-110.7026835, 44.9924479], [-110.7026641, 44.9923986], [-110.7026379, 44.9923464], [-110.7026098, 44.9923019], [-110.7025715, 44.992253], [-110.7024897, 44.9921648], [-110.702414, 44.9920866], [-110.7023616, 44.9920292], [-110.7023221, 44.9919851], [-110.7022859, 44.9919391], [-110.7022483, 44.9918921], [-110.7022128, 44.9918385], [-110.7021907, 44.9917992], [-110.7021645, 44.9917513], [-110.7021424, 44.99171], [-110.7021216, 44.991664], [-110.7021021, 44.9916109], [-110.7020881, 44.9915697], [-110.702076, 44.9915184], [-110.7020713, 44.9914724], [-110.7020706, 44.991435], [-110.7020767, 44.9913781], [-110.7020874, 44.9913264], [-110.7021015, 44.9912894], [-110.7021243, 44.9912443], [-110.7021498, 44.9912031], [-110.702186, 44.9911604], [-110.7023301, 44.9910082], [-110.7023637, 44.990966], [-110.7023844, 44.9909333], [-110.7024059, 44.9908892], [-110.7024233, 44.9908432], [-110.7024381, 44.9907834], [-110.7024448, 44.9907364], [-110.7024448, 44.9906942], [-110.7024368, 44.990653], [-110.702424, 44.9906122], [-110.7024052, 44.9905752], [-110.702367, 44.9905131], [-110.7023509, 44.9904927], [-110.7023241, 44.990469], [-110.7022899, 44.9904462], [-110.7022423, 44.9904187], [-110.7021853, 44.9903917], [-110.702021, 44.9903139], [-110.7019707, 44.9902893], [-110.7019285, 44.9902636], [-110.7018835, 44.9902342], [-110.701846, 44.9902082], [-110.701797, 44.9901659], [-110.7017535, 44.9901242], [-110.7016167, 44.9899559], [-110.7014819, 44.9897899], [-110.7014457, 44.9897448], [-110.7014135, 44.9897088], [-110.7013779, 44.9896713], [-110.7013444, 44.9896395], [-110.7013062, 44.9896082], [-110.7012673, 44.9895798], [-110.7012311, 44.989557], [-110.7011801, 44.9895291], [-110.7011205, 44.9894973], [-110.7008435, 44.9893702], [-110.7007859, 44.9893413], [-110.7007496, 44.9893213], [-110.7007081, 44.9892957], [-110.7006658, 44.9892673], [-110.7006363, 44.989245], [-110.7006128, 44.9892198], [-110.7005921, 44.9891933], [-110.7005786, 44.9891672], [-110.7005679, 44.9891388], [-110.7005626, 44.9891022], [-110.7005626, 44.9890572], [-110.7005679, 44.9890007], [-110.7006249, 44.9885625], [-110.700637, 44.9884611], [-110.7006444, 44.9883695], [-110.7006524, 44.988241], [-110.7006719, 44.9879498], [-110.7007074, 44.9873399], [-110.7007081, 44.9873048], [-110.700704, 44.9872731], [-110.7006973, 44.9872432], [-110.7006819, 44.9872147], [-110.7006625, 44.9871891], [-110.700633, 44.9871616], [-110.7006041, 44.9871403], [-110.7005619, 44.9871151], [-110.700468, 44.9870677], [-110.7003949, 44.9870317], [-110.7003513, 44.9870084], [-110.7003111, 44.9869838], [-110.7002689, 44.9869534], [-110.7002266, 44.9869174], [-110.7001904, 44.9868794], [-110.7001622, 44.9868467], [-110.7001374, 44.9868092], [-110.7001166, 44.9867703], [-110.7001012, 44.9867357], [-110.7000932, 44.986702], [-110.7000871, 44.9866537], [-110.7000851, 44.9866119], [-110.7000891, 44.9865697], [-110.7000985, 44.9865275], [-110.7001119, 44.9864867], [-110.7001354, 44.9864388], [-110.7001575, 44.9864052], [-110.7001938, 44.9863653], [-110.7002293, 44.9863326], [-110.7003473, 44.9862368], [-110.7004023, 44.9861903], [-110.7004419, 44.9861547], [-110.7004794, 44.9861159], [-110.7005029, 44.9860827], [-110.7005203, 44.9860495], [-110.7005337, 44.9860134], [-110.7005465, 44.9859679], [-110.7005921, 44.9857711], [-110.700641, 44.9855557], [-110.7006571, 44.9854974], [-110.7006993, 44.9853646], [-110.7007121, 44.9853101], [-110.7007235, 44.9852584], [-110.7007309, 44.98521], [-110.7007349, 44.9851626], [-110.7007322, 44.985118], [-110.7007248, 44.9850677], [-110.7007134, 44.9850165], [-110.7006967, 44.9849662], [-110.7005968, 44.9847139], [-110.7005666, 44.9846456], [-110.7005357, 44.9845877], [-110.7005029, 44.9845365], [-110.70047, 44.9844919], [-110.7004311, 44.9844466], [-110.7003976, 44.9844139], [-110.7003621, 44.9843821], [-110.7003098, 44.9843418], [-110.7002628, 44.9843091], [-110.700181, 44.9842541], [-110.7000482, 44.9841744], [-110.699957, 44.9841222], [-110.6998927, 44.9840833], [-110.6998283, 44.9840435], [-110.6997545, 44.9839913], [-110.6996955, 44.983942], [-110.6996204, 44.9838652], [-110.6994336, 44.9836542], [-110.6993924, 44.9835986], [-110.6993348, 44.9835218], [-110.6993081, 44.9834764], [-110.6992919, 44.9834488], [-110.6992637, 44.9833975], [-110.6992476, 44.9833454], [-110.6992355, 44.9832913], [-110.6992302, 44.9832344], [-110.6992261, 44.983185], [-110.6992288, 44.9831158], [-110.6992422, 44.9830124], [-110.69943, 44.9823064], [-110.6994669, 44.9821731], [-110.6994924, 44.9820906], [-110.6995286, 44.9819972], [-110.6995701, 44.9819071], [-110.6997498, 44.9815627], [-110.6997736, 44.9815128], [-110.6997859, 44.9814743], [-110.6997942, 44.9814325], [-110.6997938, 44.9813948], [-110.6997867, 44.9813503], [-110.6997725, 44.9813118], [-110.6997522, 44.9812782], [-110.6997247, 44.9812431], [-110.6996845, 44.9812043], [-110.6996476, 44.9811801], [-110.6995866, 44.9811454], [-110.6995188, 44.9811141], [-110.6994645, 44.9810961], [-110.6994183, 44.9810838], [-110.6993619, 44.9810786], [-110.6992989, 44.981079], [-110.6992372, 44.9810862], [-110.6991755, 44.9811009], [-110.6991259, 44.9811179], [-110.6990669, 44.9811469], [-110.6989992, 44.9811881], [-110.6988791, 44.981283], [-110.6985492, 44.9815723], [-110.6984305, 44.9816714], [-110.6983722, 44.981708], [-110.6983306, 44.9817312], [-110.6982823, 44.9817502], [-110.6982334, 44.9817639], [-110.698173, 44.9817753], [-110.6981187, 44.9817786], [-110.6980738, 44.9817786], [-110.6980202, 44.9817748], [-110.6979598, 44.981763], [-110.6979082, 44.9817497], [-110.6978632, 44.9817336], [-110.697821, 44.9817122], [-110.6977794, 44.9816847], [-110.6977432, 44.9816544], [-110.6977151, 44.9816122], [-110.697701, 44.9815818], [-110.6976949, 44.9815401], [-110.697697, 44.9815002], [-110.6977016, 44.9814632], [-110.6977144, 44.9814258], [-110.6977298, 44.9813888], [-110.6977607, 44.9813428], [-110.6978009, 44.9812925], [-110.6980946, 44.9809671], [-110.6981576, 44.9808936], [-110.6982072, 44.9808367], [-110.6982522, 44.980776], [-110.6982937, 44.9807124], [-110.6983232, 44.9806645], [-110.6983574, 44.9806047], [-110.6983883, 44.9805497], [-110.6984205, 44.9804805], [-110.6984507, 44.9804031], [-110.6984788, 44.9803258], [-110.6984942, 44.9802722], [-110.6985164, 44.9801925], [-110.6985331, 44.9801242], [-110.6985439, 44.9800607], [-110.6985506, 44.979999], [-110.6985546, 44.9799184], [-110.6985559, 44.9797965], [-110.6985519, 44.9797159], [-110.6985459, 44.979648], [-110.6985358, 44.9795811], [-110.698519, 44.9795062], [-110.6985003, 44.9794341], [-110.6984788, 44.9793663], [-110.6984486, 44.9792837], [-110.6984064, 44.9791841], [-110.6982522, 44.9788635], [-110.6982106, 44.9787843], [-110.698165, 44.9787098], [-110.6981221, 44.9786477], [-110.6980469, 44.9785555], [-110.697966, 44.9784666], [-110.6978798, 44.9783659], [-110.6977912, 44.9782921]]}, "properties": {"alt_name": "Old Gardiner Road", "caravans": "no", "hgv": "no", "highway": "secondary", "lanes": "2", "maxspeed": "25 mph", "name": "Temporary North Entrance Road", "oneway": "no", "oneway:bicycle": "no", "source": "https://www.nps.gov/yell/learn/news/220613.htm", "surface": "asphalt", "toll": "yes", "trailer": "no", "osm_id": 1457209828}}, {"type": "Feature", "geometry": {"type": "LineString", "coordinates": [[-111.0904001, 44.6569187], [-111.0902206, 44.6567881], [-111.0899733, 44.6567224]]}, "properties": {"covered": "no", "hgv": "no", "highway": "secondary", "lanes": "1", "loc_ref": "US 20;US 191;US 287", "maxspeed": "25 mph", "name": "West Entrance Road", "oneway": "yes", "surface": "asphalt", "toll": "yes", "osm_id": 1466079509}}, {"type": "Feature", "geometry": {"type": "LineString", "coordinates": [[-111.0897908, 44.656892], [-111.0894954, 44.6568485], [-111.0894468, 44.6568281], [-111.0893442, 44.6567518]]}, "properties": {"covered": "no", "hgv": "no", "highway": "secondary", "lanes": "1", "loc_ref": "US 20;US 191;US 287", "maxspeed": "25 mph", "name": "West Entrance Road", "oneway": "yes", "surface": "asphalt", "toll": "yes", "osm_id": 1466079510}}, {"type": "Feature", "geometry": {"type": "LineString", "coordinates": [[-111.0898274, 44.6567713], [-111.089523, 44.6567333], [-111.0893442, 44.6567518]]}, "properties": {"covered": "no", "hgv": "no", "highway": "secondary", "lanes": "1", "loc_ref": "US 20;US 191;US 287", "maxspeed": "25 mph", "name": "West Entrance Road", "oneway": "yes", "surface": "asphalt", "toll": "yes", "osm_id": 1466079511}}, {"type": "Feature", "geometry": {"type": "LineString", "coordinates": [[-111.0898083, 44.6568342], [-111.0895137, 44.6567918], [-111.0893442, 44.6567518]]}, "properties": {"covered": "no", "hgv": "no", "highway": "secondary", "lanes": "1", "loc_ref": "US 20;US 191;US 287", "maxspeed": "25 mph", "name": "West Entrance Road", "oneway": "yes", "surface": "asphalt", "toll": "yes", "osm_id": 1466079512}}, {"type": "Feature", "geometry": {"type": "LineString", "coordinates": [[-111.0904001, 44.6569187], [-111.090174, 44.6568931], [-111.0899338, 44.6568527]]}, "properties": {"covered": "no", "hgv": "no", "highway": "secondary", "lanes": "1", "loc_ref": "US 20;US 191;US 287", "maxspeed": "25 mph", "name": "West Entrance Road", "oneway": "yes", "surface": "asphalt", "toll": "yes", "osm_id": 1466079513}}, {"type": "Feature", "geometry": {"type": "LineString", "coordinates": [[-111.0904001, 44.6569187], [-111.0901957, 44.6568345], [-111.0899524, 44.6567912]]}, "properties": {"covered": "no", "hgv": "no", "highway": "secondary", "lanes": "1", "loc_ref": "US 20;US 191;US 287", "maxspeed": "25 mph", "name": "West Entrance Road", "oneway": "yes", "surface": "asphalt", "toll": "yes", "osm_id": 1466079514}}, {"type": "Feature", "geometry": {"type": "LineString", "coordinates": [[-111.0899524, 44.6567912], [-111.0898902, 44.6567813], [-111.089869, 44.6567779], [-111.0898468, 44.6567744], [-111.0898274, 44.6567713]]}, "properties": {"covered": "yes", "hgv": "no", "highway": "secondary", "lanes": "1", "lit": "yes", "loc_ref": "US 20;US 191;US 287", "maxheight": "default", "maxspeed": "25 mph", "name": "West Entrance Road", "oneway": "yes", "sidewalk": "no", "surface": "asphalt", "toll": "yes", "osm_id": 1466079515}}, {"type": "Feature", "geometry": {"type": "LineString", "coordinates": [[-111.0904001, 44.6569187], [-111.0901816, 44.656956], [-111.0899161, 44.656911]]}, "properties": {"covered": "no", "hgv": "no", "highway": "secondary", "lanes": "1", "loc_ref": "US 20;US 191;US 287", "maxspeed": "25 mph", "name": "West Entrance Road", "oneway": "yes", "surface": "asphalt", "toll": "yes", "osm_id": 1466079516}}, {"type": "Feature", "geometry": {"type": "LineString", "coordinates": [[-111.0899161, 44.656911], [-111.0898521, 44.6569013], [-111.0898317, 44.6568982], [-111.0898111, 44.6568951], [-111.0897908, 44.656892]]}, "properties": {"covered": "yes", "hgv": "no", "highway": "secondary", "lanes": "1", "lit": "yes", "loc_ref": "US 20;US 191;US 287", "maxheight": "default", "maxspeed": "25 mph", "name": "West Entrance Road", "oneway": "yes", "surface": "asphalt", "toll": "yes", "osm_id": 1466079517}}, {"type": "Feature", "geometry": {"type": "LineString", "coordinates": [[-111.0898477, 44.6567044], [-111.0897555, 44.6566931], [-111.0897403, 44.6566912], [-111.0895085, 44.6566824], [-111.0893442, 44.6567518]]}, "properties": {"covered": "no", "hgv": "no", "highway": "secondary", "lanes": "1", "loc_ref": "US 20;US 191;US 287", "maxspeed": "25 mph", "name": "West Entrance Road", "oneway": "yes", "surface": "asphalt", "toll": "yes", "osm_id": 1466079518}}, {"type": "Feature", "geometry": {"type": "LineString", "coordinates": [[-111.0899733, 44.6567224], [-111.0899117, 44.6567135], [-111.0898899, 44.6567104], [-111.0898667, 44.6567071], [-111.0898477, 44.6567044]]}, "properties": {"covered": "yes", "hgv": "no", "highway": "secondary", "lanes": "1", "lit": "yes", "loc_ref": "US 20;US 191;US 287", "maxheight": "default", "maxspeed": "25 mph", "name": "West Entrance Road", "oneway": "yes", "surface": "asphalt", "toll": "yes", "osm_id": 1466079519}}, {"type": "Feature", "geometry": {"type": "LineString", "coordinates": [[-109.9176569, 44.4858895], [-109.9168507, 44.4857306], [-109.916218, 44.4855809], [-109.9155457, 44.4853651], [-109.9149914, 44.4851374], [-109.9145154, 44.4848782], [-109.914059, 44.4846026], [-109.913512, 44.4841493], [-109.9132338, 44.4838994]]}, "properties": {"NHS": "yes", "hgv": "designated", "hgv:national_network": "yes", "highway": "primary", "lanes": "2", "maxspeed": "50 mph", "name": "North Fork Highway", "ref": "US 14;US 16;US 20", "source": "GPS survey", "source:hgv:national_network": "https://hepgis-usdot.hub.arcgis.com/apps/usdot::national-network-conventional-combination-trucks-map/explore", "wydot_ml_number": "31", "osm_id": 1485160465}}, {"type": "Feature", "geometry": {"type": "LineString", "coordinates": [[-109.9033435, 44.4787412], [-109.90239, 44.4786742], [-109.9019352, 44.478641], [-109.9017153, 44.4786238], [-109.9014256, 44.4785951], [-109.9010487, 44.4785433], [-109.9007577, 44.4784802], [-109.9005046, 44.4784065], [-109.9002427, 44.4783118], [-109.8999829, 44.4782003], [-109.8997465, 44.4780994], [-109.8994729, 44.4779501], [-109.8992235, 44.477797], [-109.898999, 44.477597], [-109.8988185, 44.477441], [-109.8985851, 44.4771961], [-109.898385, 44.476905], [-109.8982847, 44.4766985], [-109.898164, 44.4764114], [-109.898105, 44.4761396], [-109.8980675, 44.4758143], [-109.8980567, 44.475353], [-109.8980675, 44.4748573], [-109.8981131, 44.4745262], [-109.8981747, 44.4742965], [-109.8982847, 44.4739922], [-109.8984483, 44.4736171], [-109.8986254, 44.4731769], [-109.898735, 44.4728394]]}, "properties": {"NHS": "yes", "hgv": "designated", "hgv:national_network": "yes", "highway": "primary", "lanes": "2", "maxspeed": "50 mph", "name": "North Fork Highway", "ref": "US 14;US 16;US 20", "source": "GPS survey", "source:hgv:national_network": "https://hepgis-usdot.hub.arcgis.com/apps/usdot::national-network-conventional-combination-trucks-map/explore", "wydot_ml_number": "31", "osm_id": 1485160466}}]}